USE PHARMINFORMATION;

-- COMPANY TABLE
INSERT INTO COMPANY (COMPANY_ID, NAME, LICENSE_NUM)
VALUES ('88873', 'CVS Corporation',  '1587433369'),
	   ('60721', 'Rite Aid Company', '1073161167'),
       ('22289', 'Publix Pharmacies', '5912841785'),
       ('12761', 'Kaiser Permanente (HMO)', '3264268521'),
       ('23023', 'Walgreens', '330089633'),
	   ('83234', 'Walmart Stores Inc.', '8443981967'),
       ('13241', 'Costco Pharmacies', '497692840');

-- EMPLOYEE TABLE
INSERT INTO EMPLOYEE (SSN, EMP_ID, FNAME, MNAME, LNAME, SEX, BIRTH_DATE, PAY_RATE, PHONE_NUM, COMPANY_ID) VALUES ('131453028', 70000, 'Isabelle', 'Winter', 'Santiago', 'F', '1941-02-18', 36.68, '3865974073', '13241');
INSERT INTO EMPLOYEE (SSN, EMP_ID, FNAME, MNAME, LNAME, SEX, BIRTH_DATE, PAY_RATE, PHONE_NUM, COMPANY_ID) VALUES ('176465799', 70001, 'Mauricio', 'Terry', 'Richards', 'F', '1942-03-05', 25.07, '4153565920', '83234');
INSERT INTO EMPLOYEE (SSN, EMP_ID, FNAME, MNAME, LNAME, SEX, BIRTH_DATE, PAY_RATE, PHONE_NUM, COMPANY_ID) VALUES ('129017120', 70002, 'Kylee', 'Makenna', 'Levine', 'F', '1987-07-19', 17.91, '5184465765', '88873');
INSERT INTO EMPLOYEE (SSN, EMP_ID, FNAME, MNAME, LNAME, SEX, BIRTH_DATE, PAY_RATE, PHONE_NUM, COMPANY_ID) VALUES ('100299058', 70003, 'Uriel', 'Brynn', 'Ryan', 'F', '1947-10-16', 34.43, '9519224292', '88873');
INSERT INTO EMPLOYEE (SSN, EMP_ID, FNAME, MNAME, LNAME, SEX, BIRTH_DATE, PAY_RATE, PHONE_NUM, COMPANY_ID) VALUES ('116512939', 70004, 'Jeffery', 'Rory', 'Orr', 'M', '1947-08-21', 30.42, '7758563141', '60721');
INSERT INTO EMPLOYEE (SSN, EMP_ID, FNAME, MNAME, LNAME, SEX, BIRTH_DATE, PAY_RATE, PHONE_NUM, COMPANY_ID) VALUES ('160165190', 70005, 'Hattie', 'Aubrie', 'Mcfadden', 'M', '1945-09-22', 26.75, '5108355957', '88873');
INSERT INTO EMPLOYEE (SSN, EMP_ID, FNAME, MNAME, LNAME, SEX, BIRTH_DATE, PAY_RATE, PHONE_NUM, COMPANY_ID) VALUES ('185787508', 70006, 'Ishaan', 'Parker', 'Lindsey', 'M', '1962-04-09', 29.90, '5133711022', '23023');
INSERT INTO EMPLOYEE (SSN, EMP_ID, FNAME, MNAME, LNAME, SEX, BIRTH_DATE, PAY_RATE, PHONE_NUM, COMPANY_ID) VALUES ('127388944', 70007, 'Cullen', 'Joan', 'Daniel', 'F', '1999-05-28', 14.75, '3234660222', '12761');
INSERT INTO EMPLOYEE (SSN, EMP_ID, FNAME, MNAME, LNAME, SEX, BIRTH_DATE, PAY_RATE, PHONE_NUM, COMPANY_ID) VALUES ('132758455', 70008, 'Lorelei', 'Leigh', 'Clark', 'M', '1990-07-26', 44.92, '3143630674', '12761');
INSERT INTO EMPLOYEE (SSN, EMP_ID, FNAME, MNAME, LNAME, SEX, BIRTH_DATE, PAY_RATE, PHONE_NUM, COMPANY_ID) VALUES ('166262839', 70009, 'Conrad', 'Jaycee', 'Bailey', 'F', '1990-09-12', 29.37, '7245687750', '60721');
INSERT INTO EMPLOYEE (SSN, EMP_ID, FNAME, MNAME, LNAME, SEX, BIRTH_DATE, PAY_RATE, PHONE_NUM, COMPANY_ID) VALUES ('134272481', 70010, 'Braeden', 'Gentry', 'Evans', 'F', '1964-05-07', 48.95, '6144937937', '12761');
INSERT INTO EMPLOYEE (SSN, EMP_ID, FNAME, MNAME, LNAME, SEX, BIRTH_DATE, PAY_RATE, PHONE_NUM, COMPANY_ID) VALUES ('127882457', 70011, 'Kira', 'Kelsey', 'Kirkland', 'F', '1957-05-24', 34.13, '8165991930', '12761');
INSERT INTO EMPLOYEE (SSN, EMP_ID, FNAME, MNAME, LNAME, SEX, BIRTH_DATE, PAY_RATE, PHONE_NUM, COMPANY_ID) VALUES ('137778758', 70012, 'Liliana', 'Joan', 'Joseph', 'F', '1975-05-05', 29.95, '7041029180', '12761');
INSERT INTO EMPLOYEE (SSN, EMP_ID, FNAME, MNAME, LNAME, SEX, BIRTH_DATE, PAY_RATE, PHONE_NUM, COMPANY_ID) VALUES ('103137738', 70013, 'Makenna', 'Reagen', 'Garcia', 'M', '1999-11-25', 48.37, '5105016641', '23023');
INSERT INTO EMPLOYEE (SSN, EMP_ID, FNAME, MNAME, LNAME, SEX, BIRTH_DATE, PAY_RATE, PHONE_NUM, COMPANY_ID) VALUES ('178034688', 70014, 'Brody', 'Shay', 'Holmes', 'F', '1934-04-08', 11.10, '7193462501', '22289');
INSERT INTO EMPLOYEE (SSN, EMP_ID, FNAME, MNAME, LNAME, SEX, BIRTH_DATE, PAY_RATE, PHONE_NUM, COMPANY_ID) VALUES ('129252203', 70015, 'Khloe', 'Aubra', 'West', 'M', '1987-02-07', 24.15, '2517109444', '60721');
INSERT INTO EMPLOYEE (SSN, EMP_ID, FNAME, MNAME, LNAME, SEX, BIRTH_DATE, PAY_RATE, PHONE_NUM, COMPANY_ID) VALUES ('143662753', 70016, 'Myles', 'Nalah', 'Lloyd', 'F', '1989-03-08', 43.74, '7323151832', '12761');
INSERT INTO EMPLOYEE (SSN, EMP_ID, FNAME, MNAME, LNAME, SEX, BIRTH_DATE, PAY_RATE, PHONE_NUM, COMPANY_ID) VALUES ('187204618', 70017, 'Nahla', 'Janika', 'Bonner', 'F', '1978-08-04', 47.01, '8052302284', '83234');
INSERT INTO EMPLOYEE (SSN, EMP_ID, FNAME, MNAME, LNAME, SEX, BIRTH_DATE, PAY_RATE, PHONE_NUM, COMPANY_ID) VALUES ('167665713', 70018, 'Christopher', 'Mackenzie', 'Dunn', 'F', '1969-05-01', 23.19, '5677163129', '13241');
INSERT INTO EMPLOYEE (SSN, EMP_ID, FNAME, MNAME, LNAME, SEX, BIRTH_DATE, PAY_RATE, PHONE_NUM, COMPANY_ID) VALUES ('126676987', 70019, 'Jaxson', 'Lucious', 'Blake', 'F', '1998-10-10', 43.53, '4699745283', '13241');
INSERT INTO EMPLOYEE (SSN, EMP_ID, FNAME, MNAME, LNAME, SEX, BIRTH_DATE, PAY_RATE, PHONE_NUM, COMPANY_ID) VALUES ('157158392', 70020, 'Bryant', 'Jaycee', 'Kemp', 'M', '1983-01-05', 16.80, '5185217864', '23023');
INSERT INTO EMPLOYEE (SSN, EMP_ID, FNAME, MNAME, LNAME, SEX, BIRTH_DATE, PAY_RATE, PHONE_NUM, COMPANY_ID) VALUES ('120758464', 70021, 'Laylah', 'Marley', 'Neal', 'F', '1937-12-18', 37.13, '7328969148', '22289');
INSERT INTO EMPLOYEE (SSN, EMP_ID, FNAME, MNAME, LNAME, SEX, BIRTH_DATE, PAY_RATE, PHONE_NUM, COMPANY_ID) VALUES ('170942768', 70022, 'Isla', 'Aydan', 'Craig', 'F', '1938-11-15', 17.45, '5401007711', '83234');
INSERT INTO EMPLOYEE (SSN, EMP_ID, FNAME, MNAME, LNAME, SEX, BIRTH_DATE, PAY_RATE, PHONE_NUM, COMPANY_ID) VALUES ('184791502', 70023, 'Franco', 'Jamea', 'Pennington', 'F', '1974-02-21', 33.46, '4176090245', '60721');
INSERT INTO EMPLOYEE (SSN, EMP_ID, FNAME, MNAME, LNAME, SEX, BIRTH_DATE, PAY_RATE, PHONE_NUM, COMPANY_ID) VALUES ('141527863', 70024, 'Nikolas', 'Ellisha', 'Potter', 'F', '1989-06-01', 37.24, '8786367803', '88873');
INSERT INTO EMPLOYEE (SSN, EMP_ID, FNAME, MNAME, LNAME, SEX, BIRTH_DATE, PAY_RATE, PHONE_NUM, COMPANY_ID) VALUES ('135117771', 70025, 'Abby', 'Kinsey', 'Cross', 'F', '1983-02-18', 48.87, '6789241278', '88873');
INSERT INTO EMPLOYEE (SSN, EMP_ID, FNAME, MNAME, LNAME, SEX, BIRTH_DATE, PAY_RATE, PHONE_NUM, COMPANY_ID) VALUES ('105658551', 70026, 'Laylah', 'Shae', 'Boyd', 'M', '1949-03-26', 13.32, '7743460268', '23023');
INSERT INTO EMPLOYEE (SSN, EMP_ID, FNAME, MNAME, LNAME, SEX, BIRTH_DATE, PAY_RATE, PHONE_NUM, COMPANY_ID) VALUES ('164180428', 70027, 'Tristen', 'Marion', 'Bird', 'M', '1996-09-29', 49.66, '9137812932', '22289');
INSERT INTO EMPLOYEE (SSN, EMP_ID, FNAME, MNAME, LNAME, SEX, BIRTH_DATE, PAY_RATE, PHONE_NUM, COMPANY_ID) VALUES ('112867238', 70028, 'Matthias', 'Teagan', 'Levy', 'M', '1999-08-09', 48.09, '6714690535', '88873');
INSERT INTO EMPLOYEE (SSN, EMP_ID, FNAME, MNAME, LNAME, SEX, BIRTH_DATE, PAY_RATE, PHONE_NUM, COMPANY_ID) VALUES ('107909062', 70029, 'Dayana', 'Devan', 'Robertson', 'F', '1977-11-25', 11.32, '8562021162', '12761');
INSERT INTO EMPLOYEE (SSN, EMP_ID, FNAME, MNAME, LNAME, SEX, BIRTH_DATE, PAY_RATE, PHONE_NUM, COMPANY_ID) VALUES ('113384169', 70030, 'Hana', 'Braiden', 'Medina', 'F', '1991-12-15', 30.88, '7242817423', '13241');
INSERT INTO EMPLOYEE (SSN, EMP_ID, FNAME, MNAME, LNAME, SEX, BIRTH_DATE, PAY_RATE, PHONE_NUM, COMPANY_ID) VALUES ('147058531', 70031, 'Gael', 'Meridian', 'Newton', 'M', '1949-09-18', 17.72, '3235225827', '22289');
INSERT INTO EMPLOYEE (SSN, EMP_ID, FNAME, MNAME, LNAME, SEX, BIRTH_DATE, PAY_RATE, PHONE_NUM, COMPANY_ID) VALUES ('180814777', 70032, 'Katie', 'Reese', 'Moses', 'F', '1959-12-23', 48.40, '3141145457', '83234');
INSERT INTO EMPLOYEE (SSN, EMP_ID, FNAME, MNAME, LNAME, SEX, BIRTH_DATE, PAY_RATE, PHONE_NUM, COMPANY_ID) VALUES ('153305840', 70033, 'Jaylah', 'Nicol', 'Cruz', 'F', '1948-05-18', 21.30, '2176495846', '88873');
INSERT INTO EMPLOYEE (SSN, EMP_ID, FNAME, MNAME, LNAME, SEX, BIRTH_DATE, PAY_RATE, PHONE_NUM, COMPANY_ID) VALUES ('159942737', 70034, 'Kassidy', 'Arely', 'Wiley', 'F', '1972-01-01', 12.94, '3059516336', '12761');
INSERT INTO EMPLOYEE (SSN, EMP_ID, FNAME, MNAME, LNAME, SEX, BIRTH_DATE, PAY_RATE, PHONE_NUM, COMPANY_ID) VALUES ('131105448', 70035, 'Fisher', 'Laurie', 'Horton', 'F', '1945-08-03', 30.53, '7318121950', '83234');
INSERT INTO EMPLOYEE (SSN, EMP_ID, FNAME, MNAME, LNAME, SEX, BIRTH_DATE, PAY_RATE, PHONE_NUM, COMPANY_ID) VALUES ('125442596', 70036, 'Ciara', 'Talyn', 'Yang', 'M', '1954-04-24', 43.72, '8048608993', '60721');
INSERT INTO EMPLOYEE (SSN, EMP_ID, FNAME, MNAME, LNAME, SEX, BIRTH_DATE, PAY_RATE, PHONE_NUM, COMPANY_ID) VALUES ('174464933', 70037, 'Alfredo', 'Gracen', 'Macdonald', 'F', '1960-04-17', 36.47, '5204684898', '22289');
INSERT INTO EMPLOYEE (SSN, EMP_ID, FNAME, MNAME, LNAME, SEX, BIRTH_DATE, PAY_RATE, PHONE_NUM, COMPANY_ID) VALUES ('116423395', 70038, 'Harley', 'Ronny', 'Griffith', 'F', '1990-10-11', 38.90, '8722654559', '23023');
INSERT INTO EMPLOYEE (SSN, EMP_ID, FNAME, MNAME, LNAME, SEX, BIRTH_DATE, PAY_RATE, PHONE_NUM, COMPANY_ID) VALUES ('125776999', 70039, 'Emilio', 'Terry', 'Stanton', 'M', '1945-07-28', 42.59, '3305722139', '88873');
INSERT INTO EMPLOYEE (SSN, EMP_ID, FNAME, MNAME, LNAME, SEX, BIRTH_DATE, PAY_RATE, PHONE_NUM, COMPANY_ID) VALUES ('179358637', 70040, 'Kaylyn', 'Madison', 'Camacho', 'M', '1985-02-21', 20.25, '2547181584', '88873');
INSERT INTO EMPLOYEE (SSN, EMP_ID, FNAME, MNAME, LNAME, SEX, BIRTH_DATE, PAY_RATE, PHONE_NUM, COMPANY_ID) VALUES ('105853787', 70041, 'Jocelyn', 'Jordan', 'Bailey', 'M', '1956-02-09', 32.24, '3397494039', '13241');
INSERT INTO EMPLOYEE (SSN, EMP_ID, FNAME, MNAME, LNAME, SEX, BIRTH_DATE, PAY_RATE, PHONE_NUM, COMPANY_ID) VALUES ('183268239', 70042, 'Iker', 'Brooke', 'Davenport', 'M', '1963-08-18', 13.77, '4132833312', '23023');
INSERT INTO EMPLOYEE (SSN, EMP_ID, FNAME, MNAME, LNAME, SEX, BIRTH_DATE, PAY_RATE, PHONE_NUM, COMPANY_ID) VALUES ('149527595', 70043, 'Savanna', 'Shannon', 'Fitzpatrick', 'F', '1938-05-26', 35.67, '2019508558', '13241');
INSERT INTO EMPLOYEE (SSN, EMP_ID, FNAME, MNAME, LNAME, SEX, BIRTH_DATE, PAY_RATE, PHONE_NUM, COMPANY_ID) VALUES ('116922554', 70044, 'Camilo', 'Sloane', 'Arnold', 'M', '1993-01-07', 38.40, '9386888736', '23023');
INSERT INTO EMPLOYEE (SSN, EMP_ID, FNAME, MNAME, LNAME, SEX, BIRTH_DATE, PAY_RATE, PHONE_NUM, COMPANY_ID) VALUES ('133253908', 70045, 'Quinn', 'Dakota', 'Wiley', 'M', '1986-04-15', 27.84, '9413296410', '22289');
INSERT INTO EMPLOYEE (SSN, EMP_ID, FNAME, MNAME, LNAME, SEX, BIRTH_DATE, PAY_RATE, PHONE_NUM, COMPANY_ID) VALUES ('163265891', 70046, 'Warren', 'Erin', 'Foster', 'M', '1937-03-02', 49.40, '6183952174', '88873');
INSERT INTO EMPLOYEE (SSN, EMP_ID, FNAME, MNAME, LNAME, SEX, BIRTH_DATE, PAY_RATE, PHONE_NUM, COMPANY_ID) VALUES ('127073753', 70047, 'Abraham', 'Talyn', 'Coffey', 'M', '2000-09-08', 13.87, '7125277710', '23023');
INSERT INTO EMPLOYEE (SSN, EMP_ID, FNAME, MNAME, LNAME, SEX, BIRTH_DATE, PAY_RATE, PHONE_NUM, COMPANY_ID) VALUES ('156237035', 70048, 'Madelynn', 'Abbey', 'Levine', 'M', '1994-04-16', 37.63, '7151991267', '12761');
INSERT INTO EMPLOYEE (SSN, EMP_ID, FNAME, MNAME, LNAME, SEX, BIRTH_DATE, PAY_RATE, PHONE_NUM, COMPANY_ID) VALUES ('106474075', 70049, 'Keaton', 'Jalen', 'Nolan', 'F', '1979-01-18', 38.08, '6062395102', '12761');
INSERT INTO EMPLOYEE (SSN, EMP_ID, FNAME, MNAME, LNAME, SEX, BIRTH_DATE, PAY_RATE, PHONE_NUM, COMPANY_ID) VALUES ('179305497', 70050, 'Pedro', 'Aubra', 'Koch', 'M', '1997-05-18', 42.52, '5749893553', '88873');
INSERT INTO EMPLOYEE (SSN, EMP_ID, FNAME, MNAME, LNAME, SEX, BIRTH_DATE, PAY_RATE, PHONE_NUM, COMPANY_ID) VALUES ('176546820', 70051, 'Lucas', 'Janica', 'Cline', 'M', '1988-04-10', 13.22, '8146376879', '22289');
INSERT INTO EMPLOYEE (SSN, EMP_ID, FNAME, MNAME, LNAME, SEX, BIRTH_DATE, PAY_RATE, PHONE_NUM, COMPANY_ID) VALUES ('148811925', 70052, 'Nixon', 'Morgan', 'Allison', 'F', '1978-01-20', 33.29, '6464481282', '22289');
INSERT INTO EMPLOYEE (SSN, EMP_ID, FNAME, MNAME, LNAME, SEX, BIRTH_DATE, PAY_RATE, PHONE_NUM, COMPANY_ID) VALUES ('164024075', 70053, 'Sophie', 'Kacey', 'Pearson', 'M', '1997-10-13', 20.78, '8086166111', '60721');
INSERT INTO EMPLOYEE (SSN, EMP_ID, FNAME, MNAME, LNAME, SEX, BIRTH_DATE, PAY_RATE, PHONE_NUM, COMPANY_ID) VALUES ('140306612', 70054, 'Janelle', 'Malory', 'Vaughn', 'M', '1983-07-18', 15.45, '3183466332', '83234');
INSERT INTO EMPLOYEE (SSN, EMP_ID, FNAME, MNAME, LNAME, SEX, BIRTH_DATE, PAY_RATE, PHONE_NUM, COMPANY_ID) VALUES ('169494795', 70055, 'Kaelynn', 'Sailor', 'Chan', 'M', '1948-10-08', 41.98, '2532780566', '23023');
INSERT INTO EMPLOYEE (SSN, EMP_ID, FNAME, MNAME, LNAME, SEX, BIRTH_DATE, PAY_RATE, PHONE_NUM, COMPANY_ID) VALUES ('127539786', 70056, 'Piper', 'Jada', 'Mclean', 'M', '1933-09-30', 30.05, '5044474884', '23023');
INSERT INTO EMPLOYEE (SSN, EMP_ID, FNAME, MNAME, LNAME, SEX, BIRTH_DATE, PAY_RATE, PHONE_NUM, COMPANY_ID) VALUES ('174778718', 70057, 'Rowen', 'Christian', 'Guerrero', 'F', '1966-10-31', 27.98, '8131233700', '13241');
INSERT INTO EMPLOYEE (SSN, EMP_ID, FNAME, MNAME, LNAME, SEX, BIRTH_DATE, PAY_RATE, PHONE_NUM, COMPANY_ID) VALUES ('159421227', 70058, 'Maeve', 'Chandell', 'Trujillo', 'M', '1995-10-13', 20.58, '3214618273', '23023');
INSERT INTO EMPLOYEE (SSN, EMP_ID, FNAME, MNAME, LNAME, SEX, BIRTH_DATE, PAY_RATE, PHONE_NUM, COMPANY_ID) VALUES ('120850646', 70059, 'Damaris', 'Rain', 'Oneill', 'F', '1956-03-06', 22.72, '4146253772', '13241');
INSERT INTO EMPLOYEE (SSN, EMP_ID, FNAME, MNAME, LNAME, SEX, BIRTH_DATE, PAY_RATE, PHONE_NUM, COMPANY_ID) VALUES ('181899438', 70060, 'Deangelo', 'Gabriel', 'Dillon', 'F', '1984-06-20', 12.68, '6787733187', '23023');
INSERT INTO EMPLOYEE (SSN, EMP_ID, FNAME, MNAME, LNAME, SEX, BIRTH_DATE, PAY_RATE, PHONE_NUM, COMPANY_ID) VALUES ('177598284', 70061, 'Zoey', 'Delmar', 'Mckee', 'F', '1952-07-23', 30.73, '6063773255', '13241');
INSERT INTO EMPLOYEE (SSN, EMP_ID, FNAME, MNAME, LNAME, SEX, BIRTH_DATE, PAY_RATE, PHONE_NUM, COMPANY_ID) VALUES ('170861745', 70062, 'Abrielle', 'Marley', 'Phillips', 'F', '1941-06-04', 18.10, '5154848926', '22289');
INSERT INTO EMPLOYEE (SSN, EMP_ID, FNAME, MNAME, LNAME, SEX, BIRTH_DATE, PAY_RATE, PHONE_NUM, COMPANY_ID) VALUES ('161073458', 70063, 'Charley', 'Kesha', 'Houston', 'F', '1986-04-01', 25.35, '7022221961', '23023');
INSERT INTO EMPLOYEE (SSN, EMP_ID, FNAME, MNAME, LNAME, SEX, BIRTH_DATE, PAY_RATE, PHONE_NUM, COMPANY_ID) VALUES ('150467115', 70064, 'Lesly', 'Jude', 'Head', 'F', '1963-01-14', 46.13, '6059433987', '22289');
INSERT INTO EMPLOYEE (SSN, EMP_ID, FNAME, MNAME, LNAME, SEX, BIRTH_DATE, PAY_RATE, PHONE_NUM, COMPANY_ID) VALUES ('184379262', 70065, 'Phillip', 'Poetry', 'Meyers', 'F', '1999-06-08', 32.35, '5175937617', '83234');
INSERT INTO EMPLOYEE (SSN, EMP_ID, FNAME, MNAME, LNAME, SEX, BIRTH_DATE, PAY_RATE, PHONE_NUM, COMPANY_ID) VALUES ('106883752', 70066, 'Lucia', 'Dale', 'Silva', 'M', '1956-11-26', 39.47, '4423189290', '23023');
INSERT INTO EMPLOYEE (SSN, EMP_ID, FNAME, MNAME, LNAME, SEX, BIRTH_DATE, PAY_RATE, PHONE_NUM, COMPANY_ID) VALUES ('166059704', 70067, 'Braylen', 'Poetry', 'Guy', 'M', '1959-09-22', 42.84, '9401830207', '83234');
INSERT INTO EMPLOYEE (SSN, EMP_ID, FNAME, MNAME, LNAME, SEX, BIRTH_DATE, PAY_RATE, PHONE_NUM, COMPANY_ID) VALUES ('175242502', 70068, 'Brody', 'Immanuela', 'Lowe', 'M', '1977-08-10', 21.21, '2248990169', '13241');
INSERT INTO EMPLOYEE (SSN, EMP_ID, FNAME, MNAME, LNAME, SEX, BIRTH_DATE, PAY_RATE, PHONE_NUM, COMPANY_ID) VALUES ('151128622', 70069, 'Alice', 'Chandell', 'Wallace', 'F', '1943-10-11', 34.40, '4057779232', '12761');
INSERT INTO EMPLOYEE (SSN, EMP_ID, FNAME, MNAME, LNAME, SEX, BIRTH_DATE, PAY_RATE, PHONE_NUM, COMPANY_ID) VALUES ('121128672', 70070, 'Nicolas', 'Sheridan', 'Mack', 'F', '1992-07-14', 25.11, '6053505628', '22289');
INSERT INTO EMPLOYEE (SSN, EMP_ID, FNAME, MNAME, LNAME, SEX, BIRTH_DATE, PAY_RATE, PHONE_NUM, COMPANY_ID) VALUES ('178146893', 70071, 'Riya', 'Heather', 'Levine', 'F', '1997-09-02', 27.22, '2133177094', '22289');
INSERT INTO EMPLOYEE (SSN, EMP_ID, FNAME, MNAME, LNAME, SEX, BIRTH_DATE, PAY_RATE, PHONE_NUM, COMPANY_ID) VALUES ('189119790', 70072, 'Hector', 'Kim', 'England', 'F', '1955-12-13', 39.94, '7134251366', '23023');
INSERT INTO EMPLOYEE (SSN, EMP_ID, FNAME, MNAME, LNAME, SEX, BIRTH_DATE, PAY_RATE, PHONE_NUM, COMPANY_ID) VALUES ('114467147', 70073, 'Kellen', 'Mo', 'Mcpherson', 'F', '1969-11-07', 12.28, '7573230173', '88873');
INSERT INTO EMPLOYEE (SSN, EMP_ID, FNAME, MNAME, LNAME, SEX, BIRTH_DATE, PAY_RATE, PHONE_NUM, COMPANY_ID) VALUES ('127692255', 70074, 'Lainey', 'Marion', 'Bennett', 'F', '1943-09-02', 14.87, '7156318115', '13241');
INSERT INTO EMPLOYEE (SSN, EMP_ID, FNAME, MNAME, LNAME, SEX, BIRTH_DATE, PAY_RATE, PHONE_NUM, COMPANY_ID) VALUES ('169581612', 70075, 'Lola', 'Marquise', 'Yang', 'M', '1941-07-22', 33.16, '3056890945', '13241');
INSERT INTO EMPLOYEE (SSN, EMP_ID, FNAME, MNAME, LNAME, SEX, BIRTH_DATE, PAY_RATE, PHONE_NUM, COMPANY_ID) VALUES ('133365772', 70076, 'Miles', 'Rylee', 'Jenkins', 'M', '1958-04-14', 47.13, '8152606677', '13241');
INSERT INTO EMPLOYEE (SSN, EMP_ID, FNAME, MNAME, LNAME, SEX, BIRTH_DATE, PAY_RATE, PHONE_NUM, COMPANY_ID) VALUES ('121184316', 70077, 'Franco', 'Raven', 'Fields', 'M', '1956-03-01', 14.06, '3865223063', '13241');
INSERT INTO EMPLOYEE (SSN, EMP_ID, FNAME, MNAME, LNAME, SEX, BIRTH_DATE, PAY_RATE, PHONE_NUM, COMPANY_ID) VALUES ('171863541', 70078, 'Mckinley', 'Java', 'Bush', 'F', '1986-09-08', 33.69, '7473531584', '22289');
INSERT INTO EMPLOYEE (SSN, EMP_ID, FNAME, MNAME, LNAME, SEX, BIRTH_DATE, PAY_RATE, PHONE_NUM, COMPANY_ID) VALUES ('183459393', 70079, 'Aleigha', 'Shelby', 'Watkins', 'M', '1946-06-07', 29.88, '6572362283', '60721');
INSERT INTO EMPLOYEE (SSN, EMP_ID, FNAME, MNAME, LNAME, SEX, BIRTH_DATE, PAY_RATE, PHONE_NUM, COMPANY_ID) VALUES ('163825692', 70080, 'Jamar', 'Jordan', 'Jones', 'F', '1960-10-18', 39.95, '8655405665', '60721');
INSERT INTO EMPLOYEE (SSN, EMP_ID, FNAME, MNAME, LNAME, SEX, BIRTH_DATE, PAY_RATE, PHONE_NUM, COMPANY_ID) VALUES ('145152800', 70081, 'Mercedes', 'Marty', 'Fernandez', 'M', '1982-05-28', 16.55, '5751406039', '83234');
INSERT INTO EMPLOYEE (SSN, EMP_ID, FNAME, MNAME, LNAME, SEX, BIRTH_DATE, PAY_RATE, PHONE_NUM, COMPANY_ID) VALUES ('136068801', 70082, 'Simon', 'July', 'Diaz', 'F', '1963-06-15', 12.43, '6463348197', '12761');
INSERT INTO EMPLOYEE (SSN, EMP_ID, FNAME, MNAME, LNAME, SEX, BIRTH_DATE, PAY_RATE, PHONE_NUM, COMPANY_ID) VALUES ('153504270', 70083, 'Iris', 'Reese', 'Sandoval', 'F', '1947-10-24', 39.48, '5176678413', '60721');
INSERT INTO EMPLOYEE (SSN, EMP_ID, FNAME, MNAME, LNAME, SEX, BIRTH_DATE, PAY_RATE, PHONE_NUM, COMPANY_ID) VALUES ('155237558', 70084, 'Shayla', 'Jordan', 'Kent', 'F', '1980-11-26', 26.93, '4255078223', '13241');
INSERT INTO EMPLOYEE (SSN, EMP_ID, FNAME, MNAME, LNAME, SEX, BIRTH_DATE, PAY_RATE, PHONE_NUM, COMPANY_ID) VALUES ('133178334', 70085, 'Camron', 'Seven', 'Ramirez', 'M', '1963-09-08', 16.50, '4407985507', '83234');
INSERT INTO EMPLOYEE (SSN, EMP_ID, FNAME, MNAME, LNAME, SEX, BIRTH_DATE, PAY_RATE, PHONE_NUM, COMPANY_ID) VALUES ('103860366', 70086, 'Mikaela', 'Brylee', 'Guy', 'F', '1959-02-25', 15.01, '9079531718', '22289');
INSERT INTO EMPLOYEE (SSN, EMP_ID, FNAME, MNAME, LNAME, SEX, BIRTH_DATE, PAY_RATE, PHONE_NUM, COMPANY_ID) VALUES ('141932789', 70087, 'Tegan', 'Jocelyn', 'Barron', 'F', '1937-08-06', 20.65, '4052629734', '13241');
INSERT INTO EMPLOYEE (SSN, EMP_ID, FNAME, MNAME, LNAME, SEX, BIRTH_DATE, PAY_RATE, PHONE_NUM, COMPANY_ID) VALUES ('188356798', 70088, 'Camren', 'Ebony', 'Conway', 'M', '1951-01-22', 20.86, '5404161363', '22289');
INSERT INTO EMPLOYEE (SSN, EMP_ID, FNAME, MNAME, LNAME, SEX, BIRTH_DATE, PAY_RATE, PHONE_NUM, COMPANY_ID) VALUES ('153977353', 70089, 'Lylah', 'Brynn', 'Dale', 'F', '1986-11-23', 43.00, '5094415978', '12761');
INSERT INTO EMPLOYEE (SSN, EMP_ID, FNAME, MNAME, LNAME, SEX, BIRTH_DATE, PAY_RATE, PHONE_NUM, COMPANY_ID) VALUES ('105543913', 70090, 'Leonard', 'Kennedy', 'Austin', 'M', '1945-02-06', 28.15, '8122161313', '23023');
INSERT INTO EMPLOYEE (SSN, EMP_ID, FNAME, MNAME, LNAME, SEX, BIRTH_DATE, PAY_RATE, PHONE_NUM, COMPANY_ID) VALUES ('138636515', 70091, 'Harley', 'Dakota', 'Kline', 'F', '1980-12-23', 21.52, '5156569302', '60721');
INSERT INTO EMPLOYEE (SSN, EMP_ID, FNAME, MNAME, LNAME, SEX, BIRTH_DATE, PAY_RATE, PHONE_NUM, COMPANY_ID) VALUES ('113209732', 70092, 'Camilo', 'Cadee', 'Bennett', 'M', '1977-05-06', 17.02, '4322981320', '22289');
INSERT INTO EMPLOYEE (SSN, EMP_ID, FNAME, MNAME, LNAME, SEX, BIRTH_DATE, PAY_RATE, PHONE_NUM, COMPANY_ID) VALUES ('124096098', 70093, 'Cassius', 'Shanon', 'Burns', 'F', '1942-05-07', 28.43, '7631352946', '83234');
INSERT INTO EMPLOYEE (SSN, EMP_ID, FNAME, MNAME, LNAME, SEX, BIRTH_DATE, PAY_RATE, PHONE_NUM, COMPANY_ID) VALUES ('179735641', 70094, 'Lilia', 'Jalen', 'Bush', 'F', '1969-01-07', 48.72, '2122986301', '88873');
INSERT INTO EMPLOYEE (SSN, EMP_ID, FNAME, MNAME, LNAME, SEX, BIRTH_DATE, PAY_RATE, PHONE_NUM, COMPANY_ID) VALUES ('109524124', 70095, 'Geraldine', 'Nirvana', 'Goodwin', 'F', '1963-09-18', 13.78, '9129960950', '12761');
INSERT INTO EMPLOYEE (SSN, EMP_ID, FNAME, MNAME, LNAME, SEX, BIRTH_DATE, PAY_RATE, PHONE_NUM, COMPANY_ID) VALUES ('179899593', 70096, 'Jean', 'Tailor', 'Livingston', 'F', '1975-03-10', 48.88, '6085678361', '13241');
INSERT INTO EMPLOYEE (SSN, EMP_ID, FNAME, MNAME, LNAME, SEX, BIRTH_DATE, PAY_RATE, PHONE_NUM, COMPANY_ID) VALUES ('170107036', 70097, 'Alvaro', 'Nalah', 'James', 'F', '1991-08-24', 10.92, '9804039350', '88873');
INSERT INTO EMPLOYEE (SSN, EMP_ID, FNAME, MNAME, LNAME, SEX, BIRTH_DATE, PAY_RATE, PHONE_NUM, COMPANY_ID) VALUES ('177931874', 70098, 'Eden', 'Maxy', 'Shaw', 'F', '1963-05-03', 16.38, '5154149265', '83234');
INSERT INTO EMPLOYEE (SSN, EMP_ID, FNAME, MNAME, LNAME, SEX, BIRTH_DATE, PAY_RATE, PHONE_NUM, COMPANY_ID) VALUES ('131011697', 70099, 'Vincent', 'Rohan', 'Schneider', 'M', '1942-11-27', 12.57, '5852944649', '22289');
INSERT INTO EMPLOYEE (SSN, EMP_ID, FNAME, MNAME, LNAME, SEX, BIRTH_DATE, PAY_RATE, PHONE_NUM, COMPANY_ID) VALUES ('160237372', 70100, 'Uriah', 'Macy', 'Navarro', 'M', '1972-07-30', 27.71, '3159112277', '60721');
INSERT INTO EMPLOYEE (SSN, EMP_ID, FNAME, MNAME, LNAME, SEX, BIRTH_DATE, PAY_RATE, PHONE_NUM, COMPANY_ID) VALUES ('176929043', 70101, 'Vicente', 'Jaidon', 'England', 'F', '1995-02-04', 40.13, '2488185921', '22289');
INSERT INTO EMPLOYEE (SSN, EMP_ID, FNAME, MNAME, LNAME, SEX, BIRTH_DATE, PAY_RATE, PHONE_NUM, COMPANY_ID) VALUES ('146846591', 70102, 'Alex', 'Nala', 'Meyer', 'F', '1945-08-23', 45.19, '8136221386', '23023');
INSERT INTO EMPLOYEE (SSN, EMP_ID, FNAME, MNAME, LNAME, SEX, BIRTH_DATE, PAY_RATE, PHONE_NUM, COMPANY_ID) VALUES ('171842411', 70103, 'Keira', 'Kesha', 'Giles', 'M', '1944-05-06', 22.52, '8104225167', '23023');
INSERT INTO EMPLOYEE (SSN, EMP_ID, FNAME, MNAME, LNAME, SEX, BIRTH_DATE, PAY_RATE, PHONE_NUM, COMPANY_ID) VALUES ('165476371', 70104, 'Abrielle', 'Skyler', 'Guthrie', 'M', '1950-01-05', 40.86, '7867616565', '22289');
INSERT INTO EMPLOYEE (SSN, EMP_ID, FNAME, MNAME, LNAME, SEX, BIRTH_DATE, PAY_RATE, PHONE_NUM, COMPANY_ID) VALUES ('106190417', 70105, 'Aiyana', 'Lesley', 'Estes', 'M', '1938-08-30', 21.30, '7081488723', '60721');
INSERT INTO EMPLOYEE (SSN, EMP_ID, FNAME, MNAME, LNAME, SEX, BIRTH_DATE, PAY_RATE, PHONE_NUM, COMPANY_ID) VALUES ('113543013', 70106, 'Selah', 'Mackenzie', 'Norris', 'M', '1999-09-18', 48.36, '8727604976', '60721');
INSERT INTO EMPLOYEE (SSN, EMP_ID, FNAME, MNAME, LNAME, SEX, BIRTH_DATE, PAY_RATE, PHONE_NUM, COMPANY_ID) VALUES ('114265145', 70107, 'Morgan', 'Senna', 'Walter', 'F', '1946-02-22', 30.07, '7723476276', '22289');
INSERT INTO EMPLOYEE (SSN, EMP_ID, FNAME, MNAME, LNAME, SEX, BIRTH_DATE, PAY_RATE, PHONE_NUM, COMPANY_ID) VALUES ('131929296', 70108, 'Journee', 'Jaz', 'Serrano', 'F', '1984-04-27', 25.15, '9288379383', '22289');
INSERT INTO EMPLOYEE (SSN, EMP_ID, FNAME, MNAME, LNAME, SEX, BIRTH_DATE, PAY_RATE, PHONE_NUM, COMPANY_ID) VALUES ('144770052', 70109, 'Jabari', 'Dallas', 'Hill', 'M', '1997-10-14', 38.88, '4841698105', '23023');
INSERT INTO EMPLOYEE (SSN, EMP_ID, FNAME, MNAME, LNAME, SEX, BIRTH_DATE, PAY_RATE, PHONE_NUM, COMPANY_ID) VALUES ('161976825', 70110, 'Nahla', 'Sincere', 'Holland', 'M', '1982-04-18', 23.59, '7543316264', '13241');
INSERT INTO EMPLOYEE (SSN, EMP_ID, FNAME, MNAME, LNAME, SEX, BIRTH_DATE, PAY_RATE, PHONE_NUM, COMPANY_ID) VALUES ('143165347', 70111, 'Jayden', 'Kinsey', 'Kaufman', 'M', '1938-09-26', 45.61, '6611169644', '88873');
INSERT INTO EMPLOYEE (SSN, EMP_ID, FNAME, MNAME, LNAME, SEX, BIRTH_DATE, PAY_RATE, PHONE_NUM, COMPANY_ID) VALUES ('129376034', 70112, 'Franco', 'Jaz', 'Campbell', 'M', '1981-06-03', 47.84, '6314961407', '13241');
INSERT INTO EMPLOYEE (SSN, EMP_ID, FNAME, MNAME, LNAME, SEX, BIRTH_DATE, PAY_RATE, PHONE_NUM, COMPANY_ID) VALUES ('118643990', 70113, 'Alex', 'Jaidon', 'Johnson', 'F', '1986-06-07', 11.46, '5632287883', '12761');
INSERT INTO EMPLOYEE (SSN, EMP_ID, FNAME, MNAME, LNAME, SEX, BIRTH_DATE, PAY_RATE, PHONE_NUM, COMPANY_ID) VALUES ('128111592', 70114, 'Jordan', 'Shani', 'Gaines', 'M', '1988-01-11', 14.36, '8083443243', '23023');
INSERT INTO EMPLOYEE (SSN, EMP_ID, FNAME, MNAME, LNAME, SEX, BIRTH_DATE, PAY_RATE, PHONE_NUM, COMPANY_ID) VALUES ('100976151', 70115, 'Nikolas', 'Brylen', 'Acevedo', 'M', '1968-12-04', 46.48, '6262594885', '22289');
INSERT INTO EMPLOYEE (SSN, EMP_ID, FNAME, MNAME, LNAME, SEX, BIRTH_DATE, PAY_RATE, PHONE_NUM, COMPANY_ID) VALUES ('110334685', 70116, 'Bria', 'Dallas', 'Reynolds', 'M', '1962-05-06', 16.57, '5515315563', '83234');
INSERT INTO EMPLOYEE (SSN, EMP_ID, FNAME, MNAME, LNAME, SEX, BIRTH_DATE, PAY_RATE, PHONE_NUM, COMPANY_ID) VALUES ('150887637', 70117, 'Kinsey', 'Rudy', 'Le', 'M', '1952-12-08', 44.04, '4585983809', '88873');
INSERT INTO EMPLOYEE (SSN, EMP_ID, FNAME, MNAME, LNAME, SEX, BIRTH_DATE, PAY_RATE, PHONE_NUM, COMPANY_ID) VALUES ('134661957', 70118, 'Joselyn', 'Jadyn', 'Morris', 'M', '1934-04-07', 43.76, '4018452686', '12761');
INSERT INTO EMPLOYEE (SSN, EMP_ID, FNAME, MNAME, LNAME, SEX, BIRTH_DATE, PAY_RATE, PHONE_NUM, COMPANY_ID) VALUES ('126801764', 70119, 'Zavier', 'Kacey', 'Ramsey', 'M', '1945-10-22', 22.30, '5016680505', '23023');
INSERT INTO EMPLOYEE (SSN, EMP_ID, FNAME, MNAME, LNAME, SEX, BIRTH_DATE, PAY_RATE, PHONE_NUM, COMPANY_ID) VALUES ('125856595', 70120, 'Patricia', 'Senna', 'Kirkland', 'M', '1979-06-22', 23.37, '6821824189', '12761');
INSERT INTO EMPLOYEE (SSN, EMP_ID, FNAME, MNAME, LNAME, SEX, BIRTH_DATE, PAY_RATE, PHONE_NUM, COMPANY_ID) VALUES ('157630535', 70121, 'Anabel', 'Kesha', 'Craig', 'F', '1968-10-12', 40.99, '6176751801', '22289');
INSERT INTO EMPLOYEE (SSN, EMP_ID, FNAME, MNAME, LNAME, SEX, BIRTH_DATE, PAY_RATE, PHONE_NUM, COMPANY_ID) VALUES ('119373468', 70122, 'Brylee', 'Sky', 'Curtis', 'M', '1989-08-29', 12.25, '3196069564', '83234');
INSERT INTO EMPLOYEE (SSN, EMP_ID, FNAME, MNAME, LNAME, SEX, BIRTH_DATE, PAY_RATE, PHONE_NUM, COMPANY_ID) VALUES ('127128067', 70123, 'Jasiah', 'Odalis', 'Bauer', 'M', '1983-03-10', 19.56, '5707150486', '13241');
INSERT INTO EMPLOYEE (SSN, EMP_ID, FNAME, MNAME, LNAME, SEX, BIRTH_DATE, PAY_RATE, PHONE_NUM, COMPANY_ID) VALUES ('119437217', 70124, 'Owen', 'Jaz', 'Barrera', 'F', '1949-01-27', 24.30, '6828708037', '13241');
INSERT INTO EMPLOYEE (SSN, EMP_ID, FNAME, MNAME, LNAME, SEX, BIRTH_DATE, PAY_RATE, PHONE_NUM, COMPANY_ID) VALUES ('188728230', 70125, 'Jayleen', 'Caelyn', 'Roy', 'M', '1950-12-28', 25.48, '7017633745', '13241');
INSERT INTO EMPLOYEE (SSN, EMP_ID, FNAME, MNAME, LNAME, SEX, BIRTH_DATE, PAY_RATE, PHONE_NUM, COMPANY_ID) VALUES ('127566758', 70126, 'Mustafa', 'Piper', 'Hill', 'F', '1951-01-20', 19.83, '9044600513', '88873');
INSERT INTO EMPLOYEE (SSN, EMP_ID, FNAME, MNAME, LNAME, SEX, BIRTH_DATE, PAY_RATE, PHONE_NUM, COMPANY_ID) VALUES ('163561543', 70127, 'Marlee', 'Gentry', 'Booker', 'F', '1948-10-22', 40.18, '6092572727', '22289');
INSERT INTO EMPLOYEE (SSN, EMP_ID, FNAME, MNAME, LNAME, SEX, BIRTH_DATE, PAY_RATE, PHONE_NUM, COMPANY_ID) VALUES ('174818856', 70128, 'Jaylah', 'Jordan', 'Mccall', 'M', '1949-10-18', 47.16, '4698429613', '12761');
INSERT INTO EMPLOYEE (SSN, EMP_ID, FNAME, MNAME, LNAME, SEX, BIRTH_DATE, PAY_RATE, PHONE_NUM, COMPANY_ID) VALUES ('166397279', 70129, 'Tanner', 'Jaycee', 'Montoya', 'M', '1964-07-10', 15.57, '3152449715', '83234');
INSERT INTO EMPLOYEE (SSN, EMP_ID, FNAME, MNAME, LNAME, SEX, BIRTH_DATE, PAY_RATE, PHONE_NUM, COMPANY_ID) VALUES ('181587692', 70130, 'Malaki', 'Merlyn', 'Tillman', 'M', '1988-05-07', 15.58, '9404594204', '23023');
INSERT INTO EMPLOYEE (SSN, EMP_ID, FNAME, MNAME, LNAME, SEX, BIRTH_DATE, PAY_RATE, PHONE_NUM, COMPANY_ID) VALUES ('185306971', 70131, 'Elin', 'Nirvana', 'Hahn', 'F', '1943-10-04', 31.37, '2148193863', '22289');
INSERT INTO EMPLOYEE (SSN, EMP_ID, FNAME, MNAME, LNAME, SEX, BIRTH_DATE, PAY_RATE, PHONE_NUM, COMPANY_ID) VALUES ('137329104', 70132, 'Margaret', 'Unique', 'Schwartz', 'M', '1942-10-17', 44.16, '9178142236', '13241');
INSERT INTO EMPLOYEE (SSN, EMP_ID, FNAME, MNAME, LNAME, SEX, BIRTH_DATE, PAY_RATE, PHONE_NUM, COMPANY_ID) VALUES ('155516419', 70133, 'Kate', 'Jae', 'Mayo', 'F', '1988-10-01', 37.03, '4065991110', '22289');
INSERT INTO EMPLOYEE (SSN, EMP_ID, FNAME, MNAME, LNAME, SEX, BIRTH_DATE, PAY_RATE, PHONE_NUM, COMPANY_ID) VALUES ('127889528', 70134, 'Cheyenne', 'Nalah', 'Rivas', 'F', '1984-08-11', 13.49, '8505002638', '88873');
INSERT INTO EMPLOYEE (SSN, EMP_ID, FNAME, MNAME, LNAME, SEX, BIRTH_DATE, PAY_RATE, PHONE_NUM, COMPANY_ID) VALUES ('176550824', 70135, 'America', 'Lavon', 'Dunn', 'F', '1933-11-18', 10.14, '7324829691', '12761');
INSERT INTO EMPLOYEE (SSN, EMP_ID, FNAME, MNAME, LNAME, SEX, BIRTH_DATE, PAY_RATE, PHONE_NUM, COMPANY_ID) VALUES ('139935313', 70136, 'Richard', 'Talyn', 'Mathews', 'M', '1939-11-15', 24.46, '6601823051', '12761');
INSERT INTO EMPLOYEE (SSN, EMP_ID, FNAME, MNAME, LNAME, SEX, BIRTH_DATE, PAY_RATE, PHONE_NUM, COMPANY_ID) VALUES ('189808325', 70137, 'Tyler', 'Carol', 'Lambert', 'F', '1976-10-28', 25.44, '7726544123', '13241');
INSERT INTO EMPLOYEE (SSN, EMP_ID, FNAME, MNAME, LNAME, SEX, BIRTH_DATE, PAY_RATE, PHONE_NUM, COMPANY_ID) VALUES ('136759373', 70138, 'Alice', 'Shasta', 'Solomon', 'M', '1943-01-27', 24.14, '3123553607', '13241');
INSERT INTO EMPLOYEE (SSN, EMP_ID, FNAME, MNAME, LNAME, SEX, BIRTH_DATE, PAY_RATE, PHONE_NUM, COMPANY_ID) VALUES ('162854324', 70139, 'Jacqueline', 'Maya', 'Higgins', 'F', '1961-07-03', 35.12, '2317770178', '23023');
INSERT INTO EMPLOYEE (SSN, EMP_ID, FNAME, MNAME, LNAME, SEX, BIRTH_DATE, PAY_RATE, PHONE_NUM, COMPANY_ID) VALUES ('109874438', 70140, 'Keyla', 'Harper', 'Welch', 'F', '1992-01-08', 13.51, '7247693780', '88873');
INSERT INTO EMPLOYEE (SSN, EMP_ID, FNAME, MNAME, LNAME, SEX, BIRTH_DATE, PAY_RATE, PHONE_NUM, COMPANY_ID) VALUES ('175739828', 70141, 'Aleigha', 'Harper', 'Rowe', 'F', '1968-10-26', 26.64, '4079636028', '60721');
INSERT INTO EMPLOYEE (SSN, EMP_ID, FNAME, MNAME, LNAME, SEX, BIRTH_DATE, PAY_RATE, PHONE_NUM, COMPANY_ID) VALUES ('101269818', 70142, 'Lina', 'Morgan', 'Perry', 'F', '1936-11-12', 14.98, '9257285560', '13241');
INSERT INTO EMPLOYEE (SSN, EMP_ID, FNAME, MNAME, LNAME, SEX, BIRTH_DATE, PAY_RATE, PHONE_NUM, COMPANY_ID) VALUES ('143751843', 70143, 'Jayla', 'Sela', 'Carlson', 'M', '1994-01-15', 32.47, '9718093307', '22289');
INSERT INTO EMPLOYEE (SSN, EMP_ID, FNAME, MNAME, LNAME, SEX, BIRTH_DATE, PAY_RATE, PHONE_NUM, COMPANY_ID) VALUES ('129268416', 70144, 'Khalil', 'Madison', 'Bailey', 'M', '1982-05-26', 11.73, '5625671195', '13241');
INSERT INTO EMPLOYEE (SSN, EMP_ID, FNAME, MNAME, LNAME, SEX, BIRTH_DATE, PAY_RATE, PHONE_NUM, COMPANY_ID) VALUES ('160505928', 70145, 'Caydence', 'Amanda', 'Moon', 'F', '1943-04-18', 45.29, '4423424352', '13241');
INSERT INTO EMPLOYEE (SSN, EMP_ID, FNAME, MNAME, LNAME, SEX, BIRTH_DATE, PAY_RATE, PHONE_NUM, COMPANY_ID) VALUES ('102943439', 70146, 'Briella', 'Tawanda', 'Barr', 'M', '1968-01-16', 29.87, '9314477730', '13241');
INSERT INTO EMPLOYEE (SSN, EMP_ID, FNAME, MNAME, LNAME, SEX, BIRTH_DATE, PAY_RATE, PHONE_NUM, COMPANY_ID) VALUES ('151503407', 70147, 'Chase', 'Adare', 'Decker', 'M', '1957-04-08', 39.16, '8649181169', '83234');
INSERT INTO EMPLOYEE (SSN, EMP_ID, FNAME, MNAME, LNAME, SEX, BIRTH_DATE, PAY_RATE, PHONE_NUM, COMPANY_ID) VALUES ('185644883', 70148, 'Odin', 'Talyn', 'Walters', 'F', '1959-07-10', 24.56, '4803423630', '83234');
INSERT INTO EMPLOYEE (SSN, EMP_ID, FNAME, MNAME, LNAME, SEX, BIRTH_DATE, PAY_RATE, PHONE_NUM, COMPANY_ID) VALUES ('154148547', 70149, 'Milania', 'Talyn', 'Cote', 'M', '1930-05-15', 35.10, '2086927723', '13241');
INSERT INTO EMPLOYEE (SSN, EMP_ID, FNAME, MNAME, LNAME, SEX, BIRTH_DATE, PAY_RATE, PHONE_NUM, COMPANY_ID) VALUES ('153078549', 70150, 'Mohammed', 'Jadyn', 'Hardy', 'F', '1933-11-14', 29.75, '9416460339', '23023');
INSERT INTO EMPLOYEE (SSN, EMP_ID, FNAME, MNAME, LNAME, SEX, BIRTH_DATE, PAY_RATE, PHONE_NUM, COMPANY_ID) VALUES ('182816747', 70151, 'Markus', 'Mackenna', 'Langley', 'F', '1979-07-31', 48.52, '9189118812', '60721');
INSERT INTO EMPLOYEE (SSN, EMP_ID, FNAME, MNAME, LNAME, SEX, BIRTH_DATE, PAY_RATE, PHONE_NUM, COMPANY_ID) VALUES ('100985838', 70152, 'Elaina', 'Sheridan', 'Owen', 'F', '1976-07-17', 48.94, '6237746434', '83234');
INSERT INTO EMPLOYEE (SSN, EMP_ID, FNAME, MNAME, LNAME, SEX, BIRTH_DATE, PAY_RATE, PHONE_NUM, COMPANY_ID) VALUES ('170827738', 70153, 'Cassius', 'Hailee', 'Ewing', 'F', '1980-08-27', 32.19, '9126326747', '22289');
INSERT INTO EMPLOYEE (SSN, EMP_ID, FNAME, MNAME, LNAME, SEX, BIRTH_DATE, PAY_RATE, PHONE_NUM, COMPANY_ID) VALUES ('103291509', 70154, 'Alayah', 'Kim', 'Kaufman', 'M', '1948-07-29', 21.19, '2393351891', '83234');
INSERT INTO EMPLOYEE (SSN, EMP_ID, FNAME, MNAME, LNAME, SEX, BIRTH_DATE, PAY_RATE, PHONE_NUM, COMPANY_ID) VALUES ('138483713', 70155, 'Amari', 'Aspen', 'Collier', 'F', '1984-09-24', 47.27, '3172289320', '83234');
INSERT INTO EMPLOYEE (SSN, EMP_ID, FNAME, MNAME, LNAME, SEX, BIRTH_DATE, PAY_RATE, PHONE_NUM, COMPANY_ID) VALUES ('112148473', 70156, 'Hattie', 'Jadyn', 'Austin', 'M', '1994-04-11', 28.35, '9075069011', '22289');
INSERT INTO EMPLOYEE (SSN, EMP_ID, FNAME, MNAME, LNAME, SEX, BIRTH_DATE, PAY_RATE, PHONE_NUM, COMPANY_ID) VALUES ('173092705', 70157, 'Wesley', 'Jordan', 'Ayers', 'M', '1931-12-18', 24.91, '6265425586', '13241');
INSERT INTO EMPLOYEE (SSN, EMP_ID, FNAME, MNAME, LNAME, SEX, BIRTH_DATE, PAY_RATE, PHONE_NUM, COMPANY_ID) VALUES ('141158424', 70158, 'Xavi', 'Ellery', 'Everett', 'F', '1940-04-04', 18.69, '6016537150', '88873');
INSERT INTO EMPLOYEE (SSN, EMP_ID, FNAME, MNAME, LNAME, SEX, BIRTH_DATE, PAY_RATE, PHONE_NUM, COMPANY_ID) VALUES ('187779251', 70159, 'Chad', 'Nicol', 'Ingram', 'M', '1971-09-19', 21.94, '7138639627', '13241');
INSERT INTO EMPLOYEE (SSN, EMP_ID, FNAME, MNAME, LNAME, SEX, BIRTH_DATE, PAY_RATE, PHONE_NUM, COMPANY_ID) VALUES ('162467411', 70160, 'Javon', 'Mo', 'Leonard', 'F', '1959-01-25', 29.09, '5622956412', '13241');
INSERT INTO EMPLOYEE (SSN, EMP_ID, FNAME, MNAME, LNAME, SEX, BIRTH_DATE, PAY_RATE, PHONE_NUM, COMPANY_ID) VALUES ('181216513', 70161, 'Isla', 'Rudy', 'Carney', 'F', '1984-02-02', 28.32, '5042866733', '13241');
INSERT INTO EMPLOYEE (SSN, EMP_ID, FNAME, MNAME, LNAME, SEX, BIRTH_DATE, PAY_RATE, PHONE_NUM, COMPANY_ID) VALUES ('111216251', 70162, 'Jaydin', 'Aubra', 'David', 'M', '1977-09-12', 18.67, '8082262679', '88873');
INSERT INTO EMPLOYEE (SSN, EMP_ID, FNAME, MNAME, LNAME, SEX, BIRTH_DATE, PAY_RATE, PHONE_NUM, COMPANY_ID) VALUES ('167218889', 70163, 'Gregory', 'Morgan', 'Bradford', 'M', '1989-03-16', 44.58, '4196642847', '22289');
INSERT INTO EMPLOYEE (SSN, EMP_ID, FNAME, MNAME, LNAME, SEX, BIRTH_DATE, PAY_RATE, PHONE_NUM, COMPANY_ID) VALUES ('125994969', 70164, 'Kaia', 'Jaden', 'Sosa', 'F', '1962-03-02', 44.92, '3477189144', '88873');
INSERT INTO EMPLOYEE (SSN, EMP_ID, FNAME, MNAME, LNAME, SEX, BIRTH_DATE, PAY_RATE, PHONE_NUM, COMPANY_ID) VALUES ('129715886', 70165, 'Malik', 'Talyn', 'Pierce', 'F', '1935-03-16', 31.10, '6301625388', '23023');
INSERT INTO EMPLOYEE (SSN, EMP_ID, FNAME, MNAME, LNAME, SEX, BIRTH_DATE, PAY_RATE, PHONE_NUM, COMPANY_ID) VALUES ('181261716', 70166, 'Westin', 'Shadow', 'Dean', 'F', '1965-07-05', 49.96, '8281298031', '88873');
INSERT INTO EMPLOYEE (SSN, EMP_ID, FNAME, MNAME, LNAME, SEX, BIRTH_DATE, PAY_RATE, PHONE_NUM, COMPANY_ID) VALUES ('168981888', 70167, 'Cristopher', 'Casey', 'Mccoy', 'F', '1934-11-12', 24.00, '2192802279', '23023');
INSERT INTO EMPLOYEE (SSN, EMP_ID, FNAME, MNAME, LNAME, SEX, BIRTH_DATE, PAY_RATE, PHONE_NUM, COMPANY_ID) VALUES ('185611692', 70168, 'Harold', 'Jocelyn', 'Livingston', 'F', '1989-05-09', 25.38, '6192632340', '60721');
INSERT INTO EMPLOYEE (SSN, EMP_ID, FNAME, MNAME, LNAME, SEX, BIRTH_DATE, PAY_RATE, PHONE_NUM, COMPANY_ID) VALUES ('162549585', 70169, 'Enzo', 'Brylen', 'Howard', 'M', '1953-01-03', 45.26, '2121803262', '22289');
INSERT INTO EMPLOYEE (SSN, EMP_ID, FNAME, MNAME, LNAME, SEX, BIRTH_DATE, PAY_RATE, PHONE_NUM, COMPANY_ID) VALUES ('157147313', 70170, 'Ross', 'Laurence', 'Morin', 'F', '1975-08-22', 25.00, '2527333330', '13241');
INSERT INTO EMPLOYEE (SSN, EMP_ID, FNAME, MNAME, LNAME, SEX, BIRTH_DATE, PAY_RATE, PHONE_NUM, COMPANY_ID) VALUES ('102387253', 70171, 'Kennedi', 'Avery', 'Vincent', 'M', '1980-12-29', 48.13, '2708908156', '12761');
INSERT INTO EMPLOYEE (SSN, EMP_ID, FNAME, MNAME, LNAME, SEX, BIRTH_DATE, PAY_RATE, PHONE_NUM, COMPANY_ID) VALUES ('131951093', 70172, 'Alana', 'Mallery', 'Casey', 'F', '1969-05-05', 25.04, '9894057315', '23023');
INSERT INTO EMPLOYEE (SSN, EMP_ID, FNAME, MNAME, LNAME, SEX, BIRTH_DATE, PAY_RATE, PHONE_NUM, COMPANY_ID) VALUES ('160810743', 70173, 'Francesca', 'Erin', 'Franklin', 'F', '1955-12-31', 15.63, '4584290532', '22289');
INSERT INTO EMPLOYEE (SSN, EMP_ID, FNAME, MNAME, LNAME, SEX, BIRTH_DATE, PAY_RATE, PHONE_NUM, COMPANY_ID) VALUES ('114483274', 70174, 'Ralph', 'Kira', 'Rivas', 'F', '1939-04-28', 30.37, '2083610217', '23023');
INSERT INTO EMPLOYEE (SSN, EMP_ID, FNAME, MNAME, LNAME, SEX, BIRTH_DATE, PAY_RATE, PHONE_NUM, COMPANY_ID) VALUES ('160460665', 70175, 'Thomas', 'Laken', 'Farmer', 'M', '1965-10-27', 46.82, '9732417607', '13241');
INSERT INTO EMPLOYEE (SSN, EMP_ID, FNAME, MNAME, LNAME, SEX, BIRTH_DATE, PAY_RATE, PHONE_NUM, COMPANY_ID) VALUES ('168396265', 70176, 'Houston', 'Poetry', 'Forbes', 'M', '1970-09-12', 26.42, '9179690643', '88873');
INSERT INTO EMPLOYEE (SSN, EMP_ID, FNAME, MNAME, LNAME, SEX, BIRTH_DATE, PAY_RATE, PHONE_NUM, COMPANY_ID) VALUES ('132470280', 70177, 'Malaki', 'Amari', 'Hester', 'M', '1952-05-15', 36.54, '2246927418', '23023');
INSERT INTO EMPLOYEE (SSN, EMP_ID, FNAME, MNAME, LNAME, SEX, BIRTH_DATE, PAY_RATE, PHONE_NUM, COMPANY_ID) VALUES ('169770396', 70178, 'Taylor', 'Rigel', 'Conway', 'F', '1973-05-20', 22.29, '9255905525', '13241');
INSERT INTO EMPLOYEE (SSN, EMP_ID, FNAME, MNAME, LNAME, SEX, BIRTH_DATE, PAY_RATE, PHONE_NUM, COMPANY_ID) VALUES ('111594221', 70179, 'Owen', 'Rory', 'Dillon', 'F', '1996-12-27', 11.52, '8458169576', '88873');
INSERT INTO EMPLOYEE (SSN, EMP_ID, FNAME, MNAME, LNAME, SEX, BIRTH_DATE, PAY_RATE, PHONE_NUM, COMPANY_ID) VALUES ('137042981', 70180, 'Kaiya', 'Daylen', 'Hayden', 'F', '1950-07-29', 39.09, '2291574768', '23023');
INSERT INTO EMPLOYEE (SSN, EMP_ID, FNAME, MNAME, LNAME, SEX, BIRTH_DATE, PAY_RATE, PHONE_NUM, COMPANY_ID) VALUES ('109295935', 70181, 'Kian', 'Reeve', 'Maynard', 'M', '1989-08-29', 17.20, '7474402833', '60721');
INSERT INTO EMPLOYEE (SSN, EMP_ID, FNAME, MNAME, LNAME, SEX, BIRTH_DATE, PAY_RATE, PHONE_NUM, COMPANY_ID) VALUES ('120481046', 70182, 'Derick', 'Shae', 'Buckley', 'M', '1971-03-15', 34.33, '7858438728', '22289');
INSERT INTO EMPLOYEE (SSN, EMP_ID, FNAME, MNAME, LNAME, SEX, BIRTH_DATE, PAY_RATE, PHONE_NUM, COMPANY_ID) VALUES ('166393895', 70183, 'Blaise', 'Carol', 'Mullins', 'M', '1987-06-19', 19.18, '4253156317', '22289');
INSERT INTO EMPLOYEE (SSN, EMP_ID, FNAME, MNAME, LNAME, SEX, BIRTH_DATE, PAY_RATE, PHONE_NUM, COMPANY_ID) VALUES ('104144039', 70184, 'Hattie', 'Reeve', 'Sims', 'M', '1962-09-29', 40.10, '2026948874', '83234');
INSERT INTO EMPLOYEE (SSN, EMP_ID, FNAME, MNAME, LNAME, SEX, BIRTH_DATE, PAY_RATE, PHONE_NUM, COMPANY_ID) VALUES ('182660336', 70185, 'Jade', 'Chandell', 'Herring', 'M', '1996-11-10', 35.06, '2407092655', '60721');
INSERT INTO EMPLOYEE (SSN, EMP_ID, FNAME, MNAME, LNAME, SEX, BIRTH_DATE, PAY_RATE, PHONE_NUM, COMPANY_ID) VALUES ('172242582', 70186, 'Kaylyn', 'Jordyn', 'Powell', 'M', '1986-04-02', 39.59, '8282423015', '83234');
INSERT INTO EMPLOYEE (SSN, EMP_ID, FNAME, MNAME, LNAME, SEX, BIRTH_DATE, PAY_RATE, PHONE_NUM, COMPANY_ID) VALUES ('147443818', 70187, 'Iker', 'Paige', 'Welch', 'F', '1940-05-04', 22.74, '6603326433', '60721');
INSERT INTO EMPLOYEE (SSN, EMP_ID, FNAME, MNAME, LNAME, SEX, BIRTH_DATE, PAY_RATE, PHONE_NUM, COMPANY_ID) VALUES ('153627966', 70188, 'Kadence', 'Sammy', 'Moore', 'M', '1981-01-24', 38.47, '8598926137', '12761');
INSERT INTO EMPLOYEE (SSN, EMP_ID, FNAME, MNAME, LNAME, SEX, BIRTH_DATE, PAY_RATE, PHONE_NUM, COMPANY_ID) VALUES ('151623299', 70189, 'Adelaide', 'Marquise', 'Pittman', 'F', '1989-08-20', 38.09, '6261238917', '83234');
INSERT INTO EMPLOYEE (SSN, EMP_ID, FNAME, MNAME, LNAME, SEX, BIRTH_DATE, PAY_RATE, PHONE_NUM, COMPANY_ID) VALUES ('180286596', 70190, 'Sabrina', 'Mallery', 'Mcfadden', 'F', '1935-09-23', 18.18, '9103283104', '88873');
INSERT INTO EMPLOYEE (SSN, EMP_ID, FNAME, MNAME, LNAME, SEX, BIRTH_DATE, PAY_RATE, PHONE_NUM, COMPANY_ID) VALUES ('109492495', 70191, 'Chad', 'Marlin', 'Mack', 'F', '1965-11-12', 28.66, '7573454871', '12761');
INSERT INTO EMPLOYEE (SSN, EMP_ID, FNAME, MNAME, LNAME, SEX, BIRTH_DATE, PAY_RATE, PHONE_NUM, COMPANY_ID) VALUES ('175158330', 70192, 'Shannon', 'Sailor', 'Stark', 'F', '1977-10-17', 16.43, '5733585859', '23023');
INSERT INTO EMPLOYEE (SSN, EMP_ID, FNAME, MNAME, LNAME, SEX, BIRTH_DATE, PAY_RATE, PHONE_NUM, COMPANY_ID) VALUES ('182701951', 70193, 'Alec', 'Laurie', 'Rice', 'M', '1966-09-11', 22.31, '6572414470', '12761');
INSERT INTO EMPLOYEE (SSN, EMP_ID, FNAME, MNAME, LNAME, SEX, BIRTH_DATE, PAY_RATE, PHONE_NUM, COMPANY_ID) VALUES ('106062877', 70194, 'Max', 'Poet', 'Hughes', 'F', '1995-11-22', 43.65, '7325791302', '13241');
INSERT INTO EMPLOYEE (SSN, EMP_ID, FNAME, MNAME, LNAME, SEX, BIRTH_DATE, PAY_RATE, PHONE_NUM, COMPANY_ID) VALUES ('133179373', 70195, 'Gaige', 'Teagan', 'William', 'M', '1998-07-14', 44.40, '3528872516', '23023');
INSERT INTO EMPLOYEE (SSN, EMP_ID, FNAME, MNAME, LNAME, SEX, BIRTH_DATE, PAY_RATE, PHONE_NUM, COMPANY_ID) VALUES ('186106554', 70196, 'Leonidas', 'Haley', 'Klein', 'M', '1975-11-07', 45.07, '3315553101', '22289');
INSERT INTO EMPLOYEE (SSN, EMP_ID, FNAME, MNAME, LNAME, SEX, BIRTH_DATE, PAY_RATE, PHONE_NUM, COMPANY_ID) VALUES ('159084953', 70197, 'Nikolai', 'Nirvana', 'Kelley', 'M', '1962-10-26', 39.85, '5409331346', '60721');
INSERT INTO EMPLOYEE (SSN, EMP_ID, FNAME, MNAME, LNAME, SEX, BIRTH_DATE, PAY_RATE, PHONE_NUM, COMPANY_ID) VALUES ('179913605', 70198, 'Larry', 'Riley', 'Duncan', 'M', '1987-04-17', 38.10, '4406596571', '22289');
INSERT INTO EMPLOYEE (SSN, EMP_ID, FNAME, MNAME, LNAME, SEX, BIRTH_DATE, PAY_RATE, PHONE_NUM, COMPANY_ID) VALUES ('159115577', 70199, 'Ian', 'Harper', 'Case', 'F', '1973-02-07', 44.78, '8286333635', '60721');
INSERT INTO EMPLOYEE (SSN, EMP_ID, FNAME, MNAME, LNAME, SEX, BIRTH_DATE, PAY_RATE, PHONE_NUM, COMPANY_ID) VALUES ('169159485', 70200, 'Camdyn', 'Jordan', 'Copeland', 'F', '1937-08-31', 49.95, '2567228627', '88873');
INSERT INTO EMPLOYEE (SSN, EMP_ID, FNAME, MNAME, LNAME, SEX, BIRTH_DATE, PAY_RATE, PHONE_NUM, COMPANY_ID) VALUES ('162028641', 70201, 'Emiliano', 'Vashonne', 'Mathis', 'M', '1985-05-25', 25.93, '8014446938', '23023');
INSERT INTO EMPLOYEE (SSN, EMP_ID, FNAME, MNAME, LNAME, SEX, BIRTH_DATE, PAY_RATE, PHONE_NUM, COMPANY_ID) VALUES ('130994728', 70202, 'Paul', 'Sage', 'Puckett', 'M', '1943-06-15', 15.87, '3519041756', '60721');
INSERT INTO EMPLOYEE (SSN, EMP_ID, FNAME, MNAME, LNAME, SEX, BIRTH_DATE, PAY_RATE, PHONE_NUM, COMPANY_ID) VALUES ('120251580', 70203, 'Arian', 'Hayley', 'Lancaster', 'M', '1958-01-24', 15.63, '2394414149', '23023');
INSERT INTO EMPLOYEE (SSN, EMP_ID, FNAME, MNAME, LNAME, SEX, BIRTH_DATE, PAY_RATE, PHONE_NUM, COMPANY_ID) VALUES ('112725589', 70204, 'Macey', 'Kira', 'Bowen', 'F', '1952-05-14', 34.18, '6023962149', '88873');
INSERT INTO EMPLOYEE (SSN, EMP_ID, FNAME, MNAME, LNAME, SEX, BIRTH_DATE, PAY_RATE, PHONE_NUM, COMPANY_ID) VALUES ('141544685', 70205, 'Sienna', 'Jaden', 'Beard', 'M', '1963-09-21', 29.42, '2763067366', '13241');
INSERT INTO EMPLOYEE (SSN, EMP_ID, FNAME, MNAME, LNAME, SEX, BIRTH_DATE, PAY_RATE, PHONE_NUM, COMPANY_ID) VALUES ('136712339', 70206, 'Ivan', 'Jamie', 'Dale', 'M', '1950-02-02', 19.39, '9382182044', '88873');
INSERT INTO EMPLOYEE (SSN, EMP_ID, FNAME, MNAME, LNAME, SEX, BIRTH_DATE, PAY_RATE, PHONE_NUM, COMPANY_ID) VALUES ('125792169', 70207, 'Efrain', 'Jae', 'Frye', 'F', '1955-10-31', 46.98, '6415393513', '88873');
INSERT INTO EMPLOYEE (SSN, EMP_ID, FNAME, MNAME, LNAME, SEX, BIRTH_DATE, PAY_RATE, PHONE_NUM, COMPANY_ID) VALUES ('166369450', 70208, 'Shania', 'Sloan', 'Randall', 'M', '1986-08-22', 12.13, '6513135576', '60721');
INSERT INTO EMPLOYEE (SSN, EMP_ID, FNAME, MNAME, LNAME, SEX, BIRTH_DATE, PAY_RATE, PHONE_NUM, COMPANY_ID) VALUES ('175657248', 70209, 'Jemma', 'Unique', 'Allen', 'M', '1991-04-17', 32.37, '4432059359', '22289');
INSERT INTO EMPLOYEE (SSN, EMP_ID, FNAME, MNAME, LNAME, SEX, BIRTH_DATE, PAY_RATE, PHONE_NUM, COMPANY_ID) VALUES ('160297166', 70210, 'Roman', 'Jada', 'Carey', 'F', '1988-02-29', 28.42, '7793834624', '23023');
INSERT INTO EMPLOYEE (SSN, EMP_ID, FNAME, MNAME, LNAME, SEX, BIRTH_DATE, PAY_RATE, PHONE_NUM, COMPANY_ID) VALUES ('113850148', 70211, 'Stacy', 'Taylor', 'Gamble', 'F', '1987-11-20', 24.82, '6108249717', '88873');
INSERT INTO EMPLOYEE (SSN, EMP_ID, FNAME, MNAME, LNAME, SEX, BIRTH_DATE, PAY_RATE, PHONE_NUM, COMPANY_ID) VALUES ('139099459', 70212, 'Camdyn', 'Malory', 'Chapman', 'M', '1989-04-12', 26.45, '7851303183', '22289');
INSERT INTO EMPLOYEE (SSN, EMP_ID, FNAME, MNAME, LNAME, SEX, BIRTH_DATE, PAY_RATE, PHONE_NUM, COMPANY_ID) VALUES ('188190309', 70213, 'Vicente', 'Shannon', 'Bentley', 'F', '1989-10-22', 27.55, '4345112884', '23023');
INSERT INTO EMPLOYEE (SSN, EMP_ID, FNAME, MNAME, LNAME, SEX, BIRTH_DATE, PAY_RATE, PHONE_NUM, COMPANY_ID) VALUES ('164061380', 70214, 'Scarlet', 'Seven', 'Rosa', 'M', '1935-01-16', 15.12, '5123904848', '22289');
INSERT INTO EMPLOYEE (SSN, EMP_ID, FNAME, MNAME, LNAME, SEX, BIRTH_DATE, PAY_RATE, PHONE_NUM, COMPANY_ID) VALUES ('170142388', 70215, 'Enzo', 'Jaden', 'Cantrell', 'F', '1996-03-24', 31.90, '9033818368', '23023');
INSERT INTO EMPLOYEE (SSN, EMP_ID, FNAME, MNAME, LNAME, SEX, BIRTH_DATE, PAY_RATE, PHONE_NUM, COMPANY_ID) VALUES ('184224524', 70216, 'Aryana', 'Addison', 'Bowen', 'F', '1957-10-12', 14.13, '6159535650', '13241');
INSERT INTO EMPLOYEE (SSN, EMP_ID, FNAME, MNAME, LNAME, SEX, BIRTH_DATE, PAY_RATE, PHONE_NUM, COMPANY_ID) VALUES ('107801022', 70217, 'Arielle', 'Kacey', 'Horne', 'M', '1977-02-13', 31.44, '5519780711', '83234');
INSERT INTO EMPLOYEE (SSN, EMP_ID, FNAME, MNAME, LNAME, SEX, BIRTH_DATE, PAY_RATE, PHONE_NUM, COMPANY_ID) VALUES ('148477159', 70218, 'Journee', 'Kennady', 'Duffy', 'F', '1998-12-30', 22.47, '9525354544', '60721');
INSERT INTO EMPLOYEE (SSN, EMP_ID, FNAME, MNAME, LNAME, SEX, BIRTH_DATE, PAY_RATE, PHONE_NUM, COMPANY_ID) VALUES ('154996908', 70219, 'Steve', 'Jamie', 'Weber', 'M', '1987-08-17', 32.44, '3017047914', '22289');
INSERT INTO EMPLOYEE (SSN, EMP_ID, FNAME, MNAME, LNAME, SEX, BIRTH_DATE, PAY_RATE, PHONE_NUM, COMPANY_ID) VALUES ('189775468', 70220, 'Rihanna', 'Marty', 'Schroeder', 'M', '1996-03-01', 34.21, '3056446911', '83234');
INSERT INTO EMPLOYEE (SSN, EMP_ID, FNAME, MNAME, LNAME, SEX, BIRTH_DATE, PAY_RATE, PHONE_NUM, COMPANY_ID) VALUES ('144692666', 70221, 'Salma', 'Bunny', 'Diaz', 'F', '1964-03-08', 41.12, '9156979913', '83234');
INSERT INTO EMPLOYEE (SSN, EMP_ID, FNAME, MNAME, LNAME, SEX, BIRTH_DATE, PAY_RATE, PHONE_NUM, COMPANY_ID) VALUES ('180532270', 70222, 'Desmond', 'Jaz', 'Frazier', 'M', '1995-12-25', 22.24, '3043100760', '12761');
INSERT INTO EMPLOYEE (SSN, EMP_ID, FNAME, MNAME, LNAME, SEX, BIRTH_DATE, PAY_RATE, PHONE_NUM, COMPANY_ID) VALUES ('153123863', 70223, 'Mariano', 'River', 'Dunlap', 'F', '1953-02-09', 24.11, '7695700247', '13241');
INSERT INTO EMPLOYEE (SSN, EMP_ID, FNAME, MNAME, LNAME, SEX, BIRTH_DATE, PAY_RATE, PHONE_NUM, COMPANY_ID) VALUES ('147681640', 70224, 'Sonny', 'Mallory', 'Conner', 'F', '1943-07-11', 30.60, '5614748843', '83234');
INSERT INTO EMPLOYEE (SSN, EMP_ID, FNAME, MNAME, LNAME, SEX, BIRTH_DATE, PAY_RATE, PHONE_NUM, COMPANY_ID) VALUES ('102368225', 70225, 'Alice', 'Lesley', 'Finley', 'M', '1950-05-25', 39.39, '6199433929', '83234');
INSERT INTO EMPLOYEE (SSN, EMP_ID, FNAME, MNAME, LNAME, SEX, BIRTH_DATE, PAY_RATE, PHONE_NUM, COMPANY_ID) VALUES ('114494088', 70226, 'Benjamin', 'Leslie', 'Harding', 'M', '1964-09-29', 41.55, '5414020051', '83234');
INSERT INTO EMPLOYEE (SSN, EMP_ID, FNAME, MNAME, LNAME, SEX, BIRTH_DATE, PAY_RATE, PHONE_NUM, COMPANY_ID) VALUES ('175479058', 70227, 'Benton', 'Jinx', 'Goodwin', 'F', '1970-09-20', 33.22, '8025155764', '12761');
INSERT INTO EMPLOYEE (SSN, EMP_ID, FNAME, MNAME, LNAME, SEX, BIRTH_DATE, PAY_RATE, PHONE_NUM, COMPANY_ID) VALUES ('119640151', 70228, 'Melvin', 'Dusty', 'Willis', 'M', '1966-09-03', 37.71, '7573724873', '60721');
INSERT INTO EMPLOYEE (SSN, EMP_ID, FNAME, MNAME, LNAME, SEX, BIRTH_DATE, PAY_RATE, PHONE_NUM, COMPANY_ID) VALUES ('167386423', 70229, 'Hayes', 'Shani', 'Christensen', 'M', '1983-09-19', 11.16, '8089111463', '60721');
INSERT INTO EMPLOYEE (SSN, EMP_ID, FNAME, MNAME, LNAME, SEX, BIRTH_DATE, PAY_RATE, PHONE_NUM, COMPANY_ID) VALUES ('119206268', 70230, 'Giovanna', 'Leslie', 'Casey', 'F', '1974-12-17', 32.89, '7605430215', '23023');
INSERT INTO EMPLOYEE (SSN, EMP_ID, FNAME, MNAME, LNAME, SEX, BIRTH_DATE, PAY_RATE, PHONE_NUM, COMPANY_ID) VALUES ('180426285', 70231, 'Teresa', 'Shani', 'Humphrey', 'M', '1961-01-25', 24.43, '4137070287', '13241');
INSERT INTO EMPLOYEE (SSN, EMP_ID, FNAME, MNAME, LNAME, SEX, BIRTH_DATE, PAY_RATE, PHONE_NUM, COMPANY_ID) VALUES ('154254150', 70232, 'Gideon', 'Kacey', 'Allison', 'F', '1965-07-06', 24.78, '6514843642', '88873');
INSERT INTO EMPLOYEE (SSN, EMP_ID, FNAME, MNAME, LNAME, SEX, BIRTH_DATE, PAY_RATE, PHONE_NUM, COMPANY_ID) VALUES ('101919440', 70233, 'Juniper', 'Arely', 'Keith', 'M', '1993-02-03', 37.25, '5415379004', '12761');
INSERT INTO EMPLOYEE (SSN, EMP_ID, FNAME, MNAME, LNAME, SEX, BIRTH_DATE, PAY_RATE, PHONE_NUM, COMPANY_ID) VALUES ('129281062', 70234, 'Joziah', 'Aubra', 'Summers', 'M', '1995-05-15', 42.96, '4045830558', '83234');
INSERT INTO EMPLOYEE (SSN, EMP_ID, FNAME, MNAME, LNAME, SEX, BIRTH_DATE, PAY_RATE, PHONE_NUM, COMPANY_ID) VALUES ('145623568', 70235, 'Kaliyah', 'Stacey', 'Mccarthy', 'F', '1989-12-29', 36.73, '7473179609', '83234');
INSERT INTO EMPLOYEE (SSN, EMP_ID, FNAME, MNAME, LNAME, SEX, BIRTH_DATE, PAY_RATE, PHONE_NUM, COMPANY_ID) VALUES ('173750301', 70236, 'Aileen', 'Tatumn', 'May', 'M', '1958-10-16', 16.81, '2627688108', '88873');
INSERT INTO EMPLOYEE (SSN, EMP_ID, FNAME, MNAME, LNAME, SEX, BIRTH_DATE, PAY_RATE, PHONE_NUM, COMPANY_ID) VALUES ('108590477', 70237, 'Anya', 'Paige', 'Farmer', 'M', '1933-12-08', 38.22, '2818153371', '13241');
INSERT INTO EMPLOYEE (SSN, EMP_ID, FNAME, MNAME, LNAME, SEX, BIRTH_DATE, PAY_RATE, PHONE_NUM, COMPANY_ID) VALUES ('185570043', 70238, 'Caydence', 'Liberty', 'Nieves', 'M', '1971-12-21', 49.14, '2029694709', '12761');
INSERT INTO EMPLOYEE (SSN, EMP_ID, FNAME, MNAME, LNAME, SEX, BIRTH_DATE, PAY_RATE, PHONE_NUM, COMPANY_ID) VALUES ('115146266', 70239, 'Jamie', 'Seven', 'Lee', 'F', '1989-09-27', 40.19, '6829270397', '12761');
INSERT INTO EMPLOYEE (SSN, EMP_ID, FNAME, MNAME, LNAME, SEX, BIRTH_DATE, PAY_RATE, PHONE_NUM, COMPANY_ID) VALUES ('160903679', 70240, 'Yandel', 'Devan', 'Pearson', 'F', '1972-11-08', 45.53, '6017795522', '23023');
INSERT INTO EMPLOYEE (SSN, EMP_ID, FNAME, MNAME, LNAME, SEX, BIRTH_DATE, PAY_RATE, PHONE_NUM, COMPANY_ID) VALUES ('147827923', 70241, 'Angelina', 'Andrea', 'Patterson', 'F', '1959-09-05', 11.21, '9562403992', '22289');
INSERT INTO EMPLOYEE (SSN, EMP_ID, FNAME, MNAME, LNAME, SEX, BIRTH_DATE, PAY_RATE, PHONE_NUM, COMPANY_ID) VALUES ('125310805', 70242, 'Jaylin', 'Madison', 'Cooke', 'F', '1948-02-08', 20.21, '6069817032', '13241');
INSERT INTO EMPLOYEE (SSN, EMP_ID, FNAME, MNAME, LNAME, SEX, BIRTH_DATE, PAY_RATE, PHONE_NUM, COMPANY_ID) VALUES ('153774530', 70243, 'Maeve', 'Mo', 'Hart', 'M', '1941-10-07', 15.84, '6784357814', '12761');
INSERT INTO EMPLOYEE (SSN, EMP_ID, FNAME, MNAME, LNAME, SEX, BIRTH_DATE, PAY_RATE, PHONE_NUM, COMPANY_ID) VALUES ('130302068', 70244, 'Sienna', 'Jaiden', 'Lott', 'F', '1987-07-24', 33.40, '7142565246', '60721');
INSERT INTO EMPLOYEE (SSN, EMP_ID, FNAME, MNAME, LNAME, SEX, BIRTH_DATE, PAY_RATE, PHONE_NUM, COMPANY_ID) VALUES ('115323464', 70245, 'Bridget', 'Dale', 'Hatfield', 'M', '1979-06-06', 36.92, '7748204423', '12761');
INSERT INTO EMPLOYEE (SSN, EMP_ID, FNAME, MNAME, LNAME, SEX, BIRTH_DATE, PAY_RATE, PHONE_NUM, COMPANY_ID) VALUES ('154233730', 70246, 'Anders', 'Jami', 'Moses', 'F', '1964-05-07', 38.94, '9416030813', '83234');
INSERT INTO EMPLOYEE (SSN, EMP_ID, FNAME, MNAME, LNAME, SEX, BIRTH_DATE, PAY_RATE, PHONE_NUM, COMPANY_ID) VALUES ('132801555', 70247, 'Rodney', 'Mackenzi', 'Farrell', 'M', '1938-10-24', 31.58, '4078659830', '60721');
INSERT INTO EMPLOYEE (SSN, EMP_ID, FNAME, MNAME, LNAME, SEX, BIRTH_DATE, PAY_RATE, PHONE_NUM, COMPANY_ID) VALUES ('182952503', 70248, 'Addisyn', 'Meridian', 'Irwin', 'F', '1953-09-06', 16.61, '2081353617', '13241');
INSERT INTO EMPLOYEE (SSN, EMP_ID, FNAME, MNAME, LNAME, SEX, BIRTH_DATE, PAY_RATE, PHONE_NUM, COMPANY_ID) VALUES ('103536006', 70249, 'Allie', 'Delmar', 'Dunn', 'F', '1977-05-06', 11.67, '3089745064', '23023');
INSERT INTO EMPLOYEE (SSN, EMP_ID, FNAME, MNAME, LNAME, SEX, BIRTH_DATE, PAY_RATE, PHONE_NUM, COMPANY_ID) VALUES ('141933275', 70250, 'Madalynn', 'Scout', 'Castro', 'M', '1945-02-08', 19.51, '6571294735', '60721');
INSERT INTO EMPLOYEE (SSN, EMP_ID, FNAME, MNAME, LNAME, SEX, BIRTH_DATE, PAY_RATE, PHONE_NUM, COMPANY_ID) VALUES ('117425416', 70251, 'Kaitlynn', 'Jae', 'Garner', 'M', '1940-04-03', 22.00, '5622185985', '22289');
INSERT INTO EMPLOYEE (SSN, EMP_ID, FNAME, MNAME, LNAME, SEX, BIRTH_DATE, PAY_RATE, PHONE_NUM, COMPANY_ID) VALUES ('122601690', 70252, 'Norah', 'Ricki', 'York', 'M', '1954-11-25', 10.19, '6179103312', '83234');
INSERT INTO EMPLOYEE (SSN, EMP_ID, FNAME, MNAME, LNAME, SEX, BIRTH_DATE, PAY_RATE, PHONE_NUM, COMPANY_ID) VALUES ('184240902', 70253, 'Sarai', 'Ellis', 'Calderon', 'M', '1943-11-10', 21.17, '9384244629', '23023');
INSERT INTO EMPLOYEE (SSN, EMP_ID, FNAME, MNAME, LNAME, SEX, BIRTH_DATE, PAY_RATE, PHONE_NUM, COMPANY_ID) VALUES ('135949135', 70254, 'Ezra', 'Kenyatta', 'Tillman', 'F', '1949-04-10', 21.30, '3156585577', '60721');
INSERT INTO EMPLOYEE (SSN, EMP_ID, FNAME, MNAME, LNAME, SEX, BIRTH_DATE, PAY_RATE, PHONE_NUM, COMPANY_ID) VALUES ('164904179', 70255, 'Elisa', 'Marquise', 'Orr', 'M', '1936-08-13', 18.28, '7186781970', '22289');
INSERT INTO EMPLOYEE (SSN, EMP_ID, FNAME, MNAME, LNAME, SEX, BIRTH_DATE, PAY_RATE, PHONE_NUM, COMPANY_ID) VALUES ('149844688', 70256, 'Reed', 'Alonzia', 'Suarez', 'F', '1993-12-27', 28.80, '3032053001', '22289');
INSERT INTO EMPLOYEE (SSN, EMP_ID, FNAME, MNAME, LNAME, SEX, BIRTH_DATE, PAY_RATE, PHONE_NUM, COMPANY_ID) VALUES ('102006116', 70257, 'Jamal', 'Dallas', 'Wilkins', 'F', '1981-05-12', 37.73, '3616995090', '88873');
INSERT INTO EMPLOYEE (SSN, EMP_ID, FNAME, MNAME, LNAME, SEX, BIRTH_DATE, PAY_RATE, PHONE_NUM, COMPANY_ID) VALUES ('122438599', 70258, 'Ray', 'Payton', 'Knight', 'M', '1988-05-19', 43.16, '7758214093', '22289');
INSERT INTO EMPLOYEE (SSN, EMP_ID, FNAME, MNAME, LNAME, SEX, BIRTH_DATE, PAY_RATE, PHONE_NUM, COMPANY_ID) VALUES ('154529517', 70259, 'Elsie', 'Phoenix', 'Espinoza', 'F', '1941-07-31', 36.77, '3609922883', '12761');
INSERT INTO EMPLOYEE (SSN, EMP_ID, FNAME, MNAME, LNAME, SEX, BIRTH_DATE, PAY_RATE, PHONE_NUM, COMPANY_ID) VALUES ('166580206', 70260, 'Jean', 'Jaqarta', 'Reyes', 'F', '1951-12-07', 21.29, '2396774910', '23023');
INSERT INTO EMPLOYEE (SSN, EMP_ID, FNAME, MNAME, LNAME, SEX, BIRTH_DATE, PAY_RATE, PHONE_NUM, COMPANY_ID) VALUES ('101961892', 70261, 'Abel', 'Tailor', 'Raymond', 'M', '1946-03-26', 32.13, '3149295434', '13241');
INSERT INTO EMPLOYEE (SSN, EMP_ID, FNAME, MNAME, LNAME, SEX, BIRTH_DATE, PAY_RATE, PHONE_NUM, COMPANY_ID) VALUES ('182828950', 70262, 'Leila', 'Memphis', 'Adkins', 'F', '1968-08-13', 38.70, '3858375943', '60721');
INSERT INTO EMPLOYEE (SSN, EMP_ID, FNAME, MNAME, LNAME, SEX, BIRTH_DATE, PAY_RATE, PHONE_NUM, COMPANY_ID) VALUES ('109779357', 70263, 'Cailyn', 'Aubree', 'Page', 'M', '1942-10-06', 40.64, '5515870580', '22289');
INSERT INTO EMPLOYEE (SSN, EMP_ID, FNAME, MNAME, LNAME, SEX, BIRTH_DATE, PAY_RATE, PHONE_NUM, COMPANY_ID) VALUES ('167319515', 70264, 'Leonel', 'Hillary', 'Landry', 'M', '1991-07-20', 35.30, '9135533222', '12761');
INSERT INTO EMPLOYEE (SSN, EMP_ID, FNAME, MNAME, LNAME, SEX, BIRTH_DATE, PAY_RATE, PHONE_NUM, COMPANY_ID) VALUES ('167720673', 70265, 'Kaiden', 'Kalin', 'Wise', 'M', '1949-11-12', 43.86, '4051908761', '12761');
INSERT INTO EMPLOYEE (SSN, EMP_ID, FNAME, MNAME, LNAME, SEX, BIRTH_DATE, PAY_RATE, PHONE_NUM, COMPANY_ID) VALUES ('131716256', 70266, 'Mariano', 'Hailey', 'Nieves', 'F', '1944-12-20', 42.95, '7064754079', '60721');
INSERT INTO EMPLOYEE (SSN, EMP_ID, FNAME, MNAME, LNAME, SEX, BIRTH_DATE, PAY_RATE, PHONE_NUM, COMPANY_ID) VALUES ('182932537', 70267, 'Nina', 'Dallas', 'Hurst', 'F', '1942-03-19', 18.77, '9169057568', '12761');
INSERT INTO EMPLOYEE (SSN, EMP_ID, FNAME, MNAME, LNAME, SEX, BIRTH_DATE, PAY_RATE, PHONE_NUM, COMPANY_ID) VALUES ('150628029', 70268, 'Bradyn', 'Jaycee', 'Gallagher', 'F', '1977-03-28', 40.01, '2154029423', '23023');
INSERT INTO EMPLOYEE (SSN, EMP_ID, FNAME, MNAME, LNAME, SEX, BIRTH_DATE, PAY_RATE, PHONE_NUM, COMPANY_ID) VALUES ('147543271', 70269, 'Joslyn', 'Rohan', 'Marshall', 'M', '1984-10-04', 10.27, '8585677196', '88873');
INSERT INTO EMPLOYEE (SSN, EMP_ID, FNAME, MNAME, LNAME, SEX, BIRTH_DATE, PAY_RATE, PHONE_NUM, COMPANY_ID) VALUES ('127595239', 70270, 'Kasey', 'Riley', 'Mathews', 'M', '1968-12-24', 24.72, '6091634380', '88873');
INSERT INTO EMPLOYEE (SSN, EMP_ID, FNAME, MNAME, LNAME, SEX, BIRTH_DATE, PAY_RATE, PHONE_NUM, COMPANY_ID) VALUES ('158652331', 70271, 'Liana', 'Laurence', 'Boyd', 'F', '1965-07-01', 39.66, '5153293304', '22289');
INSERT INTO EMPLOYEE (SSN, EMP_ID, FNAME, MNAME, LNAME, SEX, BIRTH_DATE, PAY_RATE, PHONE_NUM, COMPANY_ID) VALUES ('146717715', 70272, 'Clarissa', 'Lani', 'Gonzalez', 'F', '1941-01-12', 20.84, '3094872310', '12761');
INSERT INTO EMPLOYEE (SSN, EMP_ID, FNAME, MNAME, LNAME, SEX, BIRTH_DATE, PAY_RATE, PHONE_NUM, COMPANY_ID) VALUES ('131932830', 70273, 'Crew', 'Terry', 'Benton', 'F', '1954-05-06', 15.40, '3037603661', '23023');
INSERT INTO EMPLOYEE (SSN, EMP_ID, FNAME, MNAME, LNAME, SEX, BIRTH_DATE, PAY_RATE, PHONE_NUM, COMPANY_ID) VALUES ('184283716', 70274, 'Atticus', 'Kennady', 'Alvarado', 'M', '1941-10-13', 16.46, '4708169736', '88873');
INSERT INTO EMPLOYEE (SSN, EMP_ID, FNAME, MNAME, LNAME, SEX, BIRTH_DATE, PAY_RATE, PHONE_NUM, COMPANY_ID) VALUES ('156634926', 70275, 'Armani', 'Jami', 'Walls', 'F', '1971-10-11', 15.14, '5092043638', '23023');
INSERT INTO EMPLOYEE (SSN, EMP_ID, FNAME, MNAME, LNAME, SEX, BIRTH_DATE, PAY_RATE, PHONE_NUM, COMPANY_ID) VALUES ('149705668', 70276, 'Jaylyn', 'Marlin', 'Macdonald', 'M', '1937-02-17', 19.39, '6368706803', '12761');
INSERT INTO EMPLOYEE (SSN, EMP_ID, FNAME, MNAME, LNAME, SEX, BIRTH_DATE, PAY_RATE, PHONE_NUM, COMPANY_ID) VALUES ('124571769', 70277, 'Maggie', 'Mandy', 'Patrick', 'F', '1938-06-17', 43.47, '3312661526', '13241');
INSERT INTO EMPLOYEE (SSN, EMP_ID, FNAME, MNAME, LNAME, SEX, BIRTH_DATE, PAY_RATE, PHONE_NUM, COMPANY_ID) VALUES ('138104470', 70278, 'Max', 'Blythe', 'Howe', 'M', '1941-11-03', 24.71, '4844723602', '60721');
INSERT INTO EMPLOYEE (SSN, EMP_ID, FNAME, MNAME, LNAME, SEX, BIRTH_DATE, PAY_RATE, PHONE_NUM, COMPANY_ID) VALUES ('138024062', 70279, 'Bristol', 'Marty', 'Frank', 'M', '1963-02-06', 49.83, '6051476346', '13241');
INSERT INTO EMPLOYEE (SSN, EMP_ID, FNAME, MNAME, LNAME, SEX, BIRTH_DATE, PAY_RATE, PHONE_NUM, COMPANY_ID) VALUES ('127646193', 70280, 'Angel', 'River', 'Calhoun', 'F', '1937-03-04', 44.96, '3071790157', '23023');
INSERT INTO EMPLOYEE (SSN, EMP_ID, FNAME, MNAME, LNAME, SEX, BIRTH_DATE, PAY_RATE, PHONE_NUM, COMPANY_ID) VALUES ('180228572', 70281, 'Chana', 'Piper', 'Kelley', 'F', '1959-04-13', 29.69, '6612202491', '60721');
INSERT INTO EMPLOYEE (SSN, EMP_ID, FNAME, MNAME, LNAME, SEX, BIRTH_DATE, PAY_RATE, PHONE_NUM, COMPANY_ID) VALUES ('115309732', 70282, 'Kole', 'Terry', 'Hendrix', 'M', '1969-01-19', 29.21, '4309258717', '22289');
INSERT INTO EMPLOYEE (SSN, EMP_ID, FNAME, MNAME, LNAME, SEX, BIRTH_DATE, PAY_RATE, PHONE_NUM, COMPANY_ID) VALUES ('185773923', 70283, 'Braylee', 'Maya', 'Pollard', 'M', '1953-09-10', 16.92, '7274932498', '22289');
INSERT INTO EMPLOYEE (SSN, EMP_ID, FNAME, MNAME, LNAME, SEX, BIRTH_DATE, PAY_RATE, PHONE_NUM, COMPANY_ID) VALUES ('130294083', 70284, 'Brody', 'Whitley', 'Palmer', 'F', '1992-05-28', 30.91, '6718234262', '12761');
INSERT INTO EMPLOYEE (SSN, EMP_ID, FNAME, MNAME, LNAME, SEX, BIRTH_DATE, PAY_RATE, PHONE_NUM, COMPANY_ID) VALUES ('115114259', 70285, 'Waylon', 'Rio', 'Hogan', 'F', '1967-07-24', 32.87, '4107098905', '60721');
INSERT INTO EMPLOYEE (SSN, EMP_ID, FNAME, MNAME, LNAME, SEX, BIRTH_DATE, PAY_RATE, PHONE_NUM, COMPANY_ID) VALUES ('136041026', 70286, 'Jerome', 'Aspen', 'Munoz', 'F', '1997-04-25', 37.69, '4436916349', '88873');
INSERT INTO EMPLOYEE (SSN, EMP_ID, FNAME, MNAME, LNAME, SEX, BIRTH_DATE, PAY_RATE, PHONE_NUM, COMPANY_ID) VALUES ('166124230', 70287, 'Amanda', 'Jinx', 'Lawrence', 'M', '1968-04-29', 29.31, '5051929580', '60721');
INSERT INTO EMPLOYEE (SSN, EMP_ID, FNAME, MNAME, LNAME, SEX, BIRTH_DATE, PAY_RATE, PHONE_NUM, COMPANY_ID) VALUES ('137249238', 70288, 'Kieran', 'Nirvana', 'Cruz', 'F', '1964-10-06', 10.02, '6369393670', '83234');
INSERT INTO EMPLOYEE (SSN, EMP_ID, FNAME, MNAME, LNAME, SEX, BIRTH_DATE, PAY_RATE, PHONE_NUM, COMPANY_ID) VALUES ('119831356', 70289, 'Valerie', 'Kenyatta', 'Mathis', 'M', '1954-03-19', 29.47, '5512177248', '12761');
INSERT INTO EMPLOYEE (SSN, EMP_ID, FNAME, MNAME, LNAME, SEX, BIRTH_DATE, PAY_RATE, PHONE_NUM, COMPANY_ID) VALUES ('125770121', 70290, 'Gary', 'Dallin', 'Madden', 'M', '1970-03-18', 35.69, '4101140498', '60721');
INSERT INTO EMPLOYEE (SSN, EMP_ID, FNAME, MNAME, LNAME, SEX, BIRTH_DATE, PAY_RATE, PHONE_NUM, COMPANY_ID) VALUES ('180628756', 70291, 'Sofia', 'Phoenix', 'Dixon', 'F', '1943-07-16', 47.47, '5175852878', '83234');
INSERT INTO EMPLOYEE (SSN, EMP_ID, FNAME, MNAME, LNAME, SEX, BIRTH_DATE, PAY_RATE, PHONE_NUM, COMPANY_ID) VALUES ('130422487', 70292, 'Kinley', 'Sammy', 'Koch', 'F', '1961-02-01', 36.88, '9714171059', '88873');
INSERT INTO EMPLOYEE (SSN, EMP_ID, FNAME, MNAME, LNAME, SEX, BIRTH_DATE, PAY_RATE, PHONE_NUM, COMPANY_ID) VALUES ('166721347', 70293, 'Dorothy', 'Jami', 'Cantu', 'M', '1959-10-09', 27.99, '2525265605', '23023');
INSERT INTO EMPLOYEE (SSN, EMP_ID, FNAME, MNAME, LNAME, SEX, BIRTH_DATE, PAY_RATE, PHONE_NUM, COMPANY_ID) VALUES ('156014355', 70294, 'Sylvia', 'French', 'Gaines', 'M', '1936-01-07', 37.25, '4247190510', '23023');
INSERT INTO EMPLOYEE (SSN, EMP_ID, FNAME, MNAME, LNAME, SEX, BIRTH_DATE, PAY_RATE, PHONE_NUM, COMPANY_ID) VALUES ('188268890', 70295, 'Nadia', 'Roma', 'Campbell', 'F', '1934-04-12', 21.35, '8472073256', '23023');
INSERT INTO EMPLOYEE (SSN, EMP_ID, FNAME, MNAME, LNAME, SEX, BIRTH_DATE, PAY_RATE, PHONE_NUM, COMPANY_ID) VALUES ('171329603', 70296, 'Shayla', 'Adaya', 'Castro', 'F', '1944-05-27', 14.32, '4842684950', '23023');
INSERT INTO EMPLOYEE (SSN, EMP_ID, FNAME, MNAME, LNAME, SEX, BIRTH_DATE, PAY_RATE, PHONE_NUM, COMPANY_ID) VALUES ('118183355', 70297, 'Caylee', 'Montana', 'Grimes', 'M', '1973-10-29', 45.29, '4402729305', '83234');
INSERT INTO EMPLOYEE (SSN, EMP_ID, FNAME, MNAME, LNAME, SEX, BIRTH_DATE, PAY_RATE, PHONE_NUM, COMPANY_ID) VALUES ('129116543', 70298, 'Russell', 'Jocelyn', 'Hunt', 'F', '1986-09-05', 22.19, '3134173333', '88873');
INSERT INTO EMPLOYEE (SSN, EMP_ID, FNAME, MNAME, LNAME, SEX, BIRTH_DATE, PAY_RATE, PHONE_NUM, COMPANY_ID) VALUES ('151564146', 70299, 'Russell', 'Eden', 'Massey', 'M', '1979-12-07', 23.10, '9311624856', '22289');
INSERT INTO EMPLOYEE (SSN, EMP_ID, FNAME, MNAME, LNAME, SEX, BIRTH_DATE, PAY_RATE, PHONE_NUM, COMPANY_ID) VALUES ('167302973', 70300, 'Alden', 'Brynn', 'Hoover', 'M', '1985-07-06', 41.89, '9205470392', '88873');
INSERT INTO EMPLOYEE (SSN, EMP_ID, FNAME, MNAME, LNAME, SEX, BIRTH_DATE, PAY_RATE, PHONE_NUM, COMPANY_ID) VALUES ('165686140', 70301, 'Cassidy', 'Shannan', 'Wiggins', 'M', '1936-12-07', 13.16, '6145540231', '13241');
INSERT INTO EMPLOYEE (SSN, EMP_ID, FNAME, MNAME, LNAME, SEX, BIRTH_DATE, PAY_RATE, PHONE_NUM, COMPANY_ID) VALUES ('110837328', 70302, 'Esmeralda', 'Immanuela', 'Larson', 'F', '1941-09-30', 19.57, '3376100088', '60721');
INSERT INTO EMPLOYEE (SSN, EMP_ID, FNAME, MNAME, LNAME, SEX, BIRTH_DATE, PAY_RATE, PHONE_NUM, COMPANY_ID) VALUES ('128388979', 70303, 'Sonny', 'Kira', 'Barron', 'F', '1941-09-27', 31.49, '5512615649', '13241');
INSERT INTO EMPLOYEE (SSN, EMP_ID, FNAME, MNAME, LNAME, SEX, BIRTH_DATE, PAY_RATE, PHONE_NUM, COMPANY_ID) VALUES ('179265007', 70304, 'Harley', 'Kinsey', 'Patel', 'F', '1994-02-26', 40.83, '8656800131', '23023');
INSERT INTO EMPLOYEE (SSN, EMP_ID, FNAME, MNAME, LNAME, SEX, BIRTH_DATE, PAY_RATE, PHONE_NUM, COMPANY_ID) VALUES ('135575681', 70305, 'Leon', 'Jadin', 'Nieves', 'M', '1978-07-20', 13.77, '7404868921', '12761');
INSERT INTO EMPLOYEE (SSN, EMP_ID, FNAME, MNAME, LNAME, SEX, BIRTH_DATE, PAY_RATE, PHONE_NUM, COMPANY_ID) VALUES ('101109249', 70306, 'Brenna', 'Merlyn', 'Tyler', 'F', '1968-10-05', 44.46, '9088428144', '83234');
INSERT INTO EMPLOYEE (SSN, EMP_ID, FNAME, MNAME, LNAME, SEX, BIRTH_DATE, PAY_RATE, PHONE_NUM, COMPANY_ID) VALUES ('171162666', 70307, 'Tomas', 'Leigh', 'Mack', 'F', '1954-06-07', 15.26, '5394413892', '23023');
INSERT INTO EMPLOYEE (SSN, EMP_ID, FNAME, MNAME, LNAME, SEX, BIRTH_DATE, PAY_RATE, PHONE_NUM, COMPANY_ID) VALUES ('148808631', 70308, 'Quincy', 'Mckenzie', 'Kirkland', 'F', '1984-07-26', 18.94, '9891771849', '83234');
INSERT INTO EMPLOYEE (SSN, EMP_ID, FNAME, MNAME, LNAME, SEX, BIRTH_DATE, PAY_RATE, PHONE_NUM, COMPANY_ID) VALUES ('131030109', 70309, 'Rebekah', 'Ocie', 'Spence', 'M', '1987-07-17', 16.70, '3349676892', '22289');
INSERT INTO EMPLOYEE (SSN, EMP_ID, FNAME, MNAME, LNAME, SEX, BIRTH_DATE, PAY_RATE, PHONE_NUM, COMPANY_ID) VALUES ('144376004', 70310, 'Jaron', 'Kira', 'Blake', 'M', '1948-08-17', 16.40, '9048947799', '23023');
INSERT INTO EMPLOYEE (SSN, EMP_ID, FNAME, MNAME, LNAME, SEX, BIRTH_DATE, PAY_RATE, PHONE_NUM, COMPANY_ID) VALUES ('155991023', 70311, 'Jaliyah', 'Rylee', 'Skinner', 'M', '1932-10-29', 14.52, '2405730520', '23023');
INSERT INTO EMPLOYEE (SSN, EMP_ID, FNAME, MNAME, LNAME, SEX, BIRTH_DATE, PAY_RATE, PHONE_NUM, COMPANY_ID) VALUES ('142888783', 70312, 'Ally', 'Dakota', 'Diaz', 'M', '1992-06-12', 22.00, '4345327352', '83234');
INSERT INTO EMPLOYEE (SSN, EMP_ID, FNAME, MNAME, LNAME, SEX, BIRTH_DATE, PAY_RATE, PHONE_NUM, COMPANY_ID) VALUES ('129453877', 70313, 'Leslie', 'Memphis', 'Mcneil', 'M', '1990-01-01', 28.18, '6082593648', '60721');
INSERT INTO EMPLOYEE (SSN, EMP_ID, FNAME, MNAME, LNAME, SEX, BIRTH_DATE, PAY_RATE, PHONE_NUM, COMPANY_ID) VALUES ('155038881', 70314, 'Dorothy', 'Mallory', 'Mercado', 'M', '1970-03-01', 23.04, '4358177136', '22289');
INSERT INTO EMPLOYEE (SSN, EMP_ID, FNAME, MNAME, LNAME, SEX, BIRTH_DATE, PAY_RATE, PHONE_NUM, COMPANY_ID) VALUES ('161203308', 70315, 'Journey', 'Brylee', 'Lang', 'F', '1984-03-03', 33.35, '4437762762', '88873');
INSERT INTO EMPLOYEE (SSN, EMP_ID, FNAME, MNAME, LNAME, SEX, BIRTH_DATE, PAY_RATE, PHONE_NUM, COMPANY_ID) VALUES ('118418094', 70316, 'Nikolas', 'Devyn', 'Rodgers', 'F', '1957-02-11', 15.56, '7154557535', '83234');
INSERT INTO EMPLOYEE (SSN, EMP_ID, FNAME, MNAME, LNAME, SEX, BIRTH_DATE, PAY_RATE, PHONE_NUM, COMPANY_ID) VALUES ('105502750', 70317, 'Lawrence', 'Ronny', 'Chaney', 'M', '1949-06-08', 24.66, '2692925976', '13241');
INSERT INTO EMPLOYEE (SSN, EMP_ID, FNAME, MNAME, LNAME, SEX, BIRTH_DATE, PAY_RATE, PHONE_NUM, COMPANY_ID) VALUES ('124302563', 70318, 'Porter', 'Meredith', 'Copeland', 'M', '1934-02-20', 21.08, '7318244256', '60721');
INSERT INTO EMPLOYEE (SSN, EMP_ID, FNAME, MNAME, LNAME, SEX, BIRTH_DATE, PAY_RATE, PHONE_NUM, COMPANY_ID) VALUES ('181856636', 70319, 'Trace', 'Braiden', 'Gallegos', 'F', '1943-05-03', 15.52, '6169072660', '23023');
INSERT INTO EMPLOYEE (SSN, EMP_ID, FNAME, MNAME, LNAME, SEX, BIRTH_DATE, PAY_RATE, PHONE_NUM, COMPANY_ID) VALUES ('161121023', 70320, 'Theodore', 'Jordyn', 'Tucker', 'F', '1936-02-26', 11.10, '5417594420', '22289');
INSERT INTO EMPLOYEE (SSN, EMP_ID, FNAME, MNAME, LNAME, SEX, BIRTH_DATE, PAY_RATE, PHONE_NUM, COMPANY_ID) VALUES ('180877386', 70321, 'Malia', 'Dakota', 'Delgado', 'M', '1989-03-14', 28.29, '7692473028', '60721');
INSERT INTO EMPLOYEE (SSN, EMP_ID, FNAME, MNAME, LNAME, SEX, BIRTH_DATE, PAY_RATE, PHONE_NUM, COMPANY_ID) VALUES ('174162351', 70322, 'Connor', 'Rory', 'Madden', 'F', '1973-02-27', 49.43, '6367878345', '13241');
INSERT INTO EMPLOYEE (SSN, EMP_ID, FNAME, MNAME, LNAME, SEX, BIRTH_DATE, PAY_RATE, PHONE_NUM, COMPANY_ID) VALUES ('152430017', 70323, 'Riley', 'Alana', 'Hodge', 'M', '1944-10-25', 17.58, '6826932820', '12761');
INSERT INTO EMPLOYEE (SSN, EMP_ID, FNAME, MNAME, LNAME, SEX, BIRTH_DATE, PAY_RATE, PHONE_NUM, COMPANY_ID) VALUES ('126902707', 70324, 'Nathaniel', 'Terry', 'Walls', 'M', '1947-07-12', 15.50, '8789209389', '12761');
INSERT INTO EMPLOYEE (SSN, EMP_ID, FNAME, MNAME, LNAME, SEX, BIRTH_DATE, PAY_RATE, PHONE_NUM, COMPANY_ID) VALUES ('117999966', 70325, 'Lainey', 'Eden', 'Harrell', 'F', '1957-03-27', 30.92, '3347385380', '23023');
INSERT INTO EMPLOYEE (SSN, EMP_ID, FNAME, MNAME, LNAME, SEX, BIRTH_DATE, PAY_RATE, PHONE_NUM, COMPANY_ID) VALUES ('115814643', 70326, 'Sariyah', 'Lexis', 'Alford', 'F', '1989-04-09', 25.49, '9544851278', '23023');
INSERT INTO EMPLOYEE (SSN, EMP_ID, FNAME, MNAME, LNAME, SEX, BIRTH_DATE, PAY_RATE, PHONE_NUM, COMPANY_ID) VALUES ('178464758', 70327, 'Sofia', 'Leigh', 'Jennings', 'F', '1963-10-17', 39.20, '6717678374', '22289');
INSERT INTO EMPLOYEE (SSN, EMP_ID, FNAME, MNAME, LNAME, SEX, BIRTH_DATE, PAY_RATE, PHONE_NUM, COMPANY_ID) VALUES ('144533082', 70328, 'Gael', 'Rigel', 'Sutton', 'F', '1999-02-24', 40.57, '8658634474', '83234');
INSERT INTO EMPLOYEE (SSN, EMP_ID, FNAME, MNAME, LNAME, SEX, BIRTH_DATE, PAY_RATE, PHONE_NUM, COMPANY_ID) VALUES ('163589839', 70329, 'Arabella', 'Stacey', 'Horn', 'F', '1956-05-10', 26.12, '9895751756', '22289');
INSERT INTO EMPLOYEE (SSN, EMP_ID, FNAME, MNAME, LNAME, SEX, BIRTH_DATE, PAY_RATE, PHONE_NUM, COMPANY_ID) VALUES ('132468649', 70330, 'Dakota', 'Nala', 'Parrish', 'F', '1998-06-10', 45.83, '7652847231', '23023');
INSERT INTO EMPLOYEE (SSN, EMP_ID, FNAME, MNAME, LNAME, SEX, BIRTH_DATE, PAY_RATE, PHONE_NUM, COMPANY_ID) VALUES ('105888404', 70331, 'Clarissa', 'Leigh', 'Hinton', 'F', '1967-03-05', 20.83, '2319714058', '13241');
INSERT INTO EMPLOYEE (SSN, EMP_ID, FNAME, MNAME, LNAME, SEX, BIRTH_DATE, PAY_RATE, PHONE_NUM, COMPANY_ID) VALUES ('156849736', 70332, 'Darwin', 'Lucious', 'Mcgowan', 'M', '1992-02-01', 21.39, '2087938745', '60721');
INSERT INTO EMPLOYEE (SSN, EMP_ID, FNAME, MNAME, LNAME, SEX, BIRTH_DATE, PAY_RATE, PHONE_NUM, COMPANY_ID) VALUES ('119437743', 70333, 'Michelle', 'Caelyn', 'Pacheco', 'F', '1958-11-11', 45.28, '3209663556', '83234');
INSERT INTO EMPLOYEE (SSN, EMP_ID, FNAME, MNAME, LNAME, SEX, BIRTH_DATE, PAY_RATE, PHONE_NUM, COMPANY_ID) VALUES ('161291616', 70334, 'Jaime', 'Kacey', 'Marshall', 'F', '1985-09-14', 15.94, '3172381422', '12761');
INSERT INTO EMPLOYEE (SSN, EMP_ID, FNAME, MNAME, LNAME, SEX, BIRTH_DATE, PAY_RATE, PHONE_NUM, COMPANY_ID) VALUES ('105148852', 70335, 'Channing', 'Rohana', 'Sexton', 'F', '1942-10-15', 31.72, '6077966070', '13241');
INSERT INTO EMPLOYEE (SSN, EMP_ID, FNAME, MNAME, LNAME, SEX, BIRTH_DATE, PAY_RATE, PHONE_NUM, COMPANY_ID) VALUES ('141387383', 70336, 'Abbey', 'Riley', 'Crane', 'M', '1957-01-30', 17.94, '8316612969', '83234');
INSERT INTO EMPLOYEE (SSN, EMP_ID, FNAME, MNAME, LNAME, SEX, BIRTH_DATE, PAY_RATE, PHONE_NUM, COMPANY_ID) VALUES ('102033408', 70337, 'Kyron', 'Riley', 'Haley', 'M', '1953-03-19', 14.27, '2601459415', '22289');
INSERT INTO EMPLOYEE (SSN, EMP_ID, FNAME, MNAME, LNAME, SEX, BIRTH_DATE, PAY_RATE, PHONE_NUM, COMPANY_ID) VALUES ('146012914', 70338, 'Kody', 'Ellery', 'Mcmahon', 'M', '1930-05-24', 31.67, '5618097488', '12761');
INSERT INTO EMPLOYEE (SSN, EMP_ID, FNAME, MNAME, LNAME, SEX, BIRTH_DATE, PAY_RATE, PHONE_NUM, COMPANY_ID) VALUES ('188335549', 70339, 'Janiya', 'Harper', 'Reyes', 'M', '1981-10-10', 48.99, '4355809045', '13241');
INSERT INTO EMPLOYEE (SSN, EMP_ID, FNAME, MNAME, LNAME, SEX, BIRTH_DATE, PAY_RATE, PHONE_NUM, COMPANY_ID) VALUES ('134148940', 70340, 'Alayna', 'Mckenzie', 'Calhoun', 'F', '1981-09-25', 33.89, '7876516496', '83234');
INSERT INTO EMPLOYEE (SSN, EMP_ID, FNAME, MNAME, LNAME, SEX, BIRTH_DATE, PAY_RATE, PHONE_NUM, COMPANY_ID) VALUES ('118414200', 70341, 'Jeremy', 'Seven', 'Key', 'M', '1990-03-31', 11.21, '4014769981', '12761');
INSERT INTO EMPLOYEE (SSN, EMP_ID, FNAME, MNAME, LNAME, SEX, BIRTH_DATE, PAY_RATE, PHONE_NUM, COMPANY_ID) VALUES ('111080480', 70342, 'Dominique', 'Jalen', 'Bradley', 'M', '1994-01-26', 25.96, '9498107022', '83234');
INSERT INTO EMPLOYEE (SSN, EMP_ID, FNAME, MNAME, LNAME, SEX, BIRTH_DATE, PAY_RATE, PHONE_NUM, COMPANY_ID) VALUES ('145482167', 70343, 'Bently', 'Jinxy', 'Wheeler', 'M', '1968-05-20', 49.23, '3317163973', '60721');
INSERT INTO EMPLOYEE (SSN, EMP_ID, FNAME, MNAME, LNAME, SEX, BIRTH_DATE, PAY_RATE, PHONE_NUM, COMPANY_ID) VALUES ('138021616', 70344, 'Raquel', 'Shannon', 'Bolton', 'F', '1945-04-14', 19.54, '7723727339', '22289');
INSERT INTO EMPLOYEE (SSN, EMP_ID, FNAME, MNAME, LNAME, SEX, BIRTH_DATE, PAY_RATE, PHONE_NUM, COMPANY_ID) VALUES ('179151878', 70345, 'Maritza', 'Reagan', 'Franklin', 'F', '1956-04-21', 33.62, '4128883961', '12761');
INSERT INTO EMPLOYEE (SSN, EMP_ID, FNAME, MNAME, LNAME, SEX, BIRTH_DATE, PAY_RATE, PHONE_NUM, COMPANY_ID) VALUES ('130698887', 70346, 'Jude', 'Indiana', 'Mullen', 'M', '1984-08-06', 19.65, '5615334105', '13241');
INSERT INTO EMPLOYEE (SSN, EMP_ID, FNAME, MNAME, LNAME, SEX, BIRTH_DATE, PAY_RATE, PHONE_NUM, COMPANY_ID) VALUES ('112160200', 70347, 'Vanessa', 'Dominie', 'Turner', 'M', '1984-11-19', 38.78, '4342786337', '22289');
INSERT INTO EMPLOYEE (SSN, EMP_ID, FNAME, MNAME, LNAME, SEX, BIRTH_DATE, PAY_RATE, PHONE_NUM, COMPANY_ID) VALUES ('116785300', 70348, 'Jason', 'Sailor', 'Weaver', 'M', '1935-07-02', 12.78, '7629630111', '60721');
INSERT INTO EMPLOYEE (SSN, EMP_ID, FNAME, MNAME, LNAME, SEX, BIRTH_DATE, PAY_RATE, PHONE_NUM, COMPANY_ID) VALUES ('100424977', 70349, 'Omari', 'Addison', 'Gross', 'F', '1956-10-25', 35.16, '6717862019', '60721');
INSERT INTO EMPLOYEE (SSN, EMP_ID, FNAME, MNAME, LNAME, SEX, BIRTH_DATE, PAY_RATE, PHONE_NUM, COMPANY_ID) VALUES ('139496762', 70350, 'Luciana', 'Janica', 'Lara', 'M', '1980-08-06', 33.93, '8586928286', '60721');
INSERT INTO EMPLOYEE (SSN, EMP_ID, FNAME, MNAME, LNAME, SEX, BIRTH_DATE, PAY_RATE, PHONE_NUM, COMPANY_ID) VALUES ('174811330', 70351, 'Bentlee', 'Gabriel', 'Sargent', 'F', '1947-12-23', 17.42, '8302836406', '88873');
INSERT INTO EMPLOYEE (SSN, EMP_ID, FNAME, MNAME, LNAME, SEX, BIRTH_DATE, PAY_RATE, PHONE_NUM, COMPANY_ID) VALUES ('137919538', 70352, 'Rachel', 'Terry', 'Blackwell', 'F', '1947-05-09', 32.80, '7635511970', '88873');
INSERT INTO EMPLOYEE (SSN, EMP_ID, FNAME, MNAME, LNAME, SEX, BIRTH_DATE, PAY_RATE, PHONE_NUM, COMPANY_ID) VALUES ('166489656', 70353, 'Crystal', 'Malory', 'Oconnor', 'M', '1960-04-21', 47.07, '8325815789', '22289');
INSERT INTO EMPLOYEE (SSN, EMP_ID, FNAME, MNAME, LNAME, SEX, BIRTH_DATE, PAY_RATE, PHONE_NUM, COMPANY_ID) VALUES ('120469912', 70354, 'Kaliyah', 'Amanda', 'Mathis', 'M', '1974-08-12', 14.46, '7166100845', '12761');
INSERT INTO EMPLOYEE (SSN, EMP_ID, FNAME, MNAME, LNAME, SEX, BIRTH_DATE, PAY_RATE, PHONE_NUM, COMPANY_ID) VALUES ('154785547', 70355, 'Maxim', 'Abbey', 'Holcomb', 'M', '1949-04-08', 22.47, '8125692540', '60721');
INSERT INTO EMPLOYEE (SSN, EMP_ID, FNAME, MNAME, LNAME, SEX, BIRTH_DATE, PAY_RATE, PHONE_NUM, COMPANY_ID) VALUES ('160394559', 70356, 'Jude', 'Terry', 'Bowen', 'F', '1984-08-07', 35.41, '9512441594', '83234');
INSERT INTO EMPLOYEE (SSN, EMP_ID, FNAME, MNAME, LNAME, SEX, BIRTH_DATE, PAY_RATE, PHONE_NUM, COMPANY_ID) VALUES ('130538723', 70357, 'Skyler', 'Adaya', 'Vaughn', 'F', '1959-04-07', 18.96, '9128956079', '23023');
INSERT INTO EMPLOYEE (SSN, EMP_ID, FNAME, MNAME, LNAME, SEX, BIRTH_DATE, PAY_RATE, PHONE_NUM, COMPANY_ID) VALUES ('161347462', 70358, 'Gibson', 'Sheridan', 'Avery', 'F', '1938-09-05', 23.60, '8596450656', '88873');
INSERT INTO EMPLOYEE (SSN, EMP_ID, FNAME, MNAME, LNAME, SEX, BIRTH_DATE, PAY_RATE, PHONE_NUM, COMPANY_ID) VALUES ('149128818', 70359, 'Kole', 'Kinsey', 'Atkins', 'M', '1939-04-19', 16.11, '7321319381', '13241');
INSERT INTO EMPLOYEE (SSN, EMP_ID, FNAME, MNAME, LNAME, SEX, BIRTH_DATE, PAY_RATE, PHONE_NUM, COMPANY_ID) VALUES ('164856782', 70360, 'Sloan', 'Vashonne', 'Mccormick', 'F', '1996-12-28', 47.29, '6845537452', '23023');
INSERT INTO EMPLOYEE (SSN, EMP_ID, FNAME, MNAME, LNAME, SEX, BIRTH_DATE, PAY_RATE, PHONE_NUM, COMPANY_ID) VALUES ('153934340', 70361, 'Gisselle', 'Talyn', 'Roach', 'F', '1980-10-20', 36.07, '4254119670', '83234');
INSERT INTO EMPLOYEE (SSN, EMP_ID, FNAME, MNAME, LNAME, SEX, BIRTH_DATE, PAY_RATE, PHONE_NUM, COMPANY_ID) VALUES ('134474346', 70362, 'Zion', 'Cassidy', 'King', 'M', '1983-08-29', 37.06, '4097554891', '13241');
INSERT INTO EMPLOYEE (SSN, EMP_ID, FNAME, MNAME, LNAME, SEX, BIRTH_DATE, PAY_RATE, PHONE_NUM, COMPANY_ID) VALUES ('140722410', 70363, 'Pearl', 'Memphis', 'Curry', 'F', '1986-02-07', 18.55, '6234662376', '12761');
INSERT INTO EMPLOYEE (SSN, EMP_ID, FNAME, MNAME, LNAME, SEX, BIRTH_DATE, PAY_RATE, PHONE_NUM, COMPANY_ID) VALUES ('124282806', 70364, 'Arely', 'Taylor', 'Diaz', 'M', '1990-08-17', 38.09, '4045183451', '60721');
INSERT INTO EMPLOYEE (SSN, EMP_ID, FNAME, MNAME, LNAME, SEX, BIRTH_DATE, PAY_RATE, PHONE_NUM, COMPANY_ID) VALUES ('170102792', 70365, 'Maddox', 'Aubrie', 'Hayden', 'M', '1940-01-13', 37.09, '4147472015', '22289');
INSERT INTO EMPLOYEE (SSN, EMP_ID, FNAME, MNAME, LNAME, SEX, BIRTH_DATE, PAY_RATE, PHONE_NUM, COMPANY_ID) VALUES ('185077640', 70366, 'Journey', 'Aspen', 'Wells', 'F', '1956-05-24', 15.34, '2065163717', '60721');
INSERT INTO EMPLOYEE (SSN, EMP_ID, FNAME, MNAME, LNAME, SEX, BIRTH_DATE, PAY_RATE, PHONE_NUM, COMPANY_ID) VALUES ('175266998', 70367, 'Leigha', 'Sincere', 'Dyer', 'M', '1951-09-17', 33.29, '4056886462', '12761');
INSERT INTO EMPLOYEE (SSN, EMP_ID, FNAME, MNAME, LNAME, SEX, BIRTH_DATE, PAY_RATE, PHONE_NUM, COMPANY_ID) VALUES ('130838446', 70368, 'Ethan', 'Mandy', 'Preston', 'M', '1945-12-11', 45.26, '9855612526', '83234');
INSERT INTO EMPLOYEE (SSN, EMP_ID, FNAME, MNAME, LNAME, SEX, BIRTH_DATE, PAY_RATE, PHONE_NUM, COMPANY_ID) VALUES ('122009487', 70369, 'Alayah', 'Kacey', 'Durham', 'F', '1958-12-20', 26.61, '3396426358', '12761');
INSERT INTO EMPLOYEE (SSN, EMP_ID, FNAME, MNAME, LNAME, SEX, BIRTH_DATE, PAY_RATE, PHONE_NUM, COMPANY_ID) VALUES ('134422899', 70370, 'Marissa', 'Mackenna', 'Acevedo', 'M', '1973-08-20', 27.46, '9124608328', '23023');
INSERT INTO EMPLOYEE (SSN, EMP_ID, FNAME, MNAME, LNAME, SEX, BIRTH_DATE, PAY_RATE, PHONE_NUM, COMPANY_ID) VALUES ('147954699', 70371, 'Amalia', 'Kelley', 'Meadows', 'M', '1979-12-06', 37.62, '6185503074', '88873');
INSERT INTO EMPLOYEE (SSN, EMP_ID, FNAME, MNAME, LNAME, SEX, BIRTH_DATE, PAY_RATE, PHONE_NUM, COMPANY_ID) VALUES ('109966514', 70372, 'Jazmin', 'Abbey', 'Estrada', 'F', '1984-02-09', 15.76, '7167073734', '88873');
INSERT INTO EMPLOYEE (SSN, EMP_ID, FNAME, MNAME, LNAME, SEX, BIRTH_DATE, PAY_RATE, PHONE_NUM, COMPANY_ID) VALUES ('140080082', 70373, 'Nico', 'Dakota', 'Benjamin', 'F', '1994-04-18', 10.66, '4439191723', '13241');
INSERT INTO EMPLOYEE (SSN, EMP_ID, FNAME, MNAME, LNAME, SEX, BIRTH_DATE, PAY_RATE, PHONE_NUM, COMPANY_ID) VALUES ('153966746', 70374, 'Marc', 'Janika', 'Gentry', 'M', '1951-04-26', 46.24, '6824341745', '83234');
INSERT INTO EMPLOYEE (SSN, EMP_ID, FNAME, MNAME, LNAME, SEX, BIRTH_DATE, PAY_RATE, PHONE_NUM, COMPANY_ID) VALUES ('155395100', 70375, 'Luka', 'Shannon', 'Randolph', 'F', '1948-11-14', 22.78, '4691406290', '13241');
INSERT INTO EMPLOYEE (SSN, EMP_ID, FNAME, MNAME, LNAME, SEX, BIRTH_DATE, PAY_RATE, PHONE_NUM, COMPANY_ID) VALUES ('113466180', 70376, 'Miah', 'Maxy', 'Holcomb', 'M', '1941-03-26', 11.88, '7726486378', '22289');
INSERT INTO EMPLOYEE (SSN, EMP_ID, FNAME, MNAME, LNAME, SEX, BIRTH_DATE, PAY_RATE, PHONE_NUM, COMPANY_ID) VALUES ('149141083', 70377, 'Ezekiel', 'Kesha', 'Oconnor', 'F', '1932-02-02', 41.51, '5151893954', '83234');
INSERT INTO EMPLOYEE (SSN, EMP_ID, FNAME, MNAME, LNAME, SEX, BIRTH_DATE, PAY_RATE, PHONE_NUM, COMPANY_ID) VALUES ('115747079', 70378, 'Madison', 'Jaiden', 'Downs', 'F', '1983-12-10', 49.04, '3396791465', '60721');
INSERT INTO EMPLOYEE (SSN, EMP_ID, FNAME, MNAME, LNAME, SEX, BIRTH_DATE, PAY_RATE, PHONE_NUM, COMPANY_ID) VALUES ('121247892', 70379, 'Jazlynn', 'Rudy', 'Rowland', 'M', '1961-05-14', 42.83, '7174970586', '23023');
INSERT INTO EMPLOYEE (SSN, EMP_ID, FNAME, MNAME, LNAME, SEX, BIRTH_DATE, PAY_RATE, PHONE_NUM, COMPANY_ID) VALUES ('179324524', 70380, 'Amaya', 'Poetry', 'Wong', 'M', '1991-11-20', 45.53, '6067397473', '13241');
INSERT INTO EMPLOYEE (SSN, EMP_ID, FNAME, MNAME, LNAME, SEX, BIRTH_DATE, PAY_RATE, PHONE_NUM, COMPANY_ID) VALUES ('121495271', 70381, 'Derick', 'Harper', 'Whitley', 'F', '1982-08-21', 39.57, '4301651297', '83234');
INSERT INTO EMPLOYEE (SSN, EMP_ID, FNAME, MNAME, LNAME, SEX, BIRTH_DATE, PAY_RATE, PHONE_NUM, COMPANY_ID) VALUES ('136043813', 70382, 'Damarion', 'Jaeden', 'Chan', 'M', '1993-09-28', 46.88, '9034185748', '22289');
INSERT INTO EMPLOYEE (SSN, EMP_ID, FNAME, MNAME, LNAME, SEX, BIRTH_DATE, PAY_RATE, PHONE_NUM, COMPANY_ID) VALUES ('182499164', 70383, 'Agustin', 'Memphis', 'Mccoy', 'F', '1968-11-12', 29.65, '8136374326', '12761');
INSERT INTO EMPLOYEE (SSN, EMP_ID, FNAME, MNAME, LNAME, SEX, BIRTH_DATE, PAY_RATE, PHONE_NUM, COMPANY_ID) VALUES ('153373561', 70384, 'Milo', 'Lucious', 'Conner', 'F', '1986-09-28', 15.85, '5089644684', '22289');
INSERT INTO EMPLOYEE (SSN, EMP_ID, FNAME, MNAME, LNAME, SEX, BIRTH_DATE, PAY_RATE, PHONE_NUM, COMPANY_ID) VALUES ('113150828', 70385, 'Johann', 'Java', 'Jones', 'F', '1979-02-12', 25.51, '9735556575', '83234');
INSERT INTO EMPLOYEE (SSN, EMP_ID, FNAME, MNAME, LNAME, SEX, BIRTH_DATE, PAY_RATE, PHONE_NUM, COMPANY_ID) VALUES ('157562677', 70386, 'Jonathan', 'Payton', 'Rollins', 'F', '1998-07-11', 27.33, '2171932002', '22289');
INSERT INTO EMPLOYEE (SSN, EMP_ID, FNAME, MNAME, LNAME, SEX, BIRTH_DATE, PAY_RATE, PHONE_NUM, COMPANY_ID) VALUES ('156096331', 70387, 'Shaun', 'Phoenix', 'Spence', 'F', '1947-07-29', 33.90, '4155212310', '13241');
INSERT INTO EMPLOYEE (SSN, EMP_ID, FNAME, MNAME, LNAME, SEX, BIRTH_DATE, PAY_RATE, PHONE_NUM, COMPANY_ID) VALUES ('172882321', 70388, 'Adele', 'Jacqu', 'Sherman', 'M', '1939-10-22', 29.43, '7817423662', '88873');
INSERT INTO EMPLOYEE (SSN, EMP_ID, FNAME, MNAME, LNAME, SEX, BIRTH_DATE, PAY_RATE, PHONE_NUM, COMPANY_ID) VALUES ('121731548', 70389, 'Sydney', 'Marquise', 'Melendez', 'M', '1946-07-10', 44.83, '6181422857', '12761');
INSERT INTO EMPLOYEE (SSN, EMP_ID, FNAME, MNAME, LNAME, SEX, BIRTH_DATE, PAY_RATE, PHONE_NUM, COMPANY_ID) VALUES ('170941940', 70390, 'Gage', 'Kaci', 'Finch', 'F', '1999-11-17', 12.84, '8657956708', '88873');
INSERT INTO EMPLOYEE (SSN, EMP_ID, FNAME, MNAME, LNAME, SEX, BIRTH_DATE, PAY_RATE, PHONE_NUM, COMPANY_ID) VALUES ('179717439', 70391, 'Mateo', 'Amari', 'Gaines', 'M', '1932-09-03', 37.66, '5172902355', '22289');
INSERT INTO EMPLOYEE (SSN, EMP_ID, FNAME, MNAME, LNAME, SEX, BIRTH_DATE, PAY_RATE, PHONE_NUM, COMPANY_ID) VALUES ('162471639', 70392, 'Cailyn', 'Teagan', 'Chang', 'M', '1989-01-08', 20.75, '6578206504', '13241');
INSERT INTO EMPLOYEE (SSN, EMP_ID, FNAME, MNAME, LNAME, SEX, BIRTH_DATE, PAY_RATE, PHONE_NUM, COMPANY_ID) VALUES ('151497231', 70393, 'Bridger', 'Sloan', 'Webb', 'M', '1982-05-14', 40.13, '2694385960', '12761');
INSERT INTO EMPLOYEE (SSN, EMP_ID, FNAME, MNAME, LNAME, SEX, BIRTH_DATE, PAY_RATE, PHONE_NUM, COMPANY_ID) VALUES ('162811323', 70394, 'Milo', 'Jude', 'Douglas', 'M', '1951-10-10', 26.24, '4309468081', '12761');
INSERT INTO EMPLOYEE (SSN, EMP_ID, FNAME, MNAME, LNAME, SEX, BIRTH_DATE, PAY_RATE, PHONE_NUM, COMPANY_ID) VALUES ('138843758', 70395, 'Remington', 'Kacey', 'Britt', 'M', '1986-06-21', 34.07, '8101355457', '22289');
INSERT INTO EMPLOYEE (SSN, EMP_ID, FNAME, MNAME, LNAME, SEX, BIRTH_DATE, PAY_RATE, PHONE_NUM, COMPANY_ID) VALUES ('152407542', 70396, 'Brayden', 'Maya', 'Warner', 'F', '1932-08-09', 22.00, '7602850075', '22289');
INSERT INTO EMPLOYEE (SSN, EMP_ID, FNAME, MNAME, LNAME, SEX, BIRTH_DATE, PAY_RATE, PHONE_NUM, COMPANY_ID) VALUES ('186518643', 70397, 'Erik', 'Marion', 'Horton', 'M', '1982-07-07', 22.58, '7708831603', '83234');
INSERT INTO EMPLOYEE (SSN, EMP_ID, FNAME, MNAME, LNAME, SEX, BIRTH_DATE, PAY_RATE, PHONE_NUM, COMPANY_ID) VALUES ('123688681', 70398, 'Vicente', 'Robin', 'Moss', 'M', '1934-02-04', 38.91, '3184599824', '60721');
INSERT INTO EMPLOYEE (SSN, EMP_ID, FNAME, MNAME, LNAME, SEX, BIRTH_DATE, PAY_RATE, PHONE_NUM, COMPANY_ID) VALUES ('106512357', 70399, 'Jamar', 'Rohana', 'Marshall', 'M', '1992-01-22', 43.05, '4249675455', '83234');
INSERT INTO EMPLOYEE (SSN, EMP_ID, FNAME, MNAME, LNAME, SEX, BIRTH_DATE, PAY_RATE, PHONE_NUM, COMPANY_ID) VALUES ('121513825', 70400, 'Kenya', 'Dale', 'Cline', 'F', '1990-08-24', 17.66, '3177247327', '60721');
INSERT INTO EMPLOYEE (SSN, EMP_ID, FNAME, MNAME, LNAME, SEX, BIRTH_DATE, PAY_RATE, PHONE_NUM, COMPANY_ID) VALUES ('170637759', 70401, 'Scarlett', 'Bunny', 'Ratliff', 'M', '1975-10-05', 34.85, '9371925921', '23023');
INSERT INTO EMPLOYEE (SSN, EMP_ID, FNAME, MNAME, LNAME, SEX, BIRTH_DATE, PAY_RATE, PHONE_NUM, COMPANY_ID) VALUES ('147530218', 70402, 'Sasha', 'Sandy', 'Velasquez', 'M', '1958-11-26', 34.71, '9379272005', '83234');
INSERT INTO EMPLOYEE (SSN, EMP_ID, FNAME, MNAME, LNAME, SEX, BIRTH_DATE, PAY_RATE, PHONE_NUM, COMPANY_ID) VALUES ('187813382', 70403, 'Helena', 'Malory', 'Mckenzie', 'M', '1944-12-14', 49.16, '8593577304', '83234');
INSERT INTO EMPLOYEE (SSN, EMP_ID, FNAME, MNAME, LNAME, SEX, BIRTH_DATE, PAY_RATE, PHONE_NUM, COMPANY_ID) VALUES ('175059075', 70404, 'Donald', 'Maddison', 'Todd', 'F', '1997-08-28', 17.99, '2066515357', '60721');
INSERT INTO EMPLOYEE (SSN, EMP_ID, FNAME, MNAME, LNAME, SEX, BIRTH_DATE, PAY_RATE, PHONE_NUM, COMPANY_ID) VALUES ('119188529', 70405, 'Frank', 'Shari', 'Mccullough', 'M', '1972-09-26', 21.58, '2199404803', '23023');
INSERT INTO EMPLOYEE (SSN, EMP_ID, FNAME, MNAME, LNAME, SEX, BIRTH_DATE, PAY_RATE, PHONE_NUM, COMPANY_ID) VALUES ('137817470', 70406, 'Zara', 'Piper', 'Sanchez', 'F', '1946-08-08', 33.93, '9071848628', '23023');
INSERT INTO EMPLOYEE (SSN, EMP_ID, FNAME, MNAME, LNAME, SEX, BIRTH_DATE, PAY_RATE, PHONE_NUM, COMPANY_ID) VALUES ('147735624', 70407, 'Evangeline', 'Kacey', 'Dejesus', 'F', '1953-11-15', 28.69, '7756563353', '60721');
INSERT INTO EMPLOYEE (SSN, EMP_ID, FNAME, MNAME, LNAME, SEX, BIRTH_DATE, PAY_RATE, PHONE_NUM, COMPANY_ID) VALUES ('123521622', 70408, 'Janiyah', 'Laurence', 'Mosley', 'M', '1950-08-29', 39.39, '9318338885', '13241');
INSERT INTO EMPLOYEE (SSN, EMP_ID, FNAME, MNAME, LNAME, SEX, BIRTH_DATE, PAY_RATE, PHONE_NUM, COMPANY_ID) VALUES ('167953853', 70409, 'Colin', 'Kelley', 'Watson', 'M', '1999-07-19', 31.37, '6812041432', '22289');
INSERT INTO EMPLOYEE (SSN, EMP_ID, FNAME, MNAME, LNAME, SEX, BIRTH_DATE, PAY_RATE, PHONE_NUM, COMPANY_ID) VALUES ('110050649', 70410, 'Keegan', 'Jay', 'Hines', 'F', '1968-02-01', 46.73, '5042438070', '23023');
INSERT INTO EMPLOYEE (SSN, EMP_ID, FNAME, MNAME, LNAME, SEX, BIRTH_DATE, PAY_RATE, PHONE_NUM, COMPANY_ID) VALUES ('178981278', 70411, 'Amara', 'Kennedy', 'Mejia', 'F', '1930-06-24', 37.96, '3255410655', '23023');
INSERT INTO EMPLOYEE (SSN, EMP_ID, FNAME, MNAME, LNAME, SEX, BIRTH_DATE, PAY_RATE, PHONE_NUM, COMPANY_ID) VALUES ('132695867', 70412, 'Macey', 'Skyler', 'Myers', 'M', '1954-12-05', 45.83, '8596899370', '13241');
INSERT INTO EMPLOYEE (SSN, EMP_ID, FNAME, MNAME, LNAME, SEX, BIRTH_DATE, PAY_RATE, PHONE_NUM, COMPANY_ID) VALUES ('110141849', 70413, 'Damian', 'Sloan', 'Berg', 'F', '1951-12-25', 45.97, '6625891314', '22289');
INSERT INTO EMPLOYEE (SSN, EMP_ID, FNAME, MNAME, LNAME, SEX, BIRTH_DATE, PAY_RATE, PHONE_NUM, COMPANY_ID) VALUES ('175254383', 70414, 'Brooklynn', 'Talyn', 'Walsh', 'F', '1992-01-01', 24.20, '6576025091', '23023');
INSERT INTO EMPLOYEE (SSN, EMP_ID, FNAME, MNAME, LNAME, SEX, BIRTH_DATE, PAY_RATE, PHONE_NUM, COMPANY_ID) VALUES ('104886794', 70415, 'Giovanny', 'Madison', 'Osborn', 'F', '1953-08-26', 42.99, '7311186648', '12761');
INSERT INTO EMPLOYEE (SSN, EMP_ID, FNAME, MNAME, LNAME, SEX, BIRTH_DATE, PAY_RATE, PHONE_NUM, COMPANY_ID) VALUES ('170924668', 70416, 'Barrett', 'Jude', 'Hurley', 'F', '1955-10-27', 26.98, '5029835765', '23023');
INSERT INTO EMPLOYEE (SSN, EMP_ID, FNAME, MNAME, LNAME, SEX, BIRTH_DATE, PAY_RATE, PHONE_NUM, COMPANY_ID) VALUES ('137630782', 70417, 'Virginia', 'Janica', 'Cole', 'M', '1945-11-28', 47.68, '8438273598', '13241');
INSERT INTO EMPLOYEE (SSN, EMP_ID, FNAME, MNAME, LNAME, SEX, BIRTH_DATE, PAY_RATE, PHONE_NUM, COMPANY_ID) VALUES ('165694942', 70418, 'Danny', 'Jinxy', 'Mccray', 'M', '1947-11-05', 27.69, '7121707055', '83234');
INSERT INTO EMPLOYEE (SSN, EMP_ID, FNAME, MNAME, LNAME, SEX, BIRTH_DATE, PAY_RATE, PHONE_NUM, COMPANY_ID) VALUES ('146684470', 70419, 'Arturo', 'Haley', 'Mccullough', 'M', '1967-12-23', 23.20, '3302482479', '88873');
INSERT INTO EMPLOYEE (SSN, EMP_ID, FNAME, MNAME, LNAME, SEX, BIRTH_DATE, PAY_RATE, PHONE_NUM, COMPANY_ID) VALUES ('118972243', 70420, 'Rayne', 'Ebony', 'Schwartz', 'M', '1982-04-06', 22.24, '5511138993', '12761');
INSERT INTO EMPLOYEE (SSN, EMP_ID, FNAME, MNAME, LNAME, SEX, BIRTH_DATE, PAY_RATE, PHONE_NUM, COMPANY_ID) VALUES ('137002144', 70421, 'Abram', 'Braiden', 'Avila', 'F', '1957-11-07', 14.85, '4343447110', '22289');
INSERT INTO EMPLOYEE (SSN, EMP_ID, FNAME, MNAME, LNAME, SEX, BIRTH_DATE, PAY_RATE, PHONE_NUM, COMPANY_ID) VALUES ('177365826', 70422, 'Clare', 'Dusty', 'Snow', 'F', '1977-08-05', 43.55, '3527074236', '88873');
INSERT INTO EMPLOYEE (SSN, EMP_ID, FNAME, MNAME, LNAME, SEX, BIRTH_DATE, PAY_RATE, PHONE_NUM, COMPANY_ID) VALUES ('149319455', 70423, 'Kamron', 'Kody', 'Mack', 'M', '1991-10-06', 37.68, '9064453247', '88873');
INSERT INTO EMPLOYEE (SSN, EMP_ID, FNAME, MNAME, LNAME, SEX, BIRTH_DATE, PAY_RATE, PHONE_NUM, COMPANY_ID) VALUES ('120138112', 70424, 'Priscilla', 'Rory', 'Gibson', 'F', '1956-08-02', 48.81, '7602666923', '88873');
INSERT INTO EMPLOYEE (SSN, EMP_ID, FNAME, MNAME, LNAME, SEX, BIRTH_DATE, PAY_RATE, PHONE_NUM, COMPANY_ID) VALUES ('133446977', 70425, 'Miller', 'Stacey', 'Simpson', 'F', '1946-04-04', 18.68, '7084425408', '22289');
INSERT INTO EMPLOYEE (SSN, EMP_ID, FNAME, MNAME, LNAME, SEX, BIRTH_DATE, PAY_RATE, PHONE_NUM, COMPANY_ID) VALUES ('156675673', 70426, 'Colten', 'Kinsey', 'Washington', 'M', '1959-08-29', 10.10, '9891226153', '88873');
INSERT INTO EMPLOYEE (SSN, EMP_ID, FNAME, MNAME, LNAME, SEX, BIRTH_DATE, PAY_RATE, PHONE_NUM, COMPANY_ID) VALUES ('141448167', 70427, 'Averie', 'Elisha', 'Martin', 'F', '1965-10-28', 42.19, '7859836761', '88873');
INSERT INTO EMPLOYEE (SSN, EMP_ID, FNAME, MNAME, LNAME, SEX, BIRTH_DATE, PAY_RATE, PHONE_NUM, COMPANY_ID) VALUES ('111466150', 70428, 'Terrell', 'Leslie', 'Odom', 'F', '1999-08-20', 33.39, '5751492246', '22289');
INSERT INTO EMPLOYEE (SSN, EMP_ID, FNAME, MNAME, LNAME, SEX, BIRTH_DATE, PAY_RATE, PHONE_NUM, COMPANY_ID) VALUES ('141925272', 70429, 'Jaylee', 'Malory', 'Acosta', 'F', '1941-03-26', 40.55, '8566849155', '88873');
INSERT INTO EMPLOYEE (SSN, EMP_ID, FNAME, MNAME, LNAME, SEX, BIRTH_DATE, PAY_RATE, PHONE_NUM, COMPANY_ID) VALUES ('175598497', 70430, 'Isaiah', 'Jinx', 'Johnson', 'M', '1993-11-15', 17.92, '2244151155', '22289');
INSERT INTO EMPLOYEE (SSN, EMP_ID, FNAME, MNAME, LNAME, SEX, BIRTH_DATE, PAY_RATE, PHONE_NUM, COMPANY_ID) VALUES ('119178128', 70431, 'Bryant', 'Jaidyn', 'Barlow', 'F', '1937-12-23', 48.74, '9896100732', '83234');
INSERT INTO EMPLOYEE (SSN, EMP_ID, FNAME, MNAME, LNAME, SEX, BIRTH_DATE, PAY_RATE, PHONE_NUM, COMPANY_ID) VALUES ('155141805', 70432, 'Adalyn', 'Poetry', 'Townsend', 'F', '1969-05-06', 22.77, '4305386729', '12761');
INSERT INTO EMPLOYEE (SSN, EMP_ID, FNAME, MNAME, LNAME, SEX, BIRTH_DATE, PAY_RATE, PHONE_NUM, COMPANY_ID) VALUES ('165093967', 70433, 'Paloma', 'Nakesha', 'Skinner', 'M', '1974-01-04', 20.02, '7079868656', '60721');
INSERT INTO EMPLOYEE (SSN, EMP_ID, FNAME, MNAME, LNAME, SEX, BIRTH_DATE, PAY_RATE, PHONE_NUM, COMPANY_ID) VALUES ('160721536', 70434, 'Ashley', 'Caelyn', 'Benton', 'F', '1995-02-15', 11.56, '6206285048', '13241');
INSERT INTO EMPLOYEE (SSN, EMP_ID, FNAME, MNAME, LNAME, SEX, BIRTH_DATE, PAY_RATE, PHONE_NUM, COMPANY_ID) VALUES ('183340264', 70435, 'Brisa', 'Kira', 'Beck', 'F', '1972-09-19', 46.59, '7875757990', '12761');
INSERT INTO EMPLOYEE (SSN, EMP_ID, FNAME, MNAME, LNAME, SEX, BIRTH_DATE, PAY_RATE, PHONE_NUM, COMPANY_ID) VALUES ('186737648', 70436, 'Carly', 'Reagen', 'Gay', 'F', '1964-01-06', 38.30, '9388945852', '83234');
INSERT INTO EMPLOYEE (SSN, EMP_ID, FNAME, MNAME, LNAME, SEX, BIRTH_DATE, PAY_RATE, PHONE_NUM, COMPANY_ID) VALUES ('147866028', 70437, 'Michaela', 'Skyler', 'Pitts', 'F', '1932-04-09', 17.28, '2143460893', '23023');
INSERT INTO EMPLOYEE (SSN, EMP_ID, FNAME, MNAME, LNAME, SEX, BIRTH_DATE, PAY_RATE, PHONE_NUM, COMPANY_ID) VALUES ('127158570', 70438, 'Marcus', 'Janica', 'Rowe', 'F', '1931-10-04', 22.49, '8087532639', '23023');
INSERT INTO EMPLOYEE (SSN, EMP_ID, FNAME, MNAME, LNAME, SEX, BIRTH_DATE, PAY_RATE, PHONE_NUM, COMPANY_ID) VALUES ('158213615', 70439, 'Evan', 'Rohana', 'Morse', 'M', '1988-03-16', 34.69, '3408874036', '13241');
INSERT INTO EMPLOYEE (SSN, EMP_ID, FNAME, MNAME, LNAME, SEX, BIRTH_DATE, PAY_RATE, PHONE_NUM, COMPANY_ID) VALUES ('115392489', 70440, 'Kelsie', 'Jordyn', 'Key', 'F', '1932-08-07', 22.06, '7319442066', '60721');
INSERT INTO EMPLOYEE (SSN, EMP_ID, FNAME, MNAME, LNAME, SEX, BIRTH_DATE, PAY_RATE, PHONE_NUM, COMPANY_ID) VALUES ('165404779', 70441, 'Angelina', 'Dakota', 'Rush', 'M', '1989-06-29', 31.94, '3521531934', '12761');
INSERT INTO EMPLOYEE (SSN, EMP_ID, FNAME, MNAME, LNAME, SEX, BIRTH_DATE, PAY_RATE, PHONE_NUM, COMPANY_ID) VALUES ('124014153', 70442, 'Adan', 'Iridian', 'Morton', 'F', '1980-07-20', 37.98, '7204095964', '83234');
INSERT INTO EMPLOYEE (SSN, EMP_ID, FNAME, MNAME, LNAME, SEX, BIRTH_DATE, PAY_RATE, PHONE_NUM, COMPANY_ID) VALUES ('171797666', 70443, 'Bennett', 'Kody', 'Mckay', 'M', '1936-09-22', 30.25, '7656665298', '60721');
INSERT INTO EMPLOYEE (SSN, EMP_ID, FNAME, MNAME, LNAME, SEX, BIRTH_DATE, PAY_RATE, PHONE_NUM, COMPANY_ID) VALUES ('118770134', 70444, 'Cullen', 'Kodi', 'Howe', 'F', '1952-06-01', 39.64, '9175371983', '88873');
INSERT INTO EMPLOYEE (SSN, EMP_ID, FNAME, MNAME, LNAME, SEX, BIRTH_DATE, PAY_RATE, PHONE_NUM, COMPANY_ID) VALUES ('113552210', 70445, 'Anne', 'Joan', 'Morrison', 'M', '1953-04-22', 41.76, '2199320117', '22289');
INSERT INTO EMPLOYEE (SSN, EMP_ID, FNAME, MNAME, LNAME, SEX, BIRTH_DATE, PAY_RATE, PHONE_NUM, COMPANY_ID) VALUES ('167004318', 70446, 'Jazlynn', 'Kennedy', 'Ayers', 'F', '1941-12-13', 19.24, '8051354407', '88873');
INSERT INTO EMPLOYEE (SSN, EMP_ID, FNAME, MNAME, LNAME, SEX, BIRTH_DATE, PAY_RATE, PHONE_NUM, COMPANY_ID) VALUES ('121151624', 70447, 'Aubree', 'Rohan', 'Kaufman', 'F', '1998-07-29', 16.39, '6029172017', '12761');
INSERT INTO EMPLOYEE (SSN, EMP_ID, FNAME, MNAME, LNAME, SEX, BIRTH_DATE, PAY_RATE, PHONE_NUM, COMPANY_ID) VALUES ('105345739', 70448, 'Hadley', 'Patrice', 'Cooper', 'M', '1959-09-18', 15.03, '9474140894', '23023');
INSERT INTO EMPLOYEE (SSN, EMP_ID, FNAME, MNAME, LNAME, SEX, BIRTH_DATE, PAY_RATE, PHONE_NUM, COMPANY_ID) VALUES ('161954417', 70449, 'Brayan', 'Jameah', 'Burt', 'M', '1968-03-27', 49.72, '9011783262', '88873');
INSERT INTO EMPLOYEE (SSN, EMP_ID, FNAME, MNAME, LNAME, SEX, BIRTH_DATE, PAY_RATE, PHONE_NUM, COMPANY_ID) VALUES ('171537865', 70450, 'Marcos', 'Jinx', 'Mills', 'M', '1967-02-09', 45.06, '2549619608', '22289');
INSERT INTO EMPLOYEE (SSN, EMP_ID, FNAME, MNAME, LNAME, SEX, BIRTH_DATE, PAY_RATE, PHONE_NUM, COMPANY_ID) VALUES ('121940691', 70451, 'Cameron', 'Jaylin', 'Romero', 'M', '1940-02-24', 34.56, '9198240040', '60721');
INSERT INTO EMPLOYEE (SSN, EMP_ID, FNAME, MNAME, LNAME, SEX, BIRTH_DATE, PAY_RATE, PHONE_NUM, COMPANY_ID) VALUES ('104664769', 70452, 'Marie', 'Robin', 'Benson', 'M', '1992-03-14', 17.65, '7702809683', '22289');
INSERT INTO EMPLOYEE (SSN, EMP_ID, FNAME, MNAME, LNAME, SEX, BIRTH_DATE, PAY_RATE, PHONE_NUM, COMPANY_ID) VALUES ('102649089', 70453, 'Chandler', 'Jami', 'Berger', 'F', '1997-04-12', 37.76, '7815852990', '22289');
INSERT INTO EMPLOYEE (SSN, EMP_ID, FNAME, MNAME, LNAME, SEX, BIRTH_DATE, PAY_RATE, PHONE_NUM, COMPANY_ID) VALUES ('179935173', 70454, 'Reed', 'Regan', 'Sampson', 'F', '1956-08-01', 33.04, '4016537237', '23023');
INSERT INTO EMPLOYEE (SSN, EMP_ID, FNAME, MNAME, LNAME, SEX, BIRTH_DATE, PAY_RATE, PHONE_NUM, COMPANY_ID) VALUES ('131482436', 70455, 'Marshall', 'Madison', 'Mathews', 'F', '1953-03-30', 12.68, '5126210574', '23023');
INSERT INTO EMPLOYEE (SSN, EMP_ID, FNAME, MNAME, LNAME, SEX, BIRTH_DATE, PAY_RATE, PHONE_NUM, COMPANY_ID) VALUES ('144679234', 70456, 'Guillermo', 'Temple', 'Cantrell', 'M', '1981-05-06', 19.50, '9398216009', '60721');
INSERT INTO EMPLOYEE (SSN, EMP_ID, FNAME, MNAME, LNAME, SEX, BIRTH_DATE, PAY_RATE, PHONE_NUM, COMPANY_ID) VALUES ('165942143', 70457, 'Ada', 'Maddy', 'Jimenez', 'F', '1941-01-25', 37.59, '6511414402', '22289');
INSERT INTO EMPLOYEE (SSN, EMP_ID, FNAME, MNAME, LNAME, SEX, BIRTH_DATE, PAY_RATE, PHONE_NUM, COMPANY_ID) VALUES ('184009233', 70458, 'Sergio', 'Rain', 'Mclean', 'M', '1953-01-04', 20.94, '9125086727', '12761');
INSERT INTO EMPLOYEE (SSN, EMP_ID, FNAME, MNAME, LNAME, SEX, BIRTH_DATE, PAY_RATE, PHONE_NUM, COMPANY_ID) VALUES ('144880053', 70459, 'Cheyanne', 'Iridian', 'Lester', 'M', '1948-12-23', 10.44, '4432423925', '23023');
INSERT INTO EMPLOYEE (SSN, EMP_ID, FNAME, MNAME, LNAME, SEX, BIRTH_DATE, PAY_RATE, PHONE_NUM, COMPANY_ID) VALUES ('180921990', 70460, 'Harrison', 'Hillary', 'Nunez', 'M', '1987-01-03', 12.57, '3048323393', '60721');
INSERT INTO EMPLOYEE (SSN, EMP_ID, FNAME, MNAME, LNAME, SEX, BIRTH_DATE, PAY_RATE, PHONE_NUM, COMPANY_ID) VALUES ('186368841', 70461, 'Gilbert', 'Sage', 'Wade', 'F', '1975-10-21', 46.06, '7878128231', '22289');
INSERT INTO EMPLOYEE (SSN, EMP_ID, FNAME, MNAME, LNAME, SEX, BIRTH_DATE, PAY_RATE, PHONE_NUM, COMPANY_ID) VALUES ('123595408', 70462, 'Jaycee', 'Hayley', 'Ballard', 'F', '1954-06-17', 14.15, '3859213948', '13241');
INSERT INTO EMPLOYEE (SSN, EMP_ID, FNAME, MNAME, LNAME, SEX, BIRTH_DATE, PAY_RATE, PHONE_NUM, COMPANY_ID) VALUES ('118260320', 70463, 'Yadiel', 'Dusty', 'Campbell', 'M', '1981-11-13', 36.00, '5639355122', '12761');
INSERT INTO EMPLOYEE (SSN, EMP_ID, FNAME, MNAME, LNAME, SEX, BIRTH_DATE, PAY_RATE, PHONE_NUM, COMPANY_ID) VALUES ('134278953', 70464, 'Davis', 'Laurence', 'Richardson', 'F', '1960-05-29', 22.11, '7278401883', '22289');
INSERT INTO EMPLOYEE (SSN, EMP_ID, FNAME, MNAME, LNAME, SEX, BIRTH_DATE, PAY_RATE, PHONE_NUM, COMPANY_ID) VALUES ('137606264', 70465, 'Nova', 'Bunny', 'Carr', 'F', '1941-12-21', 32.76, '3033171310', '88873');
INSERT INTO EMPLOYEE (SSN, EMP_ID, FNAME, MNAME, LNAME, SEX, BIRTH_DATE, PAY_RATE, PHONE_NUM, COMPANY_ID) VALUES ('112861502', 70466, 'Temperance', 'Maddison', 'Sparks', 'M', '1981-12-03', 43.02, '7043103184', '23023');
INSERT INTO EMPLOYEE (SSN, EMP_ID, FNAME, MNAME, LNAME, SEX, BIRTH_DATE, PAY_RATE, PHONE_NUM, COMPANY_ID) VALUES ('117681241', 70467, 'Alyvia', 'Sloane', 'Mcfadden', 'F', '1950-06-16', 46.11, '7089890946', '12761');
INSERT INTO EMPLOYEE (SSN, EMP_ID, FNAME, MNAME, LNAME, SEX, BIRTH_DATE, PAY_RATE, PHONE_NUM, COMPANY_ID) VALUES ('162611906', 70468, 'Raul', 'Dixie', 'Kennedy', 'F', '1972-12-19', 30.97, '9163982822', '22289');
INSERT INTO EMPLOYEE (SSN, EMP_ID, FNAME, MNAME, LNAME, SEX, BIRTH_DATE, PAY_RATE, PHONE_NUM, COMPANY_ID) VALUES ('154473226', 70469, 'Eden', 'Aubrie', 'White', 'F', '1941-06-15', 11.65, '9096449988', '22289');
INSERT INTO EMPLOYEE (SSN, EMP_ID, FNAME, MNAME, LNAME, SEX, BIRTH_DATE, PAY_RATE, PHONE_NUM, COMPANY_ID) VALUES ('165473575', 70470, 'Kylah', 'Harper', 'Franco', 'F', '1988-10-17', 45.07, '8105188320', '88873');
INSERT INTO EMPLOYEE (SSN, EMP_ID, FNAME, MNAME, LNAME, SEX, BIRTH_DATE, PAY_RATE, PHONE_NUM, COMPANY_ID) VALUES ('139256600', 70471, 'Jovanni', 'Kennady', 'Fuentes', 'M', '1964-06-11', 22.22, '2137605143', '83234');
INSERT INTO EMPLOYEE (SSN, EMP_ID, FNAME, MNAME, LNAME, SEX, BIRTH_DATE, PAY_RATE, PHONE_NUM, COMPANY_ID) VALUES ('105301671', 70472, 'Delaney', 'Jordyn', 'Brady', 'M', '1997-08-17', 23.09, '7064325248', '60721');
INSERT INTO EMPLOYEE (SSN, EMP_ID, FNAME, MNAME, LNAME, SEX, BIRTH_DATE, PAY_RATE, PHONE_NUM, COMPANY_ID) VALUES ('106995809', 70473, 'Sam', 'Hailee', 'Todd', 'F', '1998-11-29', 36.28, '9493437952', '88873');
INSERT INTO EMPLOYEE (SSN, EMP_ID, FNAME, MNAME, LNAME, SEX, BIRTH_DATE, PAY_RATE, PHONE_NUM, COMPANY_ID) VALUES ('133065588', 70474, 'Emely', 'Unique', 'Dickson', 'M', '1942-08-17', 11.89, '9794564839', '83234');
INSERT INTO EMPLOYEE (SSN, EMP_ID, FNAME, MNAME, LNAME, SEX, BIRTH_DATE, PAY_RATE, PHONE_NUM, COMPANY_ID) VALUES ('110250996', 70475, 'Reid', 'Heather', 'Burton', 'M', '1989-05-12', 40.07, '8723397910', '83234');
INSERT INTO EMPLOYEE (SSN, EMP_ID, FNAME, MNAME, LNAME, SEX, BIRTH_DATE, PAY_RATE, PHONE_NUM, COMPANY_ID) VALUES ('154045810', 70476, 'Reid', 'Indiana', 'Ewing', 'M', '1973-01-10', 21.57, '2151748830', '23023');
INSERT INTO EMPLOYEE (SSN, EMP_ID, FNAME, MNAME, LNAME, SEX, BIRTH_DATE, PAY_RATE, PHONE_NUM, COMPANY_ID) VALUES ('135734360', 70477, 'Ann', 'Rory', 'Vaughn', 'M', '1970-01-24', 29.96, '9784439911', '83234');
INSERT INTO EMPLOYEE (SSN, EMP_ID, FNAME, MNAME, LNAME, SEX, BIRTH_DATE, PAY_RATE, PHONE_NUM, COMPANY_ID) VALUES ('139682691', 70478, 'Macie', 'Carol', 'Clarke', 'M', '1987-03-01', 39.82, '5732472961', '23023');
INSERT INTO EMPLOYEE (SSN, EMP_ID, FNAME, MNAME, LNAME, SEX, BIRTH_DATE, PAY_RATE, PHONE_NUM, COMPANY_ID) VALUES ('149675775', 70479, 'Elsie', 'Sloan', 'Solomon', 'F', '1939-06-09', 18.93, '5022127810', '88873');
INSERT INTO EMPLOYEE (SSN, EMP_ID, FNAME, MNAME, LNAME, SEX, BIRTH_DATE, PAY_RATE, PHONE_NUM, COMPANY_ID) VALUES ('151641848', 70480, 'Yahir', 'Tawanda', 'Wilkerson', 'M', '1956-01-01', 16.94, '3141132050', '12761');
INSERT INTO EMPLOYEE (SSN, EMP_ID, FNAME, MNAME, LNAME, SEX, BIRTH_DATE, PAY_RATE, PHONE_NUM, COMPANY_ID) VALUES ('160110498', 70481, 'Kylie', 'Jaylin', 'Potter', 'F', '1980-04-11', 17.41, '2136173534', '12761');
INSERT INTO EMPLOYEE (SSN, EMP_ID, FNAME, MNAME, LNAME, SEX, BIRTH_DATE, PAY_RATE, PHONE_NUM, COMPANY_ID) VALUES ('181681906', 70482, 'Zackary', 'Sammy', 'Love', 'M', '1970-12-10', 15.40, '2607866604', '83234');
INSERT INTO EMPLOYEE (SSN, EMP_ID, FNAME, MNAME, LNAME, SEX, BIRTH_DATE, PAY_RATE, PHONE_NUM, COMPANY_ID) VALUES ('142407042', 70483, 'Desmond', 'Jami', 'Roberson', 'M', '1997-06-28', 28.25, '6121659685', '83234');
INSERT INTO EMPLOYEE (SSN, EMP_ID, FNAME, MNAME, LNAME, SEX, BIRTH_DATE, PAY_RATE, PHONE_NUM, COMPANY_ID) VALUES ('129839790', 70484, 'Kameron', 'Shontay', 'Young', 'M', '1939-04-30', 15.97, '5207842854', '60721');
INSERT INTO EMPLOYEE (SSN, EMP_ID, FNAME, MNAME, LNAME, SEX, BIRTH_DATE, PAY_RATE, PHONE_NUM, COMPANY_ID) VALUES ('108938058', 70485, 'Caleb', 'Seven', 'Phelps', 'F', '1940-06-25', 23.62, '9409240421', '13241');
INSERT INTO EMPLOYEE (SSN, EMP_ID, FNAME, MNAME, LNAME, SEX, BIRTH_DATE, PAY_RATE, PHONE_NUM, COMPANY_ID) VALUES ('181017270', 70486, 'Alden', 'Memphis', 'Cervantes', 'M', '1979-11-16', 13.53, '9147353745', '60721');
INSERT INTO EMPLOYEE (SSN, EMP_ID, FNAME, MNAME, LNAME, SEX, BIRTH_DATE, PAY_RATE, PHONE_NUM, COMPANY_ID) VALUES ('110760830', 70487, 'Fernando', 'Jada', 'Espinoza', 'F', '1999-08-22', 46.38, '8315280581', '23023');
INSERT INTO EMPLOYEE (SSN, EMP_ID, FNAME, MNAME, LNAME, SEX, BIRTH_DATE, PAY_RATE, PHONE_NUM, COMPANY_ID) VALUES ('120606692', 70488, 'Aryan', 'Brooklyn', 'Preston', 'M', '1954-11-22', 49.54, '2167305301', '88873');
INSERT INTO EMPLOYEE (SSN, EMP_ID, FNAME, MNAME, LNAME, SEX, BIRTH_DATE, PAY_RATE, PHONE_NUM, COMPANY_ID) VALUES ('142553012', 70489, 'Jimmy', 'Laken', 'Patterson', 'F', '1943-06-08', 48.36, '7195540500', '23023');
INSERT INTO EMPLOYEE (SSN, EMP_ID, FNAME, MNAME, LNAME, SEX, BIRTH_DATE, PAY_RATE, PHONE_NUM, COMPANY_ID) VALUES ('182957263', 70490, 'Yazmin', 'Shontay', 'Wiley', 'M', '1993-10-15', 45.77, '2258057418', '23023');
INSERT INTO EMPLOYEE (SSN, EMP_ID, FNAME, MNAME, LNAME, SEX, BIRTH_DATE, PAY_RATE, PHONE_NUM, COMPANY_ID) VALUES ('184447431', 70491, 'Emely', 'Macy', 'Bernard', 'M', '1953-10-29', 24.77, '8317643073', '23023');
INSERT INTO EMPLOYEE (SSN, EMP_ID, FNAME, MNAME, LNAME, SEX, BIRTH_DATE, PAY_RATE, PHONE_NUM, COMPANY_ID) VALUES ('140169490', 70492, 'Julius', 'Lesley', 'Bray', 'F', '1974-12-03', 19.69, '8503919291', '83234');
INSERT INTO EMPLOYEE (SSN, EMP_ID, FNAME, MNAME, LNAME, SEX, BIRTH_DATE, PAY_RATE, PHONE_NUM, COMPANY_ID) VALUES ('132787604', 70493, 'Ethen', 'Jaylin', 'Barnett', 'M', '1980-04-03', 31.72, '4199885957', '60721');
INSERT INTO EMPLOYEE (SSN, EMP_ID, FNAME, MNAME, LNAME, SEX, BIRTH_DATE, PAY_RATE, PHONE_NUM, COMPANY_ID) VALUES ('101780136', 70494, 'Wayne', 'Rina', 'Huff', 'M', '1999-05-27', 10.32, '6084883839', '88873');
INSERT INTO EMPLOYEE (SSN, EMP_ID, FNAME, MNAME, LNAME, SEX, BIRTH_DATE, PAY_RATE, PHONE_NUM, COMPANY_ID) VALUES ('129263373', 70495, 'Delilah', 'Morgan', 'Parsons', 'M', '1964-08-16', 15.33, '7187259008', '88873');
INSERT INTO EMPLOYEE (SSN, EMP_ID, FNAME, MNAME, LNAME, SEX, BIRTH_DATE, PAY_RATE, PHONE_NUM, COMPANY_ID) VALUES ('167170749', 70496, 'Shaniya', 'Mallory', 'Gates', 'M', '1966-06-16', 22.09, '3605465466', '60721');
INSERT INTO EMPLOYEE (SSN, EMP_ID, FNAME, MNAME, LNAME, SEX, BIRTH_DATE, PAY_RATE, PHONE_NUM, COMPANY_ID) VALUES ('173762938', 70497, 'Lane', 'Jamea', 'Wynn', 'F', '1946-01-24', 35.91, '7407651837', '23023');
INSERT INTO EMPLOYEE (SSN, EMP_ID, FNAME, MNAME, LNAME, SEX, BIRTH_DATE, PAY_RATE, PHONE_NUM, COMPANY_ID) VALUES ('189592860', 70498, 'Thalia', 'Rain', 'Munoz', 'F', '1930-07-22', 42.72, '7858303844', '13241');
INSERT INTO EMPLOYEE (SSN, EMP_ID, FNAME, MNAME, LNAME, SEX, BIRTH_DATE, PAY_RATE, PHONE_NUM, COMPANY_ID) VALUES ('113621066', 70499, 'Aden', 'Reeve', 'Woodward', 'F', '1954-05-12', 45.39, '4785743726', '22289');

-- PHARMACIST TABLE
INSERT INTO PHARMACIST (ESSN, Degree_Type) VALUES ('162611906', 'Doctor of Pharmacy');
INSERT INTO PHARMACIST (ESSN, Degree_Type) VALUES ('148808631', 'Doctor of Pharmacy');
INSERT INTO PHARMACIST (ESSN, Degree_Type) VALUES ('186368841', 'PharmD');
INSERT INTO PHARMACIST (ESSN, Degree_Type) VALUES ('182952503', 'Doctor of Pharmacy');
INSERT INTO PHARMACIST (ESSN, Degree_Type) VALUES ('164856782', 'Doctor of Pharmacy');
INSERT INTO PHARMACIST (ESSN, Degree_Type) VALUES ('123688681', 'PharmD');
INSERT INTO PHARMACIST (ESSN, Degree_Type) VALUES ('132470280', 'Doctor of Pharmacy');
INSERT INTO PHARMACIST (ESSN, Degree_Type) VALUES ('115146266', 'Doctor of Pharmacy');
INSERT INTO PHARMACIST (ESSN, Degree_Type) VALUES ('106995809', 'Doctor of Pharmacy');
INSERT INTO PHARMACIST (ESSN, Degree_Type) VALUES ('153934340', 'Doctor of Pharmacy');
INSERT INTO PHARMACIST (ESSN, Degree_Type) VALUES ('127073753', 'PharmD');
INSERT INTO PHARMACIST (ESSN, Degree_Type) VALUES ('131105448', 'Doctor of Pharmacy');
INSERT INTO PHARMACIST (ESSN, Degree_Type) VALUES ('118643990', 'Doctor of Pharmacy');
INSERT INTO PHARMACIST (ESSN, Degree_Type) VALUES ('144679234', 'Doctor of Pharmacy');
INSERT INTO PHARMACIST (ESSN, Degree_Type) VALUES ('126801764', 'Doctor of Pharmacy');
INSERT INTO PHARMACIST (ESSN, Degree_Type) VALUES ('159942737', 'Doctor of Pharmacy');
INSERT INTO PHARMACIST (ESSN, Degree_Type) VALUES ('174778718', 'PharmD');
INSERT INTO PHARMACIST (ESSN, Degree_Type) VALUES ('109524124', 'PharmD');
INSERT INTO PHARMACIST (ESSN, Degree_Type) VALUES ('179735641', 'Doctor of Pharmacy');
INSERT INTO PHARMACIST (ESSN, Degree_Type) VALUES ('166393895', 'PharmD');
INSERT INTO PHARMACIST (ESSN, Degree_Type) VALUES ('169494795', 'PharmD');
INSERT INTO PHARMACIST (ESSN, Degree_Type) VALUES ('141527863', 'PharmD');
INSERT INTO PHARMACIST (ESSN, Degree_Type) VALUES ('137919538', 'PharmD');
INSERT INTO PHARMACIST (ESSN, Degree_Type) VALUES ('155516419', 'Doctor of Pharmacy');
INSERT INTO PHARMACIST (ESSN, Degree_Type) VALUES ('116423395', 'PharmD');
INSERT INTO PHARMACIST (ESSN, Degree_Type) VALUES ('134422899', 'Doctor of Pharmacy');
INSERT INTO PHARMACIST (ESSN, Degree_Type) VALUES ('185611692', 'Doctor of Pharmacy');
INSERT INTO PHARMACIST (ESSN, Degree_Type) VALUES ('171329603', 'PharmD');
INSERT INTO PHARMACIST (ESSN, Degree_Type) VALUES ('120138112', 'Doctor of Pharmacy');
INSERT INTO PHARMACIST (ESSN, Degree_Type) VALUES ('180228572', 'PharmD');
INSERT INTO PHARMACIST (ESSN, Degree_Type) VALUES ('175254383', 'PharmD');
INSERT INTO PHARMACIST (ESSN, Degree_Type) VALUES ('174162351', 'PharmD');
INSERT INTO PHARMACIST (ESSN, Degree_Type) VALUES ('141932789', 'Doctor of Pharmacy');
INSERT INTO PHARMACIST (ESSN, Degree_Type) VALUES ('148477159', 'Doctor of Pharmacy');
INSERT INTO PHARMACIST (ESSN, Degree_Type) VALUES ('119188529', 'Doctor of Pharmacy');
INSERT INTO PHARMACIST (ESSN, Degree_Type) VALUES ('168396265', 'PharmD');
INSERT INTO PHARMACIST (ESSN, Degree_Type) VALUES ('106995809', 'PharmD');
INSERT INTO PHARMACIST (ESSN, Degree_Type) VALUES ('131030109', 'Doctor of Pharmacy');
INSERT INTO PHARMACIST (ESSN, Degree_Type) VALUES ('169581612', 'Doctor of Pharmacy');
INSERT INTO PHARMACIST (ESSN, Degree_Type) VALUES ('149128818', 'Doctor of Pharmacy');
INSERT INTO PHARMACIST (ESSN, Degree_Type) VALUES ('189592860', 'Doctor of Pharmacy');
INSERT INTO PHARMACIST (ESSN, Degree_Type) VALUES ('156634926', 'Doctor of Pharmacy');
INSERT INTO PHARMACIST (ESSN, Degree_Type) VALUES ('125776999', 'Doctor of Pharmacy');
INSERT INTO PHARMACIST (ESSN, Degree_Type) VALUES ('153774530', 'PharmD');
INSERT INTO PHARMACIST (ESSN, Degree_Type) VALUES ('114265145', 'Doctor of Pharmacy');
INSERT INTO PHARMACIST (ESSN, Degree_Type) VALUES ('102006116', 'Doctor of Pharmacy');
INSERT INTO PHARMACIST (ESSN, Degree_Type) VALUES ('125770121', 'Doctor of Pharmacy');

-- BRANCH TABLE
INSERT INTO BRANCH (BRANCH_ID, NAME, PHONE_NUM, COMPANY_ID, EMP_SSN)
VALUES ('30001', 'Costco', '4517895562', '13241', '102006116'),
	   ('30002', 'Costco', '7894561125', '13241', '106995809'),
       ('30003', 'Publix', '1004758134', '22289', '109524124'),
       ('30004', 'Publix', '4705295355', '22289','114265145'), 
       ('30005', 'Walgreens', '4715552222', '23023', '115146266'), 
       ('30006', 'Walgreens', '5031479512', '23023', '116423395'), 
       ('30007', 'Rite Aid', '3047895236', '60721', '118643990'),
       ('30008', 'Rite Aid', '4451112589', '60721', '120138112'), 
       ('30009', 'Walmart', '4175550012', '83234', '125776999'), 
	   ('30010', 'Walmart', '4175550554', '83234', '141932789'), 
       ('30011', 'CVS', '7052896666', '88873', '141932789'), 
       ('30012', 'CVS', '3047054719', '88873', '153774530');
       
-- CUSTOMER TABLE
INSERT INTO customer (PATIENT_ID, FNAME, MNAME, LNAME, SEX, BIRTH_DATE, PHONE_NUMBER) VALUES (50000, 'Kelvin', 'Nirvana', 'Raymond', 'M', '1962-10-09', '8174325623');
INSERT INTO customer (PATIENT_ID, FNAME, MNAME, LNAME, SEX, BIRTH_DATE, PHONE_NUMBER) VALUES (50001, 'Xzavier', 'Deron', 'Craig', 'F', '1980-02-17', '3168963562');
INSERT INTO customer (PATIENT_ID, FNAME, MNAME, LNAME, SEX, BIRTH_DATE, PHONE_NUMBER) VALUES (50002, 'Elliot', 'Whitley', 'Tanner', 'F', '1970-12-19', '8126764144');
INSERT INTO customer (PATIENT_ID, FNAME, MNAME, LNAME, SEX, BIRTH_DATE, PHONE_NUMBER) VALUES (50003, 'Brittany', 'Piper', 'Mccall', 'F', '1970-11-21', '9897612264');
INSERT INTO customer (PATIENT_ID, FNAME, MNAME, LNAME, SEX, BIRTH_DATE, PHONE_NUMBER) VALUES (50004, 'Janiya', 'Leigh', 'Meyers', 'F', '1950-03-22', '9401801896');
INSERT INTO customer (PATIENT_ID, FNAME, MNAME, LNAME, SEX, BIRTH_DATE, PHONE_NUMBER) VALUES (50005, 'Jaliyah', 'Jodie', 'Blevins', 'F', '1982-03-29', '7155442289');
INSERT INTO customer (PATIENT_ID, FNAME, MNAME, LNAME, SEX, BIRTH_DATE, PHONE_NUMBER) VALUES (50006, 'Lance', 'Jaqarta', 'Mcfarland', 'F', '1952-11-17', '7793286645');
INSERT INTO customer (PATIENT_ID, FNAME, MNAME, LNAME, SEX, BIRTH_DATE, PHONE_NUMBER) VALUES (50007, 'Jaydan', 'Arly', 'Hunter', 'M', '1976-04-14', '8634783158');
INSERT INTO customer (PATIENT_ID, FNAME, MNAME, LNAME, SEX, BIRTH_DATE, PHONE_NUMBER) VALUES (50008, 'Daniel', 'Kalin', 'Stevens', 'M', '1932-10-15', '6127669362');
INSERT INTO customer (PATIENT_ID, FNAME, MNAME, LNAME, SEX, BIRTH_DATE, PHONE_NUMBER) VALUES (50009, 'Madden', 'Reegan', 'Kramer', 'M', '1970-11-25', '4141762838');
INSERT INTO customer (PATIENT_ID, FNAME, MNAME, LNAME, SEX, BIRTH_DATE, PHONE_NUMBER) VALUES (50010, 'Jonah', 'Dixie', 'Hahn', 'M', '1950-09-18', '4796510354');
INSERT INTO customer (PATIENT_ID, FNAME, MNAME, LNAME, SEX, BIRTH_DATE, PHONE_NUMBER) VALUES (50011, 'Kailee', 'Piper', 'Lowery', 'F', '1988-10-27', '9794647624');
INSERT INTO customer (PATIENT_ID, FNAME, MNAME, LNAME, SEX, BIRTH_DATE, PHONE_NUMBER) VALUES (50012, 'Alex', 'Jamie', 'James', 'F', '1949-09-01', '8184583169');
INSERT INTO customer (PATIENT_ID, FNAME, MNAME, LNAME, SEX, BIRTH_DATE, PHONE_NUMBER) VALUES (50013, 'Elizabeth', 'Jody', 'Kent', 'F', '1939-07-28', '8107571043');
INSERT INTO customer (PATIENT_ID, FNAME, MNAME, LNAME, SEX, BIRTH_DATE, PHONE_NUMBER) VALUES (50014, 'Eden', 'Erin', 'Acosta', 'F', '1974-12-06', '6156307966');
INSERT INTO customer (PATIENT_ID, FNAME, MNAME, LNAME, SEX, BIRTH_DATE, PHONE_NUMBER) VALUES (50015, 'Emmalyn', 'Sky', 'Duran', 'M', '1994-07-31', '8323718517');
INSERT INTO customer (PATIENT_ID, FNAME, MNAME, LNAME, SEX, BIRTH_DATE, PHONE_NUMBER) VALUES (50016, 'Ana', 'Sable', 'Espinoza', 'M', '1941-08-13', '7077184498');
INSERT INTO customer (PATIENT_ID, FNAME, MNAME, LNAME, SEX, BIRTH_DATE, PHONE_NUMBER) VALUES (50017, 'Avery', 'Nalah', 'Mccarty', 'M', '1945-07-06', '5093865173');
INSERT INTO customer (PATIENT_ID, FNAME, MNAME, LNAME, SEX, BIRTH_DATE, PHONE_NUMBER) VALUES (50018, 'Jimena', 'Vashonne', 'Calderon', 'M', '1965-01-21', '3344412191');
INSERT INTO customer (PATIENT_ID, FNAME, MNAME, LNAME, SEX, BIRTH_DATE, PHONE_NUMBER) VALUES (50019, 'Janessa', 'Brynn', 'Moses', 'F', '1970-11-06', '3854417226');
INSERT INTO customer (PATIENT_ID, FNAME, MNAME, LNAME, SEX, BIRTH_DATE, PHONE_NUMBER) VALUES (50020, 'Jaylin', 'Senna', 'Velez', 'M', '1979-03-27', '3239935352');
INSERT INTO customer (PATIENT_ID, FNAME, MNAME, LNAME, SEX, BIRTH_DATE, PHONE_NUMBER) VALUES (50021, 'Emmalyn', 'Sam', 'Wall', 'F', '1996-10-01', '7794317632');
INSERT INTO customer (PATIENT_ID, FNAME, MNAME, LNAME, SEX, BIRTH_DATE, PHONE_NUMBER) VALUES (50022, 'Edwin', 'Gracen', 'Booth', 'F', '1970-06-01', '8317920747');
INSERT INTO customer (PATIENT_ID, FNAME, MNAME, LNAME, SEX, BIRTH_DATE, PHONE_NUMBER) VALUES (50023, 'Byron', 'Chandell', 'Travis', 'F', '1934-03-28', '3219494083');
INSERT INTO customer (PATIENT_ID, FNAME, MNAME, LNAME, SEX, BIRTH_DATE, PHONE_NUMBER) VALUES (50024, 'Jairo', 'Arely', 'Day', 'F', '1991-05-15', '2027031470');
INSERT INTO customer (PATIENT_ID, FNAME, MNAME, LNAME, SEX, BIRTH_DATE, PHONE_NUMBER) VALUES (50025, 'Brenna', 'Aspen', 'Long', 'F', '1938-08-17', '3028034557');
INSERT INTO customer (PATIENT_ID, FNAME, MNAME, LNAME, SEX, BIRTH_DATE, PHONE_NUMBER) VALUES (50026, 'Roland', 'Temple', 'Hendrix', 'F', '1973-10-13', '2256052225');
INSERT INTO customer (PATIENT_ID, FNAME, MNAME, LNAME, SEX, BIRTH_DATE, PHONE_NUMBER) VALUES (50027, 'Colin', 'Java', 'Savage', 'M', '1993-12-07', '8058685766');
INSERT INTO customer (PATIENT_ID, FNAME, MNAME, LNAME, SEX, BIRTH_DATE, PHONE_NUMBER) VALUES (50028, 'Deangelo', 'Ricki', 'Carroll', 'F', '1932-08-08', '6129111527');
INSERT INTO customer (PATIENT_ID, FNAME, MNAME, LNAME, SEX, BIRTH_DATE, PHONE_NUMBER) VALUES (50029, 'Kaleb', 'Memphis', 'Whitehead', 'F', '1967-12-22', '3402091334');
INSERT INTO customer (PATIENT_ID, FNAME, MNAME, LNAME, SEX, BIRTH_DATE, PHONE_NUMBER) VALUES (50030, 'Bridget', 'Briley', 'Zimmerman', 'F', '1983-03-07', '9806850358');
INSERT INTO customer (PATIENT_ID, FNAME, MNAME, LNAME, SEX, BIRTH_DATE, PHONE_NUMBER) VALUES (50031, 'Jameson', 'Arely', 'Erickson', 'F', '1983-01-19', '8504012773');
INSERT INTO customer (PATIENT_ID, FNAME, MNAME, LNAME, SEX, BIRTH_DATE, PHONE_NUMBER) VALUES (50032, 'Kaylyn', 'Tawanda', 'Read', 'F', '1998-06-14', '3364390260');
INSERT INTO customer (PATIENT_ID, FNAME, MNAME, LNAME, SEX, BIRTH_DATE, PHONE_NUMBER) VALUES (50033, 'Moises', 'Reese', 'Dunlap', 'M', '1995-07-25', '8152644046');
INSERT INTO customer (PATIENT_ID, FNAME, MNAME, LNAME, SEX, BIRTH_DATE, PHONE_NUMBER) VALUES (50034, 'Barbara', 'Reagan', 'Cobb', 'M', '1961-01-07', '8035201266');
INSERT INTO customer (PATIENT_ID, FNAME, MNAME, LNAME, SEX, BIRTH_DATE, PHONE_NUMBER) VALUES (50035, 'Kylan', 'Mallory', 'Mooney', 'F', '1986-12-09', '7019681040');
INSERT INTO customer (PATIENT_ID, FNAME, MNAME, LNAME, SEX, BIRTH_DATE, PHONE_NUMBER) VALUES (50036, 'Rene', 'Sandy', 'Riddle', 'M', '1999-07-31', '2253049570');
INSERT INTO customer (PATIENT_ID, FNAME, MNAME, LNAME, SEX, BIRTH_DATE, PHONE_NUMBER) VALUES (50037, 'Alisha', 'Haley', 'Logan', 'M', '1962-12-16', '6813577415');
INSERT INTO customer (PATIENT_ID, FNAME, MNAME, LNAME, SEX, BIRTH_DATE, PHONE_NUMBER) VALUES (50038, 'Tomas', 'Reagan', 'Grant', 'M', '1986-08-21', '8315415828');
INSERT INTO customer (PATIENT_ID, FNAME, MNAME, LNAME, SEX, BIRTH_DATE, PHONE_NUMBER) VALUES (50039, 'Ali', 'Rohana', 'Chan', 'F', '1947-12-27', '6205795488');
INSERT INTO customer (PATIENT_ID, FNAME, MNAME, LNAME, SEX, BIRTH_DATE, PHONE_NUMBER) VALUES (50040, 'Alisson', 'Nakesha', 'Walls', 'F', '1945-11-12', '7069719396');
INSERT INTO customer (PATIENT_ID, FNAME, MNAME, LNAME, SEX, BIRTH_DATE, PHONE_NUMBER) VALUES (50041, 'Myah', 'Sammy', 'Maxwell', 'M', '1965-06-09', '8081050536');
INSERT INTO customer (PATIENT_ID, FNAME, MNAME, LNAME, SEX, BIRTH_DATE, PHONE_NUMBER) VALUES (50042, 'Leia', 'Regan', 'Soto', 'M', '1950-12-12', '4017580406');
INSERT INTO customer (PATIENT_ID, FNAME, MNAME, LNAME, SEX, BIRTH_DATE, PHONE_NUMBER) VALUES (50043, 'Andres', 'Jalen', 'Riley', 'F', '1946-06-04', '8145356697');
INSERT INTO customer (PATIENT_ID, FNAME, MNAME, LNAME, SEX, BIRTH_DATE, PHONE_NUMBER) VALUES (50044, 'Mauricio', 'Tawanda', 'Powers', 'M', '1965-02-13', '8045907821');
INSERT INTO customer (PATIENT_ID, FNAME, MNAME, LNAME, SEX, BIRTH_DATE, PHONE_NUMBER) VALUES (50045, 'Alana', 'Senna', 'Bell', 'M', '1999-07-20', '7123209686');
INSERT INTO customer (PATIENT_ID, FNAME, MNAME, LNAME, SEX, BIRTH_DATE, PHONE_NUMBER) VALUES (50046, 'Lucy', 'Immanuela', 'Vazquez', 'F', '1945-07-05', '6464375785');
INSERT INTO customer (PATIENT_ID, FNAME, MNAME, LNAME, SEX, BIRTH_DATE, PHONE_NUMBER) VALUES (50047, 'Clarissa', 'Sid', 'Ballard', 'F', '1955-05-24', '3032403545');
INSERT INTO customer (PATIENT_ID, FNAME, MNAME, LNAME, SEX, BIRTH_DATE, PHONE_NUMBER) VALUES (50048, 'Hayden', 'Ebony', 'Sullivan', 'F', '1945-09-18', '8599589133');
INSERT INTO customer (PATIENT_ID, FNAME, MNAME, LNAME, SEX, BIRTH_DATE, PHONE_NUMBER) VALUES (50049, 'Jamar', 'Merlyn', 'Robles', 'M', '1960-03-12', '4783128248');
INSERT INTO customer (PATIENT_ID, FNAME, MNAME, LNAME, SEX, BIRTH_DATE, PHONE_NUMBER) VALUES (50050, 'Deven', 'Meredith', 'Ruiz', 'M', '1942-06-26', '5851548844');
INSERT INTO customer (PATIENT_ID, FNAME, MNAME, LNAME, SEX, BIRTH_DATE, PHONE_NUMBER) VALUES (50051, 'Blaze', 'Loren', 'Harmon', 'F', '1936-04-05', '9803014335');
INSERT INTO customer (PATIENT_ID, FNAME, MNAME, LNAME, SEX, BIRTH_DATE, PHONE_NUMBER) VALUES (50052, 'Deborah', 'Joan', 'Cleveland', 'M', '1997-06-06', '2813791761');
INSERT INTO customer (PATIENT_ID, FNAME, MNAME, LNAME, SEX, BIRTH_DATE, PHONE_NUMBER) VALUES (50053, 'Logan', 'Winter', 'Jefferson', 'M', '1971-02-08', '5742754037');
INSERT INTO customer (PATIENT_ID, FNAME, MNAME, LNAME, SEX, BIRTH_DATE, PHONE_NUMBER) VALUES (50054, 'Jermaine', 'Jacqu', 'Morin', 'F', '1931-04-13', '2244619905');
INSERT INTO customer (PATIENT_ID, FNAME, MNAME, LNAME, SEX, BIRTH_DATE, PHONE_NUMBER) VALUES (50055, 'Bryleigh', 'July', 'Meyers', 'F', '1973-12-22', '9386727514');
INSERT INTO customer (PATIENT_ID, FNAME, MNAME, LNAME, SEX, BIRTH_DATE, PHONE_NUMBER) VALUES (50056, 'Aden', 'Shay', 'Gibson', 'M', '1996-10-26', '8057603260');
INSERT INTO customer (PATIENT_ID, FNAME, MNAME, LNAME, SEX, BIRTH_DATE, PHONE_NUMBER) VALUES (50057, 'Jadiel', 'Lexis', 'Ramsey', 'F', '1937-08-01', '8041580452');
INSERT INTO customer (PATIENT_ID, FNAME, MNAME, LNAME, SEX, BIRTH_DATE, PHONE_NUMBER) VALUES (50058, 'Johnathan', 'Nakesha', 'Crane', 'M', '1944-11-16', '3167632925');
INSERT INTO customer (PATIENT_ID, FNAME, MNAME, LNAME, SEX, BIRTH_DATE, PHONE_NUMBER) VALUES (50059, 'Camden', 'Piper', 'Swanson', 'M', '1974-02-03', '2521109998');
INSERT INTO customer (PATIENT_ID, FNAME, MNAME, LNAME, SEX, BIRTH_DATE, PHONE_NUMBER) VALUES (50060, 'Jaydin', 'Taylor', 'Cote', 'F', '1974-06-23', '9282258230');
INSERT INTO customer (PATIENT_ID, FNAME, MNAME, LNAME, SEX, BIRTH_DATE, PHONE_NUMBER) VALUES (50061, 'Alia', 'Marquise', 'Goodwin', 'F', '1982-05-26', '7156367093');
INSERT INTO customer (PATIENT_ID, FNAME, MNAME, LNAME, SEX, BIRTH_DATE, PHONE_NUMBER) VALUES (50062, 'Alexzander', 'Casey', 'Wooten', 'M', '1946-12-16', '5054841729');
INSERT INTO customer (PATIENT_ID, FNAME, MNAME, LNAME, SEX, BIRTH_DATE, PHONE_NUMBER) VALUES (50063, 'Enzo', 'Skylar', 'Mccall', 'M', '1973-12-05', '9709842274');
INSERT INTO customer (PATIENT_ID, FNAME, MNAME, LNAME, SEX, BIRTH_DATE, PHONE_NUMBER) VALUES (50064, 'Amalia', 'Aubree', 'Velez', 'M', '1960-11-14', '8155048953');
INSERT INTO customer (PATIENT_ID, FNAME, MNAME, LNAME, SEX, BIRTH_DATE, PHONE_NUMBER) VALUES (50065, 'Leon', 'Jadin', 'Donovan', 'F', '1950-04-01', '3077873388');
INSERT INTO customer (PATIENT_ID, FNAME, MNAME, LNAME, SEX, BIRTH_DATE, PHONE_NUMBER) VALUES (50066, 'Kiley', 'Addison', 'Odonnell', 'M', '1949-06-11', '2609450222');
INSERT INTO customer (PATIENT_ID, FNAME, MNAME, LNAME, SEX, BIRTH_DATE, PHONE_NUMBER) VALUES (50067, 'Bradley', 'Kaci', 'York', 'F', '1991-01-18', '2629731799');
INSERT INTO customer (PATIENT_ID, FNAME, MNAME, LNAME, SEX, BIRTH_DATE, PHONE_NUMBER) VALUES (50068, 'Efrain', 'Jaquonne', 'Buchanan', 'F', '1982-01-19', '2628757552');
INSERT INTO customer (PATIENT_ID, FNAME, MNAME, LNAME, SEX, BIRTH_DATE, PHONE_NUMBER) VALUES (50069, 'Daisy', 'Talyn', 'Fletcher', 'F', '1991-05-09', '6312544377');
INSERT INTO customer (PATIENT_ID, FNAME, MNAME, LNAME, SEX, BIRTH_DATE, PHONE_NUMBER) VALUES (50070, 'Renee', 'Brooke', 'Thompson', 'F', '1971-12-18', '9035061097');
INSERT INTO customer (PATIENT_ID, FNAME, MNAME, LNAME, SEX, BIRTH_DATE, PHONE_NUMBER) VALUES (50071, 'Corey', 'Dixie', 'Macias', 'F', '1978-02-10', '4077684785');
INSERT INTO customer (PATIENT_ID, FNAME, MNAME, LNAME, SEX, BIRTH_DATE, PHONE_NUMBER) VALUES (50072, 'Rayne', 'Hailey', 'Vaughan', 'M', '1992-12-24', '2012025188');
INSERT INTO customer (PATIENT_ID, FNAME, MNAME, LNAME, SEX, BIRTH_DATE, PHONE_NUMBER) VALUES (50073, 'Reese', 'Hayley', 'Barber', 'M', '1934-08-10', '3341366387');
INSERT INTO customer (PATIENT_ID, FNAME, MNAME, LNAME, SEX, BIRTH_DATE, PHONE_NUMBER) VALUES (50074, 'Santiago', 'Jaylin', 'Bryant', 'M', '1981-08-11', '4011450471');
INSERT INTO customer (PATIENT_ID, FNAME, MNAME, LNAME, SEX, BIRTH_DATE, PHONE_NUMBER) VALUES (50075, 'Danna', 'Leslie', 'Jenkins', 'M', '1995-06-17', '7798268496');
INSERT INTO customer (PATIENT_ID, FNAME, MNAME, LNAME, SEX, BIRTH_DATE, PHONE_NUMBER) VALUES (50076, 'Ayanna', 'Sky', 'Ayala', 'M', '1981-07-13', '9156415525');
INSERT INTO customer (PATIENT_ID, FNAME, MNAME, LNAME, SEX, BIRTH_DATE, PHONE_NUMBER) VALUES (50077, 'Lia', 'Unique', 'Bauer', 'F', '1996-03-06', '5307988188');
INSERT INTO customer (PATIENT_ID, FNAME, MNAME, LNAME, SEX, BIRTH_DATE, PHONE_NUMBER) VALUES (50078, 'Camren', 'Adare', 'Waller', 'F', '1989-07-08', '2605626808');
INSERT INTO customer (PATIENT_ID, FNAME, MNAME, LNAME, SEX, BIRTH_DATE, PHONE_NUMBER) VALUES (50079, 'Cannon', 'Nirvana', 'Palmer', 'M', '1960-02-20', '8729266715');
INSERT INTO customer (PATIENT_ID, FNAME, MNAME, LNAME, SEX, BIRTH_DATE, PHONE_NUMBER) VALUES (50080, 'Moises', 'Maya', 'Winters', 'M', '1978-04-06', '9155785934');
INSERT INTO customer (PATIENT_ID, FNAME, MNAME, LNAME, SEX, BIRTH_DATE, PHONE_NUMBER) VALUES (50081, 'Milana', 'Madison', 'Long', 'M', '1946-03-22', '9381204951');
INSERT INTO customer (PATIENT_ID, FNAME, MNAME, LNAME, SEX, BIRTH_DATE, PHONE_NUMBER) VALUES (50082, 'Ruth', 'Tawanda', 'Mueller', 'M', '1993-07-31', '7022441100');
INSERT INTO customer (PATIENT_ID, FNAME, MNAME, LNAME, SEX, BIRTH_DATE, PHONE_NUMBER) VALUES (50083, 'Alvin', 'Hayley', 'Swanson', 'F', '1979-09-26', '6783528098');
INSERT INTO customer (PATIENT_ID, FNAME, MNAME, LNAME, SEX, BIRTH_DATE, PHONE_NUMBER) VALUES (50084, 'Brennan', 'Chandell', 'Dyer', 'M', '1941-09-10', '5853802276');
INSERT INTO customer (PATIENT_ID, FNAME, MNAME, LNAME, SEX, BIRTH_DATE, PHONE_NUMBER) VALUES (50085, 'Lailah', 'Malory', 'Hopkins', 'F', '1941-07-08', '6267949160');
INSERT INTO customer (PATIENT_ID, FNAME, MNAME, LNAME, SEX, BIRTH_DATE, PHONE_NUMBER) VALUES (50086, 'Clark', 'Jaden', 'Ashley', 'F', '1974-08-17', '9566433498');
INSERT INTO customer (PATIENT_ID, FNAME, MNAME, LNAME, SEX, BIRTH_DATE, PHONE_NUMBER) VALUES (50087, 'Kiana', 'Rylee', 'Carlson', 'M', '1964-10-02', '6239723116');
INSERT INTO customer (PATIENT_ID, FNAME, MNAME, LNAME, SEX, BIRTH_DATE, PHONE_NUMBER) VALUES (50088, 'Asher', 'Makenna', 'May', 'F', '1931-07-19', '8453461011');
INSERT INTO customer (PATIENT_ID, FNAME, MNAME, LNAME, SEX, BIRTH_DATE, PHONE_NUMBER) VALUES (50089, 'Charlie', 'Sid', 'Wiley', 'F', '1959-02-22', '6508711858');
INSERT INTO customer (PATIENT_ID, FNAME, MNAME, LNAME, SEX, BIRTH_DATE, PHONE_NUMBER) VALUES (50090, 'Janiyah', 'Mo', 'Richmond', 'F', '1972-04-25', '9479051140');
INSERT INTO customer (PATIENT_ID, FNAME, MNAME, LNAME, SEX, BIRTH_DATE, PHONE_NUMBER) VALUES (50091, 'Jadyn', 'Mel', 'Sykes', 'M', '2000-11-08', '4054288412');
INSERT INTO customer (PATIENT_ID, FNAME, MNAME, LNAME, SEX, BIRTH_DATE, PHONE_NUMBER) VALUES (50092, 'Cameron', 'Joan', 'Briggs', 'F', '1984-02-12', '7657763378');
INSERT INTO customer (PATIENT_ID, FNAME, MNAME, LNAME, SEX, BIRTH_DATE, PHONE_NUMBER) VALUES (50093, 'Kyler', 'Jami', 'Sanders', 'M', '1946-11-29', '3106231569');
INSERT INTO customer (PATIENT_ID, FNAME, MNAME, LNAME, SEX, BIRTH_DATE, PHONE_NUMBER) VALUES (50094, 'Mathew', 'Winter', 'Drake', 'M', '1983-04-23', '6239588216');
INSERT INTO customer (PATIENT_ID, FNAME, MNAME, LNAME, SEX, BIRTH_DATE, PHONE_NUMBER) VALUES (50095, 'Kiersten', 'Hayley', 'Rocha', 'F', '1932-10-16', '3304877654');
INSERT INTO customer (PATIENT_ID, FNAME, MNAME, LNAME, SEX, BIRTH_DATE, PHONE_NUMBER) VALUES (50096, 'Bentlee', 'Phoenix', 'Monroe', 'M', '1945-05-01', '3024565362');
INSERT INTO customer (PATIENT_ID, FNAME, MNAME, LNAME, SEX, BIRTH_DATE, PHONE_NUMBER) VALUES (50097, 'Ethan', 'Jaidyn', 'Burton', 'F', '1966-08-17', '6816307376');
INSERT INTO customer (PATIENT_ID, FNAME, MNAME, LNAME, SEX, BIRTH_DATE, PHONE_NUMBER) VALUES (50098, 'Brittany', 'Aubree', 'Whitaker', 'F', '1958-01-04', '2678480670');
INSERT INTO customer (PATIENT_ID, FNAME, MNAME, LNAME, SEX, BIRTH_DATE, PHONE_NUMBER) VALUES (50099, 'Ian', 'Tawanda', 'Clayton', 'F', '1980-12-09', '6503048728');
INSERT INTO customer (PATIENT_ID, FNAME, MNAME, LNAME, SEX, BIRTH_DATE, PHONE_NUMBER) VALUES (50100, 'Miracle', 'Sloan', 'Stone', 'M', '1930-01-06', '6789719924');
INSERT INTO customer (PATIENT_ID, FNAME, MNAME, LNAME, SEX, BIRTH_DATE, PHONE_NUMBER) VALUES (50101, 'Adelaide', 'Jami', 'Brady', 'M', '1951-08-17', '6627861613');
INSERT INTO customer (PATIENT_ID, FNAME, MNAME, LNAME, SEX, BIRTH_DATE, PHONE_NUMBER) VALUES (50102, 'Daxton', 'Jaden', 'Albert', 'F', '1992-09-22', '6828583151');
INSERT INTO customer (PATIENT_ID, FNAME, MNAME, LNAME, SEX, BIRTH_DATE, PHONE_NUMBER) VALUES (50103, 'Kimber', 'Jaycee', 'Armstrong', 'M', '1986-12-30', '6816205163');
INSERT INTO customer (PATIENT_ID, FNAME, MNAME, LNAME, SEX, BIRTH_DATE, PHONE_NUMBER) VALUES (50104, 'Selah', 'Jaden', 'Salinas', 'F', '1999-06-21', '2256135361');
INSERT INTO customer (PATIENT_ID, FNAME, MNAME, LNAME, SEX, BIRTH_DATE, PHONE_NUMBER) VALUES (50105, 'Bodhi', 'Casey', 'Ballard', 'F', '2000-12-02', '3158589522');
INSERT INTO customer (PATIENT_ID, FNAME, MNAME, LNAME, SEX, BIRTH_DATE, PHONE_NUMBER) VALUES (50106, 'Aliana', 'Aubrie', 'Baldwin', 'M', '1961-04-14', '5014636979');
INSERT INTO customer (PATIENT_ID, FNAME, MNAME, LNAME, SEX, BIRTH_DATE, PHONE_NUMBER) VALUES (50107, 'Yoselin', 'Abbey', 'Parsons', 'M', '1965-09-19', '3375384526');
INSERT INTO customer (PATIENT_ID, FNAME, MNAME, LNAME, SEX, BIRTH_DATE, PHONE_NUMBER) VALUES (50108, 'Hayden', 'Mckenzie', 'Russell', 'M', '1946-07-18', '6147089371');
INSERT INTO customer (PATIENT_ID, FNAME, MNAME, LNAME, SEX, BIRTH_DATE, PHONE_NUMBER) VALUES (50109, 'Carissa', 'Reeve', 'Parker', 'M', '1967-06-23', '9292202672');
INSERT INTO customer (PATIENT_ID, FNAME, MNAME, LNAME, SEX, BIRTH_DATE, PHONE_NUMBER) VALUES (50110, 'Brennan', 'Dixie', 'Read', 'F', '1937-10-06', '2403439270');
INSERT INTO customer (PATIENT_ID, FNAME, MNAME, LNAME, SEX, BIRTH_DATE, PHONE_NUMBER) VALUES (50111, 'Cindy', 'Shani', 'Mcguire', 'F', '1982-01-29', '5301711528');
INSERT INTO customer (PATIENT_ID, FNAME, MNAME, LNAME, SEX, BIRTH_DATE, PHONE_NUMBER) VALUES (50112, 'Tobias', 'Paige', 'Romero', 'F', '1986-06-28', '3207733928');
INSERT INTO customer (PATIENT_ID, FNAME, MNAME, LNAME, SEX, BIRTH_DATE, PHONE_NUMBER) VALUES (50113, 'London', 'Elisha', 'Hogan', 'F', '1948-01-01', '5022962414');
INSERT INTO customer (PATIENT_ID, FNAME, MNAME, LNAME, SEX, BIRTH_DATE, PHONE_NUMBER) VALUES (50114, 'Cole', 'Jay', 'Mcconnell', 'F', '1937-04-04', '7081825754');
INSERT INTO customer (PATIENT_ID, FNAME, MNAME, LNAME, SEX, BIRTH_DATE, PHONE_NUMBER) VALUES (50115, 'Breanna', 'Marlin', 'Dean', 'F', '1992-11-17', '9182571248');
INSERT INTO customer (PATIENT_ID, FNAME, MNAME, LNAME, SEX, BIRTH_DATE, PHONE_NUMBER) VALUES (50116, 'Michaela', 'Pat', 'Cameron', 'M', '1992-01-28', '9474233737');
INSERT INTO customer (PATIENT_ID, FNAME, MNAME, LNAME, SEX, BIRTH_DATE, PHONE_NUMBER) VALUES (50117, 'Jabari', 'Reeve', 'Dillard', 'F', '1989-12-07', '3305267712');
INSERT INTO customer (PATIENT_ID, FNAME, MNAME, LNAME, SEX, BIRTH_DATE, PHONE_NUMBER) VALUES (50118, 'Pamela', 'Jaden', 'Myers', 'F', '1986-06-21', '3253993434');
INSERT INTO customer (PATIENT_ID, FNAME, MNAME, LNAME, SEX, BIRTH_DATE, PHONE_NUMBER) VALUES (50119, 'Crew', 'Marquise', 'Duke', 'M', '1947-06-18', '8319130162');
INSERT INTO customer (PATIENT_ID, FNAME, MNAME, LNAME, SEX, BIRTH_DATE, PHONE_NUMBER) VALUES (50120, 'Sylas', 'Cassidy', 'Weaver', 'F', '1983-08-01', '7314427395');
INSERT INTO customer (PATIENT_ID, FNAME, MNAME, LNAME, SEX, BIRTH_DATE, PHONE_NUMBER) VALUES (50121, 'Nadia', 'Shanon', 'Downs', 'M', '1945-08-19', '9494516050');
INSERT INTO customer (PATIENT_ID, FNAME, MNAME, LNAME, SEX, BIRTH_DATE, PHONE_NUMBER) VALUES (50122, 'Drew', 'Madison', 'Vang', 'F', '1956-11-15', '4792911413');
INSERT INTO customer (PATIENT_ID, FNAME, MNAME, LNAME, SEX, BIRTH_DATE, PHONE_NUMBER) VALUES (50123, 'Tori', 'Jamea', 'Atkinson', 'F', '1991-05-18', '2398083816');
INSERT INTO customer (PATIENT_ID, FNAME, MNAME, LNAME, SEX, BIRTH_DATE, PHONE_NUMBER) VALUES (50124, 'Sincere', 'Morgan', 'Rodgers', 'F', '1946-01-03', '9735210428');
INSERT INTO customer (PATIENT_ID, FNAME, MNAME, LNAME, SEX, BIRTH_DATE, PHONE_NUMBER) VALUES (50125, 'Cynthia', 'Addison', 'Mendez', 'F', '2000-10-04', '2126213351');
INSERT INTO customer (PATIENT_ID, FNAME, MNAME, LNAME, SEX, BIRTH_DATE, PHONE_NUMBER) VALUES (50126, 'Bradley', 'Sandy', 'Steele', 'M', '1961-05-19', '8327859789');
INSERT INTO customer (PATIENT_ID, FNAME, MNAME, LNAME, SEX, BIRTH_DATE, PHONE_NUMBER) VALUES (50127, 'Alvin', 'Addison', 'Trevino', 'F', '1945-06-18', '5167031107');
INSERT INTO customer (PATIENT_ID, FNAME, MNAME, LNAME, SEX, BIRTH_DATE, PHONE_NUMBER) VALUES (50128, 'Briella', 'Nala', 'Graham', 'M', '1989-04-29', '2093248094');
INSERT INTO customer (PATIENT_ID, FNAME, MNAME, LNAME, SEX, BIRTH_DATE, PHONE_NUMBER) VALUES (50129, 'Ricardo', 'Aydan', 'Berg', 'F', '1933-06-13', '7133593863');
INSERT INTO customer (PATIENT_ID, FNAME, MNAME, LNAME, SEX, BIRTH_DATE, PHONE_NUMBER) VALUES (50130, 'Raina', 'Pat', 'Lancaster', 'F', '1963-04-26', '4063580123');
INSERT INTO customer (PATIENT_ID, FNAME, MNAME, LNAME, SEX, BIRTH_DATE, PHONE_NUMBER) VALUES (50131, 'Ayleen', 'Shani', 'Terry', 'F', '1938-12-23', '4048798317');
INSERT INTO customer (PATIENT_ID, FNAME, MNAME, LNAME, SEX, BIRTH_DATE, PHONE_NUMBER) VALUES (50132, 'Grady', 'Jamea', 'Becker', 'F', '1936-04-09', '5739462493');
INSERT INTO customer (PATIENT_ID, FNAME, MNAME, LNAME, SEX, BIRTH_DATE, PHONE_NUMBER) VALUES (50133, 'Lee', 'Maddy', 'Curry', 'M', '1946-05-01', '2629190237');
INSERT INTO customer (PATIENT_ID, FNAME, MNAME, LNAME, SEX, BIRTH_DATE, PHONE_NUMBER) VALUES (50134, 'Harvey', 'Eden', 'Conner', 'F', '1937-08-10', '3139199073');
INSERT INTO customer (PATIENT_ID, FNAME, MNAME, LNAME, SEX, BIRTH_DATE, PHONE_NUMBER) VALUES (50135, 'Miller', 'River', 'Winters', 'F', '1937-01-27', '6605625559');
INSERT INTO customer (PATIENT_ID, FNAME, MNAME, LNAME, SEX, BIRTH_DATE, PHONE_NUMBER) VALUES (50136, 'Brock', 'Angel', 'Cox', 'F', '1932-09-18', '7731812875');
INSERT INTO customer (PATIENT_ID, FNAME, MNAME, LNAME, SEX, BIRTH_DATE, PHONE_NUMBER) VALUES (50137, 'Nasir', 'Jadyn', 'Arnold', 'M', '1968-04-28', '5514292326');
INSERT INTO customer (PATIENT_ID, FNAME, MNAME, LNAME, SEX, BIRTH_DATE, PHONE_NUMBER) VALUES (50138, 'Genesis', 'Indiana', 'Sullivan', 'M', '1933-01-29', '2083312842');
INSERT INTO customer (PATIENT_ID, FNAME, MNAME, LNAME, SEX, BIRTH_DATE, PHONE_NUMBER) VALUES (50139, 'Danika', 'Mallery', 'Stafford', 'M', '1989-06-24', '5399466115');
INSERT INTO customer (PATIENT_ID, FNAME, MNAME, LNAME, SEX, BIRTH_DATE, PHONE_NUMBER) VALUES (50140, 'Khalil', 'Ron', 'Gonzales', 'M', '1994-05-01', '9044668474');
INSERT INTO customer (PATIENT_ID, FNAME, MNAME, LNAME, SEX, BIRTH_DATE, PHONE_NUMBER) VALUES (50141, 'Aliyah', 'Harper', 'Wolf', 'F', '1995-09-30', '4128354374');
INSERT INTO customer (PATIENT_ID, FNAME, MNAME, LNAME, SEX, BIRTH_DATE, PHONE_NUMBER) VALUES (50142, 'Kailynn', 'Skylar', 'Haney', 'M', '1946-05-02', '3182161101');
INSERT INTO customer (PATIENT_ID, FNAME, MNAME, LNAME, SEX, BIRTH_DATE, PHONE_NUMBER) VALUES (50143, 'Olivia', 'Roma', 'Leon', 'F', '1974-08-11', '9011606288');
INSERT INTO customer (PATIENT_ID, FNAME, MNAME, LNAME, SEX, BIRTH_DATE, PHONE_NUMBER) VALUES (50144, 'Aldo', 'Winter', 'Palmer', 'M', '1972-03-05', '2134316472');
INSERT INTO customer (PATIENT_ID, FNAME, MNAME, LNAME, SEX, BIRTH_DATE, PHONE_NUMBER) VALUES (50145, 'Nathalie', 'Haley', 'Shannon', 'M', '1981-02-20', '9515209520');
INSERT INTO customer (PATIENT_ID, FNAME, MNAME, LNAME, SEX, BIRTH_DATE, PHONE_NUMBER) VALUES (50146, 'Tate', 'Rohan', 'Torres', 'F', '1955-07-19', '3042987711');
INSERT INTO customer (PATIENT_ID, FNAME, MNAME, LNAME, SEX, BIRTH_DATE, PHONE_NUMBER) VALUES (50147, 'Myah', 'Sheridan', 'Schneider', 'M', '1988-03-29', '8586674945');
INSERT INTO customer (PATIENT_ID, FNAME, MNAME, LNAME, SEX, BIRTH_DATE, PHONE_NUMBER) VALUES (50148, 'Shane', 'Poet', 'Richmond', 'F', '1940-08-03', '8639422798');
INSERT INTO customer (PATIENT_ID, FNAME, MNAME, LNAME, SEX, BIRTH_DATE, PHONE_NUMBER) VALUES (50149, 'Analia', 'Ronny', 'Kent', 'F', '1971-06-16', '7477298952');
INSERT INTO customer (PATIENT_ID, FNAME, MNAME, LNAME, SEX, BIRTH_DATE, PHONE_NUMBER) VALUES (50150, 'Dominick', 'Rohan', 'Barrera', 'M', '1940-06-02', '9364400761');
INSERT INTO customer (PATIENT_ID, FNAME, MNAME, LNAME, SEX, BIRTH_DATE, PHONE_NUMBER) VALUES (50151, 'Kaitlynn', 'Parker', 'Britt', 'M', '1950-05-08', '8472874148');
INSERT INTO customer (PATIENT_ID, FNAME, MNAME, LNAME, SEX, BIRTH_DATE, PHONE_NUMBER) VALUES (50152, 'Hector', 'Jalen', 'Maldonado', 'M', '1949-08-08', '6157619890');
INSERT INTO customer (PATIENT_ID, FNAME, MNAME, LNAME, SEX, BIRTH_DATE, PHONE_NUMBER) VALUES (50153, 'London', 'Vashonne', 'Alford', 'F', '1988-06-27', '2531419560');
INSERT INTO customer (PATIENT_ID, FNAME, MNAME, LNAME, SEX, BIRTH_DATE, PHONE_NUMBER) VALUES (50154, 'Emilee', 'Pat', 'Herman', 'F', '1946-08-08', '8283398220');
INSERT INTO customer (PATIENT_ID, FNAME, MNAME, LNAME, SEX, BIRTH_DATE, PHONE_NUMBER) VALUES (50155, 'Dario', 'Mckenzie', 'Hodge', 'M', '1989-01-04', '9063465926');
INSERT INTO customer (PATIENT_ID, FNAME, MNAME, LNAME, SEX, BIRTH_DATE, PHONE_NUMBER) VALUES (50156, 'Nataly', 'Gracen', 'Monroe', 'M', '1968-09-29', '4427924033');
INSERT INTO customer (PATIENT_ID, FNAME, MNAME, LNAME, SEX, BIRTH_DATE, PHONE_NUMBER) VALUES (50157, 'Jerome', 'Shannon', 'Mccoy', 'M', '1962-10-29', '5204672292');
INSERT INTO customer (PATIENT_ID, FNAME, MNAME, LNAME, SEX, BIRTH_DATE, PHONE_NUMBER) VALUES (50158, 'Hayes', 'Jacqu', 'Vega', 'F', '1985-09-02', '3103947588');
INSERT INTO customer (PATIENT_ID, FNAME, MNAME, LNAME, SEX, BIRTH_DATE, PHONE_NUMBER) VALUES (50159, 'Alexandria', 'Jaquonne', 'Smith', 'F', '1972-11-24', '5709035581');
INSERT INTO customer (PATIENT_ID, FNAME, MNAME, LNAME, SEX, BIRTH_DATE, PHONE_NUMBER) VALUES (50160, 'Shayla', 'Reagen', 'Underwood', 'M', '1933-05-03', '8475899633');
INSERT INTO customer (PATIENT_ID, FNAME, MNAME, LNAME, SEX, BIRTH_DATE, PHONE_NUMBER) VALUES (50161, 'Zackary', 'Jadyn', 'Whitfield', 'M', '1957-08-03', '9049477490');
INSERT INTO customer (PATIENT_ID, FNAME, MNAME, LNAME, SEX, BIRTH_DATE, PHONE_NUMBER) VALUES (50162, 'Dax', 'Kelley', 'Hatfield', 'M', '1947-08-22', '9497851953');
INSERT INTO customer (PATIENT_ID, FNAME, MNAME, LNAME, SEX, BIRTH_DATE, PHONE_NUMBER) VALUES (50163, 'Rosalie', 'Rory', 'Dean', 'M', '1954-09-06', '9546945847');
INSERT INTO customer (PATIENT_ID, FNAME, MNAME, LNAME, SEX, BIRTH_DATE, PHONE_NUMBER) VALUES (50164, 'Teagan', 'Senna', 'Rose', 'M', '1979-05-03', '9401387038');
INSERT INTO customer (PATIENT_ID, FNAME, MNAME, LNAME, SEX, BIRTH_DATE, PHONE_NUMBER) VALUES (50165, 'Arnav', 'Kenyatta', 'Heath', 'F', '1931-09-11', '8602272079');
INSERT INTO customer (PATIENT_ID, FNAME, MNAME, LNAME, SEX, BIRTH_DATE, PHONE_NUMBER) VALUES (50166, 'Zavier', 'Bunny', 'Meadows', 'F', '1959-11-08', '6061950320');
INSERT INTO customer (PATIENT_ID, FNAME, MNAME, LNAME, SEX, BIRTH_DATE, PHONE_NUMBER) VALUES (50167, 'Landon', 'Mckenzie', 'Sutton', 'F', '1972-07-18', '4697846936');
INSERT INTO customer (PATIENT_ID, FNAME, MNAME, LNAME, SEX, BIRTH_DATE, PHONE_NUMBER) VALUES (50168, 'Maleah', 'Riley', 'Faulkner', 'F', '1934-07-02', '6057591784');
INSERT INTO customer (PATIENT_ID, FNAME, MNAME, LNAME, SEX, BIRTH_DATE, PHONE_NUMBER) VALUES (50169, 'Lena', 'Sailor', 'Lester', 'F', '1939-12-25', '3514635323');
INSERT INTO customer (PATIENT_ID, FNAME, MNAME, LNAME, SEX, BIRTH_DATE, PHONE_NUMBER) VALUES (50170, 'Sara', 'Leslie', 'Houston', 'M', '1970-05-10', '5152548422');
INSERT INTO customer (PATIENT_ID, FNAME, MNAME, LNAME, SEX, BIRTH_DATE, PHONE_NUMBER) VALUES (50171, 'Kristen', 'Roma', 'Mcfadden', 'F', '1957-11-09', '2092956840');
INSERT INTO customer (PATIENT_ID, FNAME, MNAME, LNAME, SEX, BIRTH_DATE, PHONE_NUMBER) VALUES (50172, 'Lucian', 'Maddy', 'Palmer', 'F', '1979-06-02', '7174526931');
INSERT INTO customer (PATIENT_ID, FNAME, MNAME, LNAME, SEX, BIRTH_DATE, PHONE_NUMBER) VALUES (50173, 'Roman', 'Kim', 'Black', 'F', '1939-09-20', '7866221571');
INSERT INTO customer (PATIENT_ID, FNAME, MNAME, LNAME, SEX, BIRTH_DATE, PHONE_NUMBER) VALUES (50174, 'Gwyneth', 'Sheridan', 'Mitchell', 'F', '1936-12-10', '7629589008');
INSERT INTO customer (PATIENT_ID, FNAME, MNAME, LNAME, SEX, BIRTH_DATE, PHONE_NUMBER) VALUES (50175, 'Aryanna', 'Poet', 'Parker', 'M', '1938-02-24', '3301032870');
INSERT INTO customer (PATIENT_ID, FNAME, MNAME, LNAME, SEX, BIRTH_DATE, PHONE_NUMBER) VALUES (50176, 'Drake', 'Jacqu', 'Randolph', 'F', '1965-06-06', '4126247404');
INSERT INTO customer (PATIENT_ID, FNAME, MNAME, LNAME, SEX, BIRTH_DATE, PHONE_NUMBER) VALUES (50177, 'Allyson', 'Tailor', 'Reed', 'F', '1935-08-24', '5167988943');
INSERT INTO customer (PATIENT_ID, FNAME, MNAME, LNAME, SEX, BIRTH_DATE, PHONE_NUMBER) VALUES (50178, 'Sebastian', 'Ocie', 'Berger', 'M', '1989-01-02', '9312475671');
INSERT INTO customer (PATIENT_ID, FNAME, MNAME, LNAME, SEX, BIRTH_DATE, PHONE_NUMBER) VALUES (50179, 'Nehemiah', 'Sandy', 'Rivas', 'F', '1984-07-05', '9804031362');
INSERT INTO customer (PATIENT_ID, FNAME, MNAME, LNAME, SEX, BIRTH_DATE, PHONE_NUMBER) VALUES (50180, 'Christine', 'Brooke', 'Preston', 'F', '1991-08-08', '9257503370');
INSERT INTO customer (PATIENT_ID, FNAME, MNAME, LNAME, SEX, BIRTH_DATE, PHONE_NUMBER) VALUES (50181, 'Alissa', 'Angel', 'Grimes', 'F', '1980-09-17', '7146618971');
INSERT INTO customer (PATIENT_ID, FNAME, MNAME, LNAME, SEX, BIRTH_DATE, PHONE_NUMBER) VALUES (50182, 'Dallas', 'Gabriel', 'Cleveland', 'M', '1963-04-06', '8188224553');
INSERT INTO customer (PATIENT_ID, FNAME, MNAME, LNAME, SEX, BIRTH_DATE, PHONE_NUMBER) VALUES (50183, 'Amirah', 'Sage', 'Sykes', 'M', '1994-12-05', '5635714993');
INSERT INTO customer (PATIENT_ID, FNAME, MNAME, LNAME, SEX, BIRTH_DATE, PHONE_NUMBER) VALUES (50184, 'Reyna', 'Leigh', 'Ball', 'F', '1950-01-05', '7696554946');
INSERT INTO customer (PATIENT_ID, FNAME, MNAME, LNAME, SEX, BIRTH_DATE, PHONE_NUMBER) VALUES (50185, 'Asia', 'Maya', 'Armstrong', 'F', '1985-10-06', '2028314976');
INSERT INTO customer (PATIENT_ID, FNAME, MNAME, LNAME, SEX, BIRTH_DATE, PHONE_NUMBER) VALUES (50186, 'Diana', 'Paige', 'Richardson', 'F', '1965-04-01', '6122221916');
INSERT INTO customer (PATIENT_ID, FNAME, MNAME, LNAME, SEX, BIRTH_DATE, PHONE_NUMBER) VALUES (50187, 'Haylee', 'Haley', 'Delacruz', 'M', '1935-01-24', '4692842934');
INSERT INTO customer (PATIENT_ID, FNAME, MNAME, LNAME, SEX, BIRTH_DATE, PHONE_NUMBER) VALUES (50188, 'Keaton', 'Phoenix', 'Noble', 'M', '1986-10-12', '8012406134');
INSERT INTO customer (PATIENT_ID, FNAME, MNAME, LNAME, SEX, BIRTH_DATE, PHONE_NUMBER) VALUES (50189, 'Miya', 'Kailin', 'Brock', 'M', '1966-12-17', '5109291740');
INSERT INTO customer (PATIENT_ID, FNAME, MNAME, LNAME, SEX, BIRTH_DATE, PHONE_NUMBER) VALUES (50190, 'Gibson', 'Indiana', 'Frazier', 'F', '1981-10-01', '6154670169');
INSERT INTO customer (PATIENT_ID, FNAME, MNAME, LNAME, SEX, BIRTH_DATE, PHONE_NUMBER) VALUES (50191, 'Jaylin', 'Dallin', 'Gilmore', 'F', '1952-02-17', '2313901015');
INSERT INTO customer (PATIENT_ID, FNAME, MNAME, LNAME, SEX, BIRTH_DATE, PHONE_NUMBER) VALUES (50192, 'Mira', 'Jordyn', 'Jenkins', 'M', '1981-03-16', '2155689164');
INSERT INTO customer (PATIENT_ID, FNAME, MNAME, LNAME, SEX, BIRTH_DATE, PHONE_NUMBER) VALUES (50193, 'Stella', 'Shontay', 'Sosa', 'M', '1948-05-26', '5746264699');
INSERT INTO customer (PATIENT_ID, FNAME, MNAME, LNAME, SEX, BIRTH_DATE, PHONE_NUMBER) VALUES (50194, 'Ryleigh', 'Brooklyn', 'Cherry', 'F', '1939-10-26', '7479265945');
INSERT INTO customer (PATIENT_ID, FNAME, MNAME, LNAME, SEX, BIRTH_DATE, PHONE_NUMBER) VALUES (50195, 'Alexia', 'Mel', 'Sims', 'F', '1973-03-27', '8721719789');
INSERT INTO customer (PATIENT_ID, FNAME, MNAME, LNAME, SEX, BIRTH_DATE, PHONE_NUMBER) VALUES (50196, 'Jeffery', 'Hayley', 'Simmons', 'F', '1958-02-16', '2549599970');
INSERT INTO customer (PATIENT_ID, FNAME, MNAME, LNAME, SEX, BIRTH_DATE, PHONE_NUMBER) VALUES (50197, 'Grady', 'Ron', 'Merritt', 'F', '1988-08-16', '7635499488');
INSERT INTO customer (PATIENT_ID, FNAME, MNAME, LNAME, SEX, BIRTH_DATE, PHONE_NUMBER) VALUES (50198, 'Leilani', 'Adare', 'Foreman', 'M', '2000-06-09', '5712535254');
INSERT INTO customer (PATIENT_ID, FNAME, MNAME, LNAME, SEX, BIRTH_DATE, PHONE_NUMBER) VALUES (50199, 'Lauren', 'Jude', 'Mack', 'M', '1947-07-22', '6207814256');
INSERT INTO customer (PATIENT_ID, FNAME, MNAME, LNAME, SEX, BIRTH_DATE, PHONE_NUMBER) VALUES (50200, 'Payton', 'Lesley', 'Preston', 'F', '1997-06-07', '9519629496');
INSERT INTO customer (PATIENT_ID, FNAME, MNAME, LNAME, SEX, BIRTH_DATE, PHONE_NUMBER) VALUES (50201, 'Kassandra', 'Jocelyn', 'Hamilton', 'M', '1965-11-16', '6411329607');
INSERT INTO customer (PATIENT_ID, FNAME, MNAME, LNAME, SEX, BIRTH_DATE, PHONE_NUMBER) VALUES (50202, 'Hunter', 'Jaidyn', 'Chandler', 'M', '1985-09-04', '5131812108');
INSERT INTO customer (PATIENT_ID, FNAME, MNAME, LNAME, SEX, BIRTH_DATE, PHONE_NUMBER) VALUES (50203, 'Cayson', 'Reeve', 'Ortiz', 'F', '1977-08-28', '2148173333');
INSERT INTO customer (PATIENT_ID, FNAME, MNAME, LNAME, SEX, BIRTH_DATE, PHONE_NUMBER) VALUES (50204, 'Heather', 'Aubree', 'Miranda', 'F', '1954-06-28', '8318570444');
INSERT INTO customer (PATIENT_ID, FNAME, MNAME, LNAME, SEX, BIRTH_DATE, PHONE_NUMBER) VALUES (50205, 'Justice', 'Mackenna', 'Wilkerson', 'F', '1965-03-04', '9705050147');
INSERT INTO customer (PATIENT_ID, FNAME, MNAME, LNAME, SEX, BIRTH_DATE, PHONE_NUMBER) VALUES (50206, 'Maliyah', 'Ellis', 'James', 'M', '1936-08-26', '4708657272');
INSERT INTO customer (PATIENT_ID, FNAME, MNAME, LNAME, SEX, BIRTH_DATE, PHONE_NUMBER) VALUES (50207, 'Clinton', 'Maya', 'Rivas', 'F', '1988-02-24', '5136098738');
INSERT INTO customer (PATIENT_ID, FNAME, MNAME, LNAME, SEX, BIRTH_DATE, PHONE_NUMBER) VALUES (50208, 'Alonzo', 'Marquise', 'Watkins', 'F', '1982-09-05', '4065444656');
INSERT INTO customer (PATIENT_ID, FNAME, MNAME, LNAME, SEX, BIRTH_DATE, PHONE_NUMBER) VALUES (50209, 'Javon', 'Adare', 'Hogan', 'M', '1937-05-16', '7158324764');
INSERT INTO customer (PATIENT_ID, FNAME, MNAME, LNAME, SEX, BIRTH_DATE, PHONE_NUMBER) VALUES (50210, 'Adriana', 'Sidney', 'Donovan', 'F', '1935-10-19', '7638183551');
INSERT INTO customer (PATIENT_ID, FNAME, MNAME, LNAME, SEX, BIRTH_DATE, PHONE_NUMBER) VALUES (50211, 'Johanna', 'Vashonne', 'Booker', 'F', '1931-12-18', '6158817391');
INSERT INTO customer (PATIENT_ID, FNAME, MNAME, LNAME, SEX, BIRTH_DATE, PHONE_NUMBER) VALUES (50212, 'Larry', 'Chandell', 'Nunez', 'F', '1955-02-15', '8638341215');
INSERT INTO customer (PATIENT_ID, FNAME, MNAME, LNAME, SEX, BIRTH_DATE, PHONE_NUMBER) VALUES (50213, 'Kensley', 'Lesley', 'Lloyd', 'M', '1949-07-13', '4792140265');
INSERT INTO customer (PATIENT_ID, FNAME, MNAME, LNAME, SEX, BIRTH_DATE, PHONE_NUMBER) VALUES (50214, 'Kallie', 'Rudy', 'Sykes', 'F', '1962-05-07', '4355622866');
INSERT INTO customer (PATIENT_ID, FNAME, MNAME, LNAME, SEX, BIRTH_DATE, PHONE_NUMBER) VALUES (50215, 'Krish', 'Aubra', 'Allen', 'M', '1933-12-28', '7659147771');
INSERT INTO customer (PATIENT_ID, FNAME, MNAME, LNAME, SEX, BIRTH_DATE, PHONE_NUMBER) VALUES (50216, 'Tori', 'Shadow', 'Stark', 'M', '1944-12-20', '9073305697');
INSERT INTO customer (PATIENT_ID, FNAME, MNAME, LNAME, SEX, BIRTH_DATE, PHONE_NUMBER) VALUES (50217, 'Malcolm', 'Avery', 'Pugh', 'F', '1942-10-11', '4586388342');
INSERT INTO customer (PATIENT_ID, FNAME, MNAME, LNAME, SEX, BIRTH_DATE, PHONE_NUMBER) VALUES (50218, 'Marisol', 'Kenyatta', 'Reese', 'M', '1955-11-25', '2609931106');
INSERT INTO customer (PATIENT_ID, FNAME, MNAME, LNAME, SEX, BIRTH_DATE, PHONE_NUMBER) VALUES (50219, 'Braxton', 'Riley', 'Sandoval', 'M', '1980-10-27', '7324879113');
INSERT INTO customer (PATIENT_ID, FNAME, MNAME, LNAME, SEX, BIRTH_DATE, PHONE_NUMBER) VALUES (50220, 'Yasmin', 'Shanon', 'Pace', 'M', '1971-09-16', '9362116201');
INSERT INTO customer (PATIENT_ID, FNAME, MNAME, LNAME, SEX, BIRTH_DATE, PHONE_NUMBER) VALUES (50221, 'Evan', 'Loren', 'Hobbs', 'M', '1988-09-26', '9045039522');
INSERT INTO customer (PATIENT_ID, FNAME, MNAME, LNAME, SEX, BIRTH_DATE, PHONE_NUMBER) VALUES (50222, 'Aliza', 'Casey', 'Spears', 'M', '1939-02-24', '6077650849');
INSERT INTO customer (PATIENT_ID, FNAME, MNAME, LNAME, SEX, BIRTH_DATE, PHONE_NUMBER) VALUES (50223, 'Juliette', 'Harper', 'Powell', 'F', '1942-07-19', '6176543279');
INSERT INTO customer (PATIENT_ID, FNAME, MNAME, LNAME, SEX, BIRTH_DATE, PHONE_NUMBER) VALUES (50224, 'Dakota', 'Sam', 'Newman', 'M', '1962-05-31', '8088396965');
INSERT INTO customer (PATIENT_ID, FNAME, MNAME, LNAME, SEX, BIRTH_DATE, PHONE_NUMBER) VALUES (50225, 'Lilianna', 'Gracen', 'Rasmussen', 'M', '1946-09-13', '3342773244');
INSERT INTO customer (PATIENT_ID, FNAME, MNAME, LNAME, SEX, BIRTH_DATE, PHONE_NUMBER) VALUES (50226, 'Deanna', 'Laurence', 'Anthony', 'F', '1938-09-03', '7407316906');
INSERT INTO customer (PATIENT_ID, FNAME, MNAME, LNAME, SEX, BIRTH_DATE, PHONE_NUMBER) VALUES (50227, 'Teagan', 'Marion', 'Garner', 'F', '1997-08-16', '7071191467');
INSERT INTO customer (PATIENT_ID, FNAME, MNAME, LNAME, SEX, BIRTH_DATE, PHONE_NUMBER) VALUES (50228, 'Demi', 'Reagen', 'Parker', 'F', '1966-05-06', '9361415795');
INSERT INTO customer (PATIENT_ID, FNAME, MNAME, LNAME, SEX, BIRTH_DATE, PHONE_NUMBER) VALUES (50229, 'Mariam', 'Devan', 'Nunez', 'M', '1998-08-11', '5733705293');
INSERT INTO customer (PATIENT_ID, FNAME, MNAME, LNAME, SEX, BIRTH_DATE, PHONE_NUMBER) VALUES (50230, 'Maddox', 'Arly', 'Rodgers', 'F', '1958-12-29', '5519836817');
INSERT INTO customer (PATIENT_ID, FNAME, MNAME, LNAME, SEX, BIRTH_DATE, PHONE_NUMBER) VALUES (50231, 'Claire', 'Aubree', 'Curry', 'F', '1966-11-10', '8162053019');
INSERT INTO customer (PATIENT_ID, FNAME, MNAME, LNAME, SEX, BIRTH_DATE, PHONE_NUMBER) VALUES (50232, 'Messiah', 'Ronny', 'Bridges', 'F', '1974-01-23', '5308370613');
INSERT INTO customer (PATIENT_ID, FNAME, MNAME, LNAME, SEX, BIRTH_DATE, PHONE_NUMBER) VALUES (50233, 'Hadley', 'Macy', 'Allen', 'F', '1933-07-19', '2051330748');
INSERT INTO customer (PATIENT_ID, FNAME, MNAME, LNAME, SEX, BIRTH_DATE, PHONE_NUMBER) VALUES (50234, 'Aliyah', 'Payton', 'Sparks', 'M', '1961-11-25', '9193134257');
INSERT INTO customer (PATIENT_ID, FNAME, MNAME, LNAME, SEX, BIRTH_DATE, PHONE_NUMBER) VALUES (50235, 'Alisson', 'Jalen', 'Espinoza', 'F', '1963-07-28', '3081621779');
INSERT INTO customer (PATIENT_ID, FNAME, MNAME, LNAME, SEX, BIRTH_DATE, PHONE_NUMBER) VALUES (50236, 'Rebecca', 'Shannon', 'Elliott', 'F', '1996-04-07', '3475078517');
INSERT INTO customer (PATIENT_ID, FNAME, MNAME, LNAME, SEX, BIRTH_DATE, PHONE_NUMBER) VALUES (50237, 'Zachary', 'Jordan', 'Boone', 'F', '1949-04-26', '7017247711');
INSERT INTO customer (PATIENT_ID, FNAME, MNAME, LNAME, SEX, BIRTH_DATE, PHONE_NUMBER) VALUES (50238, 'Dominique', 'Jaiden', 'Vega', 'F', '1947-10-29', '3021864206');
INSERT INTO customer (PATIENT_ID, FNAME, MNAME, LNAME, SEX, BIRTH_DATE, PHONE_NUMBER) VALUES (50239, 'Jazmyn', 'Robin', 'Cline', 'F', '1975-01-03', '9038556922');
INSERT INTO customer (PATIENT_ID, FNAME, MNAME, LNAME, SEX, BIRTH_DATE, PHONE_NUMBER) VALUES (50240, 'Athena', 'Sela', 'Wade', 'F', '1952-01-27', '5175051999');
INSERT INTO customer (PATIENT_ID, FNAME, MNAME, LNAME, SEX, BIRTH_DATE, PHONE_NUMBER) VALUES (50241, 'Hudson', 'Sid', 'Rios', 'F', '1998-11-06', '5592977523');
INSERT INTO customer (PATIENT_ID, FNAME, MNAME, LNAME, SEX, BIRTH_DATE, PHONE_NUMBER) VALUES (50242, 'Johnathon', 'Eden', 'Conway', 'F', '1959-12-27', '7161495895');
INSERT INTO customer (PATIENT_ID, FNAME, MNAME, LNAME, SEX, BIRTH_DATE, PHONE_NUMBER) VALUES (50243, 'Isabell', 'Rio', 'Reilly', 'M', '1985-12-10', '3147051856');
INSERT INTO customer (PATIENT_ID, FNAME, MNAME, LNAME, SEX, BIRTH_DATE, PHONE_NUMBER) VALUES (50244, 'Yahir', 'Meridian', 'Ayala', 'F', '1953-08-04', '9513674423');
INSERT INTO customer (PATIENT_ID, FNAME, MNAME, LNAME, SEX, BIRTH_DATE, PHONE_NUMBER) VALUES (50245, 'Clark', 'Ocie', 'Shaffer', 'M', '1997-01-01', '9389770240');
INSERT INTO customer (PATIENT_ID, FNAME, MNAME, LNAME, SEX, BIRTH_DATE, PHONE_NUMBER) VALUES (50246, 'Eli', 'Sandy', 'Martinez', 'F', '1997-12-23', '7327253396');
INSERT INTO customer (PATIENT_ID, FNAME, MNAME, LNAME, SEX, BIRTH_DATE, PHONE_NUMBER) VALUES (50247, 'Amari', 'Arely', 'Page', 'F', '1959-06-22', '9806260081');
INSERT INTO customer (PATIENT_ID, FNAME, MNAME, LNAME, SEX, BIRTH_DATE, PHONE_NUMBER) VALUES (50248, 'Scott', 'Jordyn', 'Valdez', 'F', '1962-02-16', '7329966505');
INSERT INTO customer (PATIENT_ID, FNAME, MNAME, LNAME, SEX, BIRTH_DATE, PHONE_NUMBER) VALUES (50249, 'Ernesto', 'Shanon', 'Davenport', 'M', '1969-07-24', '6083341164');
INSERT INTO customer (PATIENT_ID, FNAME, MNAME, LNAME, SEX, BIRTH_DATE, PHONE_NUMBER) VALUES (50250, 'Taylor', 'French', 'Shaw', 'F', '1971-05-26', '8163035053');
INSERT INTO customer (PATIENT_ID, FNAME, MNAME, LNAME, SEX, BIRTH_DATE, PHONE_NUMBER) VALUES (50251, 'Zuri', 'Aydan', 'Bennett', 'M', '1939-08-02', '8036975586');
INSERT INTO customer (PATIENT_ID, FNAME, MNAME, LNAME, SEX, BIRTH_DATE, PHONE_NUMBER) VALUES (50252, 'Davis', 'Kennedy', 'Irwin', 'M', '1939-01-21', '2033652281');
INSERT INTO customer (PATIENT_ID, FNAME, MNAME, LNAME, SEX, BIRTH_DATE, PHONE_NUMBER) VALUES (50253, 'Julissa', 'Carol', 'Cortez', 'M', '1949-12-23', '5103011403');
INSERT INTO customer (PATIENT_ID, FNAME, MNAME, LNAME, SEX, BIRTH_DATE, PHONE_NUMBER) VALUES (50254, 'Cecilia', 'Haley', 'Delgado', 'M', '1979-05-24', '2347241924');
INSERT INTO customer (PATIENT_ID, FNAME, MNAME, LNAME, SEX, BIRTH_DATE, PHONE_NUMBER) VALUES (50255, 'Konnor', 'Ricki', 'Mullen', 'M', '1997-06-30', '2522107854');
INSERT INTO customer (PATIENT_ID, FNAME, MNAME, LNAME, SEX, BIRTH_DATE, PHONE_NUMBER) VALUES (50256, 'Kamari', 'Sailor', 'Hopkins', 'F', '1968-03-15', '2563148508');
INSERT INTO customer (PATIENT_ID, FNAME, MNAME, LNAME, SEX, BIRTH_DATE, PHONE_NUMBER) VALUES (50257, 'Lilyana', 'Temple', 'Luna', 'F', '1981-04-24', '3375561381');
INSERT INTO customer (PATIENT_ID, FNAME, MNAME, LNAME, SEX, BIRTH_DATE, PHONE_NUMBER) VALUES (50258, 'Shaun', 'Lani', 'Hansen', 'F', '1991-04-04', '2032674563');
INSERT INTO customer (PATIENT_ID, FNAME, MNAME, LNAME, SEX, BIRTH_DATE, PHONE_NUMBER) VALUES (50259, 'Ramiro', 'Delmar', 'Phillips', 'M', '1961-09-08', '7631974853');
INSERT INTO customer (PATIENT_ID, FNAME, MNAME, LNAME, SEX, BIRTH_DATE, PHONE_NUMBER) VALUES (50260, 'Ali', 'Kailin', 'Decker', 'M', '1970-10-06', '3083408469');
INSERT INTO customer (PATIENT_ID, FNAME, MNAME, LNAME, SEX, BIRTH_DATE, PHONE_NUMBER) VALUES (50261, 'Marissa', 'Kinsey', 'Petty', 'M', '1983-05-03', '2061509159');
INSERT INTO customer (PATIENT_ID, FNAME, MNAME, LNAME, SEX, BIRTH_DATE, PHONE_NUMBER) VALUES (50262, 'Kailynn', 'Dallin', 'Schmidt', 'F', '1992-08-01', '9413181338');
INSERT INTO customer (PATIENT_ID, FNAME, MNAME, LNAME, SEX, BIRTH_DATE, PHONE_NUMBER) VALUES (50263, 'Valentina', 'Andrea', 'Alvarez', 'F', '1952-04-08', '5855728267');
INSERT INTO customer (PATIENT_ID, FNAME, MNAME, LNAME, SEX, BIRTH_DATE, PHONE_NUMBER) VALUES (50264, 'Hank', 'Memphis', 'Albert', 'M', '1947-06-24', '7813746837');
INSERT INTO customer (PATIENT_ID, FNAME, MNAME, LNAME, SEX, BIRTH_DATE, PHONE_NUMBER) VALUES (50265, 'Karen', 'Kailin', 'Mitchell', 'F', '1974-03-13', '3308502301');
INSERT INTO customer (PATIENT_ID, FNAME, MNAME, LNAME, SEX, BIRTH_DATE, PHONE_NUMBER) VALUES (50266, 'Kennedy', 'Stacey', 'Valenzuela', 'F', '1963-06-10', '9894486187');
INSERT INTO customer (PATIENT_ID, FNAME, MNAME, LNAME, SEX, BIRTH_DATE, PHONE_NUMBER) VALUES (50267, 'Erin', 'Sela', 'Hanson', 'M', '1977-02-22', '8655599107');
INSERT INTO customer (PATIENT_ID, FNAME, MNAME, LNAME, SEX, BIRTH_DATE, PHONE_NUMBER) VALUES (50268, 'Xavier', 'Seven', 'Tyler', 'M', '1964-03-20', '4325784980');
INSERT INTO customer (PATIENT_ID, FNAME, MNAME, LNAME, SEX, BIRTH_DATE, PHONE_NUMBER) VALUES (50269, 'Fernando', 'Addison', 'Ochoa', 'M', '1969-10-14', '9141353820');
INSERT INTO customer (PATIENT_ID, FNAME, MNAME, LNAME, SEX, BIRTH_DATE, PHONE_NUMBER) VALUES (50270, 'Royce', 'Aspen', 'Goff', 'M', '1977-08-01', '4793430813');
INSERT INTO customer (PATIENT_ID, FNAME, MNAME, LNAME, SEX, BIRTH_DATE, PHONE_NUMBER) VALUES (50271, 'Rachael', 'Piper', 'Mcmahon', 'M', '1942-05-16', '6146608289');
INSERT INTO customer (PATIENT_ID, FNAME, MNAME, LNAME, SEX, BIRTH_DATE, PHONE_NUMBER) VALUES (50272, 'Ricardo', 'Macy', 'Cross', 'M', '1994-10-26', '2533476075');
INSERT INTO customer (PATIENT_ID, FNAME, MNAME, LNAME, SEX, BIRTH_DATE, PHONE_NUMBER) VALUES (50273, 'Adelaide', 'Gracen', 'Lee', 'M', '1983-08-22', '6209221555');
INSERT INTO customer (PATIENT_ID, FNAME, MNAME, LNAME, SEX, BIRTH_DATE, PHONE_NUMBER) VALUES (50274, 'Chaim', 'Addison', 'Sharpe', 'F', '1934-11-14', '8654733321');
INSERT INTO customer (PATIENT_ID, FNAME, MNAME, LNAME, SEX, BIRTH_DATE, PHONE_NUMBER) VALUES (50275, 'Ellie', 'Mo', 'Hewitt', 'F', '1997-01-23', '3192200482');
INSERT INTO customer (PATIENT_ID, FNAME, MNAME, LNAME, SEX, BIRTH_DATE, PHONE_NUMBER) VALUES (50276, 'Wade', 'Lani', 'Barrera', 'M', '2000-11-15', '5594792660');
INSERT INTO customer (PATIENT_ID, FNAME, MNAME, LNAME, SEX, BIRTH_DATE, PHONE_NUMBER) VALUES (50277, 'Nicholas', 'Kennedy', 'Weaver', 'F', '1933-12-14', '6506909841');
INSERT INTO customer (PATIENT_ID, FNAME, MNAME, LNAME, SEX, BIRTH_DATE, PHONE_NUMBER) VALUES (50278, 'Autumn', 'Jaylin', 'Shelton', 'F', '1972-12-10', '7601286738');
INSERT INTO customer (PATIENT_ID, FNAME, MNAME, LNAME, SEX, BIRTH_DATE, PHONE_NUMBER) VALUES (50279, 'Deanna', 'Blythe', 'Vance', 'F', '1990-07-11', '9707405424');
INSERT INTO customer (PATIENT_ID, FNAME, MNAME, LNAME, SEX, BIRTH_DATE, PHONE_NUMBER) VALUES (50280, 'Karson', 'Lexis', 'Brennan', 'F', '1943-08-27', '4107681854');
INSERT INTO customer (PATIENT_ID, FNAME, MNAME, LNAME, SEX, BIRTH_DATE, PHONE_NUMBER) VALUES (50281, 'Dario', 'Paige', 'Burnett', 'M', '1958-10-03', '8321147226');
INSERT INTO customer (PATIENT_ID, FNAME, MNAME, LNAME, SEX, BIRTH_DATE, PHONE_NUMBER) VALUES (50282, 'Billy', 'Addison', 'Newton', 'M', '1965-07-13', '5411160245');
INSERT INTO customer (PATIENT_ID, FNAME, MNAME, LNAME, SEX, BIRTH_DATE, PHONE_NUMBER) VALUES (50283, 'Brenda', 'Gracen', 'Anthony', 'M', '1985-01-25', '2169030559');
INSERT INTO customer (PATIENT_ID, FNAME, MNAME, LNAME, SEX, BIRTH_DATE, PHONE_NUMBER) VALUES (50284, 'Alfonso', 'Marty', 'Douglas', 'F', '1942-01-27', '4759054053');
INSERT INTO customer (PATIENT_ID, FNAME, MNAME, LNAME, SEX, BIRTH_DATE, PHONE_NUMBER) VALUES (50285, 'Paul', 'Mallery', 'Ratliff', 'F', '1961-09-17', '3049176272');
INSERT INTO customer (PATIENT_ID, FNAME, MNAME, LNAME, SEX, BIRTH_DATE, PHONE_NUMBER) VALUES (50286, 'Kaylee', 'Jaeden', 'Beck', 'F', '1946-02-18', '6166646707');
INSERT INTO customer (PATIENT_ID, FNAME, MNAME, LNAME, SEX, BIRTH_DATE, PHONE_NUMBER) VALUES (50287, 'Callum', 'Sheridan', 'Villarreal', 'F', '1934-12-11', '3046516181');
INSERT INTO customer (PATIENT_ID, FNAME, MNAME, LNAME, SEX, BIRTH_DATE, PHONE_NUMBER) VALUES (50288, 'Kirsten', 'Janika', 'Schneider', 'M', '1994-06-14', '6141850545');
INSERT INTO customer (PATIENT_ID, FNAME, MNAME, LNAME, SEX, BIRTH_DATE, PHONE_NUMBER) VALUES (50289, 'Alaina', 'Rohana', 'Talley', 'F', '1993-03-09', '8154293379');
INSERT INTO customer (PATIENT_ID, FNAME, MNAME, LNAME, SEX, BIRTH_DATE, PHONE_NUMBER) VALUES (50290, 'Alessandro', 'Aubree', 'Hawkins', 'F', '1975-06-02', '7866981020');
INSERT INTO customer (PATIENT_ID, FNAME, MNAME, LNAME, SEX, BIRTH_DATE, PHONE_NUMBER) VALUES (50291, 'Alberto', 'Gracen', 'Beach', 'M', '1934-09-29', '8727477573');
INSERT INTO customer (PATIENT_ID, FNAME, MNAME, LNAME, SEX, BIRTH_DATE, PHONE_NUMBER) VALUES (50292, 'Joyce', 'Jaiden', 'Duffy', 'F', '1951-12-01', '2817610683');
INSERT INTO customer (PATIENT_ID, FNAME, MNAME, LNAME, SEX, BIRTH_DATE, PHONE_NUMBER) VALUES (50293, 'Mattie', 'Nakesha', 'Hansen', 'M', '1993-08-21', '6087956590');
INSERT INTO customer (PATIENT_ID, FNAME, MNAME, LNAME, SEX, BIRTH_DATE, PHONE_NUMBER) VALUES (50294, 'Brady', 'Maxy', 'Peck', 'M', '1940-06-07', '6617626704');
INSERT INTO customer (PATIENT_ID, FNAME, MNAME, LNAME, SEX, BIRTH_DATE, PHONE_NUMBER) VALUES (50295, 'Trystan', 'Ron', 'Perry', 'M', '1974-03-14', '3019880344');
INSERT INTO customer (PATIENT_ID, FNAME, MNAME, LNAME, SEX, BIRTH_DATE, PHONE_NUMBER) VALUES (50296, 'Cain', 'Tawanda', 'Orr', 'M', '1983-03-19', '9899433256');
INSERT INTO customer (PATIENT_ID, FNAME, MNAME, LNAME, SEX, BIRTH_DATE, PHONE_NUMBER) VALUES (50297, 'Landon', 'Gabriel', 'Meyers', 'F', '1985-09-06', '8123183703');
INSERT INTO customer (PATIENT_ID, FNAME, MNAME, LNAME, SEX, BIRTH_DATE, PHONE_NUMBER) VALUES (50298, 'Leandro', 'Lashawn', 'Lawrence', 'F', '1939-06-15', '8104652627');
INSERT INTO customer (PATIENT_ID, FNAME, MNAME, LNAME, SEX, BIRTH_DATE, PHONE_NUMBER) VALUES (50299, 'Destinee', 'Dakota', 'Baldwin', 'F', '1959-02-13', '7026639269');
INSERT INTO customer (PATIENT_ID, FNAME, MNAME, LNAME, SEX, BIRTH_DATE, PHONE_NUMBER) VALUES (50300, 'Danny', 'Dakota', 'Kelley', 'F', '1975-07-18', '8325475552');
INSERT INTO customer (PATIENT_ID, FNAME, MNAME, LNAME, SEX, BIRTH_DATE, PHONE_NUMBER) VALUES (50301, 'Callum', 'Janika', 'Taylor', 'F', '1996-08-06', '8081571880');
INSERT INTO customer (PATIENT_ID, FNAME, MNAME, LNAME, SEX, BIRTH_DATE, PHONE_NUMBER) VALUES (50302, 'Arlo', 'Shontay', 'Padilla', 'F', '1979-06-13', '5623713496');
INSERT INTO customer (PATIENT_ID, FNAME, MNAME, LNAME, SEX, BIRTH_DATE, PHONE_NUMBER) VALUES (50303, 'Noel', 'Angel', 'Anthony', 'F', '1940-12-25', '2406563215');
INSERT INTO customer (PATIENT_ID, FNAME, MNAME, LNAME, SEX, BIRTH_DATE, PHONE_NUMBER) VALUES (50304, 'Lee', 'Kesha', 'Byers', 'M', '1990-06-19', '9153280286');
INSERT INTO customer (PATIENT_ID, FNAME, MNAME, LNAME, SEX, BIRTH_DATE, PHONE_NUMBER) VALUES (50305, 'Rowan', 'Dakota', 'Hickman', 'M', '1991-05-11', '3158494212');
INSERT INTO customer (PATIENT_ID, FNAME, MNAME, LNAME, SEX, BIRTH_DATE, PHONE_NUMBER) VALUES (50306, 'Nahla', 'Rohana', 'Raymond', 'F', '1956-06-19', '6193852929');
INSERT INTO customer (PATIENT_ID, FNAME, MNAME, LNAME, SEX, BIRTH_DATE, PHONE_NUMBER) VALUES (50307, 'Mckenna', 'Mel', 'Larson', 'F', '1934-04-06', '9805154620');
INSERT INTO customer (PATIENT_ID, FNAME, MNAME, LNAME, SEX, BIRTH_DATE, PHONE_NUMBER) VALUES (50308, 'Mia', 'Teagan', 'Lindsay', 'M', '1965-01-04', '4134535195');
INSERT INTO customer (PATIENT_ID, FNAME, MNAME, LNAME, SEX, BIRTH_DATE, PHONE_NUMBER) VALUES (50309, 'Benton', 'Ocie', 'Odom', 'F', '1946-12-03', '4756324516');
INSERT INTO customer (PATIENT_ID, FNAME, MNAME, LNAME, SEX, BIRTH_DATE, PHONE_NUMBER) VALUES (50310, 'Alijah', 'Carol', 'Baldwin', 'F', '1958-10-05', '2054977907');
INSERT INTO customer (PATIENT_ID, FNAME, MNAME, LNAME, SEX, BIRTH_DATE, PHONE_NUMBER) VALUES (50311, 'Brooke', 'Daylen', 'Calderon', 'F', '1962-01-02', '6182488248');
INSERT INTO customer (PATIENT_ID, FNAME, MNAME, LNAME, SEX, BIRTH_DATE, PHONE_NUMBER) VALUES (50312, 'Quinten', 'Erin', 'Wagner', 'M', '1993-03-16', '4403104858');
INSERT INTO customer (PATIENT_ID, FNAME, MNAME, LNAME, SEX, BIRTH_DATE, PHONE_NUMBER) VALUES (50313, 'Jaiden', 'Kody', 'Singleton', 'F', '1948-06-07', '4302792665');
INSERT INTO customer (PATIENT_ID, FNAME, MNAME, LNAME, SEX, BIRTH_DATE, PHONE_NUMBER) VALUES (50314, 'Charlie', 'Patrice', 'Compton', 'F', '1942-05-14', '6718446662');
INSERT INTO customer (PATIENT_ID, FNAME, MNAME, LNAME, SEX, BIRTH_DATE, PHONE_NUMBER) VALUES (50315, 'Reyna', 'Devyn', 'Howard', 'F', '1995-10-08', '2283214813');
INSERT INTO customer (PATIENT_ID, FNAME, MNAME, LNAME, SEX, BIRTH_DATE, PHONE_NUMBER) VALUES (50316, 'Damarion', 'Montana', 'Downs', 'F', '1948-12-18', '2568895015');
INSERT INTO customer (PATIENT_ID, FNAME, MNAME, LNAME, SEX, BIRTH_DATE, PHONE_NUMBER) VALUES (50317, 'Duncan', 'Maddy', 'Welch', 'M', '1947-02-14', '8036173987');
INSERT INTO customer (PATIENT_ID, FNAME, MNAME, LNAME, SEX, BIRTH_DATE, PHONE_NUMBER) VALUES (50318, 'Connor', 'Janika', 'Lynch', 'M', '1997-06-27', '6719525037');
INSERT INTO customer (PATIENT_ID, FNAME, MNAME, LNAME, SEX, BIRTH_DATE, PHONE_NUMBER) VALUES (50319, 'Ellie', 'Caelyn', 'Beach', 'F', '1982-11-24', '6167506708');
INSERT INTO customer (PATIENT_ID, FNAME, MNAME, LNAME, SEX, BIRTH_DATE, PHONE_NUMBER) VALUES (50320, 'Adrien', 'Janika', 'Armstrong', 'F', '1938-01-26', '6508648840');
INSERT INTO customer (PATIENT_ID, FNAME, MNAME, LNAME, SEX, BIRTH_DATE, PHONE_NUMBER) VALUES (50321, 'Neil', 'Maxie', 'Conway', 'F', '1943-05-27', '8727107517');
INSERT INTO customer (PATIENT_ID, FNAME, MNAME, LNAME, SEX, BIRTH_DATE, PHONE_NUMBER) VALUES (50322, 'Hayleigh', 'Kelsey', 'Chang', 'F', '1970-10-16', '4234545132');
INSERT INTO customer (PATIENT_ID, FNAME, MNAME, LNAME, SEX, BIRTH_DATE, PHONE_NUMBER) VALUES (50323, 'Aubree', 'Avery', 'Tyler', 'F', '1989-04-26', '5403961132');
INSERT INTO customer (PATIENT_ID, FNAME, MNAME, LNAME, SEX, BIRTH_DATE, PHONE_NUMBER) VALUES (50324, 'Greta', 'Marley', 'Morin', 'F', '1996-10-09', '9523103165');
INSERT INTO customer (PATIENT_ID, FNAME, MNAME, LNAME, SEX, BIRTH_DATE, PHONE_NUMBER) VALUES (50325, 'Alvaro', 'Kira', 'Parrish', 'M', '1977-04-16', '5632841997');
INSERT INTO customer (PATIENT_ID, FNAME, MNAME, LNAME, SEX, BIRTH_DATE, PHONE_NUMBER) VALUES (50326, 'Luz', 'Poet', 'Wilkins', 'F', '1944-01-07', '7473677711');
INSERT INTO customer (PATIENT_ID, FNAME, MNAME, LNAME, SEX, BIRTH_DATE, PHONE_NUMBER) VALUES (50327, 'Tessa', 'Marion', 'Haynes', 'M', '1945-12-10', '8705670247');
INSERT INTO customer (PATIENT_ID, FNAME, MNAME, LNAME, SEX, BIRTH_DATE, PHONE_NUMBER) VALUES (50328, 'Mckayla', 'Macy', 'Riggs', 'M', '1988-09-28', '5755444711');
INSERT INTO customer (PATIENT_ID, FNAME, MNAME, LNAME, SEX, BIRTH_DATE, PHONE_NUMBER) VALUES (50329, 'Allie', 'Shadow', 'James', 'F', '1997-11-01', '4409106562');
INSERT INTO customer (PATIENT_ID, FNAME, MNAME, LNAME, SEX, BIRTH_DATE, PHONE_NUMBER) VALUES (50330, 'Haven', 'Meredith', 'Patrick', 'M', '1955-10-18', '6022619386');
INSERT INTO customer (PATIENT_ID, FNAME, MNAME, LNAME, SEX, BIRTH_DATE, PHONE_NUMBER) VALUES (50331, 'Fernanda', 'Sailor', 'Stevenson', 'M', '1990-08-06', '7034120206');
INSERT INTO customer (PATIENT_ID, FNAME, MNAME, LNAME, SEX, BIRTH_DATE, PHONE_NUMBER) VALUES (50332, 'Mira', 'Devan', 'Whitehead', 'M', '1951-02-14', '2281000124');
INSERT INTO customer (PATIENT_ID, FNAME, MNAME, LNAME, SEX, BIRTH_DATE, PHONE_NUMBER) VALUES (50333, 'Izabelle', 'Aubree', 'Jefferson', 'M', '1967-12-05', '7659204165');
INSERT INTO customer (PATIENT_ID, FNAME, MNAME, LNAME, SEX, BIRTH_DATE, PHONE_NUMBER) VALUES (50334, 'Bailee', 'Poet', 'Hess', 'F', '1939-05-09', '5512215067');
INSERT INTO customer (PATIENT_ID, FNAME, MNAME, LNAME, SEX, BIRTH_DATE, PHONE_NUMBER) VALUES (50335, 'Pamela', 'Kenyatta', 'Burt', 'F', '1964-10-22', '7815668386');
INSERT INTO customer (PATIENT_ID, FNAME, MNAME, LNAME, SEX, BIRTH_DATE, PHONE_NUMBER) VALUES (50336, 'Addison', 'Rory', 'Dillard', 'M', '1933-09-16', '7074689447');
INSERT INTO customer (PATIENT_ID, FNAME, MNAME, LNAME, SEX, BIRTH_DATE, PHONE_NUMBER) VALUES (50337, 'Jaden', 'Phoenix', 'Hancock', 'F', '1976-06-12', '8282524109');
INSERT INTO customer (PATIENT_ID, FNAME, MNAME, LNAME, SEX, BIRTH_DATE, PHONE_NUMBER) VALUES (50338, 'Trenton', 'Andrea', 'Sanders', 'M', '1945-01-07', '6812648269');
INSERT INTO customer (PATIENT_ID, FNAME, MNAME, LNAME, SEX, BIRTH_DATE, PHONE_NUMBER) VALUES (50339, 'Randall', 'Adaya', 'Lynn', 'M', '1965-08-15', '6604416979');
INSERT INTO customer (PATIENT_ID, FNAME, MNAME, LNAME, SEX, BIRTH_DATE, PHONE_NUMBER) VALUES (50340, 'Fisher', 'Parker', 'Bright', 'F', '1954-02-07', '6057360135');
INSERT INTO customer (PATIENT_ID, FNAME, MNAME, LNAME, SEX, BIRTH_DATE, PHONE_NUMBER) VALUES (50341, 'Jonathan', 'Kody', 'Leach', 'M', '1957-05-21', '4797335398');
INSERT INTO customer (PATIENT_ID, FNAME, MNAME, LNAME, SEX, BIRTH_DATE, PHONE_NUMBER) VALUES (50342, 'Kyla', 'Kelsey', 'Ramsey', 'M', '1931-05-07', '9068942822');
INSERT INTO customer (PATIENT_ID, FNAME, MNAME, LNAME, SEX, BIRTH_DATE, PHONE_NUMBER) VALUES (50343, 'Gavin', 'Shadow', 'Ingram', 'M', '1967-03-01', '3236445336');
INSERT INTO customer (PATIENT_ID, FNAME, MNAME, LNAME, SEX, BIRTH_DATE, PHONE_NUMBER) VALUES (50344, 'Jocelyn', 'Dallin', 'Church', 'F', '1939-05-22', '4176345132');
INSERT INTO customer (PATIENT_ID, FNAME, MNAME, LNAME, SEX, BIRTH_DATE, PHONE_NUMBER) VALUES (50345, 'Raul', 'Taylor', 'Nelson', 'F', '1976-01-17', '4133031492');
INSERT INTO customer (PATIENT_ID, FNAME, MNAME, LNAME, SEX, BIRTH_DATE, PHONE_NUMBER) VALUES (50346, 'Liana', 'Leslie', 'Caldwell', 'M', '1996-03-07', '7751224339');
INSERT INTO customer (PATIENT_ID, FNAME, MNAME, LNAME, SEX, BIRTH_DATE, PHONE_NUMBER) VALUES (50347, 'Devan', 'Shanon', 'Pittman', 'F', '1968-06-01', '9161378974');
INSERT INTO customer (PATIENT_ID, FNAME, MNAME, LNAME, SEX, BIRTH_DATE, PHONE_NUMBER) VALUES (50348, 'Conrad', 'Talyn', 'Brooks', 'F', '1973-08-09', '9724463665');
INSERT INTO customer (PATIENT_ID, FNAME, MNAME, LNAME, SEX, BIRTH_DATE, PHONE_NUMBER) VALUES (50349, 'Jada', 'Sid', 'Chang', 'F', '1949-05-06', '2482499181');
INSERT INTO customer (PATIENT_ID, FNAME, MNAME, LNAME, SEX, BIRTH_DATE, PHONE_NUMBER) VALUES (50350, 'Emily', 'Maxy', 'Webster', 'M', '1973-06-03', '4249725315');
INSERT INTO customer (PATIENT_ID, FNAME, MNAME, LNAME, SEX, BIRTH_DATE, PHONE_NUMBER) VALUES (50351, 'Kellen', 'Jaidyn', 'Cooley', 'F', '1968-04-27', '8473702976');
INSERT INTO customer (PATIENT_ID, FNAME, MNAME, LNAME, SEX, BIRTH_DATE, PHONE_NUMBER) VALUES (50352, 'Chace', 'Sage', 'Douglas', 'F', '1933-03-19', '2188585276');
INSERT INTO customer (PATIENT_ID, FNAME, MNAME, LNAME, SEX, BIRTH_DATE, PHONE_NUMBER) VALUES (50353, 'Natalya', 'Devyn', 'Mills', 'F', '1964-05-31', '9147851986');
INSERT INTO customer (PATIENT_ID, FNAME, MNAME, LNAME, SEX, BIRTH_DATE, PHONE_NUMBER) VALUES (50354, 'Brenda', 'Mel', 'Woods', 'F', '1960-08-03', '9102284973');
INSERT INTO customer (PATIENT_ID, FNAME, MNAME, LNAME, SEX, BIRTH_DATE, PHONE_NUMBER) VALUES (50355, 'Mattie', 'Hailey', 'Cleveland', 'F', '1980-11-02', '4079717394');
INSERT INTO customer (PATIENT_ID, FNAME, MNAME, LNAME, SEX, BIRTH_DATE, PHONE_NUMBER) VALUES (50356, 'Dario', 'Temple', 'Aguilar', 'M', '1930-11-07', '9153884000');
INSERT INTO customer (PATIENT_ID, FNAME, MNAME, LNAME, SEX, BIRTH_DATE, PHONE_NUMBER) VALUES (50357, 'Tomas', 'Adare', 'Shields', 'M', '1976-08-05', '6071211828');
INSERT INTO customer (PATIENT_ID, FNAME, MNAME, LNAME, SEX, BIRTH_DATE, PHONE_NUMBER) VALUES (50358, 'Quinton', 'Kelley', 'Zamora', 'M', '1992-12-28', '5408377018');
INSERT INTO customer (PATIENT_ID, FNAME, MNAME, LNAME, SEX, BIRTH_DATE, PHONE_NUMBER) VALUES (50359, 'Angie', 'Loren', 'Mcknight', 'F', '1981-02-13', '3105363692');
INSERT INTO customer (PATIENT_ID, FNAME, MNAME, LNAME, SEX, BIRTH_DATE, PHONE_NUMBER) VALUES (50360, 'Moises', 'Loren', 'Keller', 'F', '1951-08-07', '3137271324');
INSERT INTO customer (PATIENT_ID, FNAME, MNAME, LNAME, SEX, BIRTH_DATE, PHONE_NUMBER) VALUES (50361, 'Vihaan', 'Shanon', 'Steele', 'M', '1974-07-28', '8787984753');
INSERT INTO customer (PATIENT_ID, FNAME, MNAME, LNAME, SEX, BIRTH_DATE, PHONE_NUMBER) VALUES (50362, 'Elisha', 'Maddy', 'Saunders', 'F', '1979-05-06', '2067843035');
INSERT INTO customer (PATIENT_ID, FNAME, MNAME, LNAME, SEX, BIRTH_DATE, PHONE_NUMBER) VALUES (50363, 'Rodney', 'Cadee', 'Copeland', 'M', '1964-05-07', '3192450293');
INSERT INTO customer (PATIENT_ID, FNAME, MNAME, LNAME, SEX, BIRTH_DATE, PHONE_NUMBER) VALUES (50364, 'Amiya', 'Jaiden', 'Barrera', 'M', '1932-10-25', '8169682903');
INSERT INTO customer (PATIENT_ID, FNAME, MNAME, LNAME, SEX, BIRTH_DATE, PHONE_NUMBER) VALUES (50365, 'Drake', 'Brooke', 'Mcpherson', 'F', '1943-03-02', '2029380118');
INSERT INTO customer (PATIENT_ID, FNAME, MNAME, LNAME, SEX, BIRTH_DATE, PHONE_NUMBER) VALUES (50366, 'Amiya', 'Nirvana', 'Haley', 'F', '1949-02-22', '3096210513');
INSERT INTO customer (PATIENT_ID, FNAME, MNAME, LNAME, SEX, BIRTH_DATE, PHONE_NUMBER) VALUES (50367, 'Zaniyah', 'Jaidyn', 'Hobbs', 'M', '1937-04-17', '9562108716');
INSERT INTO customer (PATIENT_ID, FNAME, MNAME, LNAME, SEX, BIRTH_DATE, PHONE_NUMBER) VALUES (50368, 'Miller', 'Chris', 'Le', 'M', '1992-02-12', '9492650949');
INSERT INTO customer (PATIENT_ID, FNAME, MNAME, LNAME, SEX, BIRTH_DATE, PHONE_NUMBER) VALUES (50369, 'Brianna', 'Avery', 'Fulton', 'M', '1982-04-24', '7577129608');
INSERT INTO customer (PATIENT_ID, FNAME, MNAME, LNAME, SEX, BIRTH_DATE, PHONE_NUMBER) VALUES (50370, 'Isaiah', 'Rina', 'Russo', 'M', '1939-03-30', '4354502247');
INSERT INTO customer (PATIENT_ID, FNAME, MNAME, LNAME, SEX, BIRTH_DATE, PHONE_NUMBER) VALUES (50371, 'Rohan', 'Cadee', 'Alston', 'M', '1955-07-20', '2173086278');
INSERT INTO customer (PATIENT_ID, FNAME, MNAME, LNAME, SEX, BIRTH_DATE, PHONE_NUMBER) VALUES (50372, 'Russell', 'Shannan', 'Fry', 'F', '1963-08-27', '9137869814');
INSERT INTO customer (PATIENT_ID, FNAME, MNAME, LNAME, SEX, BIRTH_DATE, PHONE_NUMBER) VALUES (50373, 'Talia', 'Shae', 'Leach', 'F', '1960-01-09', '3471093842');
INSERT INTO customer (PATIENT_ID, FNAME, MNAME, LNAME, SEX, BIRTH_DATE, PHONE_NUMBER) VALUES (50374, 'Jaden', 'Kody', 'Reese', 'M', '1938-12-08', '8564852090');
INSERT INTO customer (PATIENT_ID, FNAME, MNAME, LNAME, SEX, BIRTH_DATE, PHONE_NUMBER) VALUES (50375, 'Cecilia', 'Maya', 'Munoz', 'M', '1974-03-12', '2179323164');
INSERT INTO customer (PATIENT_ID, FNAME, MNAME, LNAME, SEX, BIRTH_DATE, PHONE_NUMBER) VALUES (50376, 'Crystal', 'Jaylin', 'Sanders', 'F', '1976-09-13', '2018997960');
INSERT INTO customer (PATIENT_ID, FNAME, MNAME, LNAME, SEX, BIRTH_DATE, PHONE_NUMBER) VALUES (50377, 'Jazlyn', 'Avery', 'Michael', 'F', '1939-10-01', '6369777818');
INSERT INTO customer (PATIENT_ID, FNAME, MNAME, LNAME, SEX, BIRTH_DATE, PHONE_NUMBER) VALUES (50378, 'Perla', 'Meredith', 'Wilson', 'F', '1942-08-23', '8317621309');
INSERT INTO customer (PATIENT_ID, FNAME, MNAME, LNAME, SEX, BIRTH_DATE, PHONE_NUMBER) VALUES (50379, 'Jaqueline', 'Alana', 'Benjamin', 'F', '1963-06-03', '2527473488');
INSERT INTO customer (PATIENT_ID, FNAME, MNAME, LNAME, SEX, BIRTH_DATE, PHONE_NUMBER) VALUES (50380, 'Maurice', 'Sam', 'Cortez', 'F', '1942-09-03', '7753417211');
INSERT INTO customer (PATIENT_ID, FNAME, MNAME, LNAME, SEX, BIRTH_DATE, PHONE_NUMBER) VALUES (50381, 'Markus', 'Shadow', 'Clements', 'M', '1937-11-20', '3347763647');
INSERT INTO customer (PATIENT_ID, FNAME, MNAME, LNAME, SEX, BIRTH_DATE, PHONE_NUMBER) VALUES (50382, 'Nicole', 'Makenna', 'Pope', 'F', '1993-07-21', '3133650986');
INSERT INTO customer (PATIENT_ID, FNAME, MNAME, LNAME, SEX, BIRTH_DATE, PHONE_NUMBER) VALUES (50383, 'Zane', 'Kodi', 'Williamson', 'M', '1958-05-29', '3255631115');
INSERT INTO customer (PATIENT_ID, FNAME, MNAME, LNAME, SEX, BIRTH_DATE, PHONE_NUMBER) VALUES (50384, 'Graysen', 'Maya', 'Santiago', 'M', '1979-11-13', '5399125726');
INSERT INTO customer (PATIENT_ID, FNAME, MNAME, LNAME, SEX, BIRTH_DATE, PHONE_NUMBER) VALUES (50385, 'Devon', 'Jaycee', 'Robinson', 'F', '1957-05-20', '5016994523');
INSERT INTO customer (PATIENT_ID, FNAME, MNAME, LNAME, SEX, BIRTH_DATE, PHONE_NUMBER) VALUES (50386, 'Ella', 'Adare', 'Richard', 'M', '1940-01-03', '9716508285');
INSERT INTO customer (PATIENT_ID, FNAME, MNAME, LNAME, SEX, BIRTH_DATE, PHONE_NUMBER) VALUES (50387, 'Blaine', 'Mackenna', 'Watson', 'F', '1935-03-13', '9409095213');
INSERT INTO customer (PATIENT_ID, FNAME, MNAME, LNAME, SEX, BIRTH_DATE, PHONE_NUMBER) VALUES (50388, 'Bowen', 'Rohana', 'Knight', 'F', '1954-12-24', '7125862255');
INSERT INTO customer (PATIENT_ID, FNAME, MNAME, LNAME, SEX, BIRTH_DATE, PHONE_NUMBER) VALUES (50389, 'Katelyn', 'Jacqu', 'Burnett', 'F', '1961-08-01', '2105681215');
INSERT INTO customer (PATIENT_ID, FNAME, MNAME, LNAME, SEX, BIRTH_DATE, PHONE_NUMBER) VALUES (50390, 'Kenneth', 'Jaqarta', 'Crosby', 'F', '1981-02-11', '9793801640');
INSERT INTO customer (PATIENT_ID, FNAME, MNAME, LNAME, SEX, BIRTH_DATE, PHONE_NUMBER) VALUES (50391, 'Zackery', 'Riley', 'Shepard', 'M', '1986-06-22', '8052190607');
INSERT INTO customer (PATIENT_ID, FNAME, MNAME, LNAME, SEX, BIRTH_DATE, PHONE_NUMBER) VALUES (50392, 'Mara', 'Reeve', 'Richardson', 'M', '1963-11-09', '7073670686');
INSERT INTO customer (PATIENT_ID, FNAME, MNAME, LNAME, SEX, BIRTH_DATE, PHONE_NUMBER) VALUES (50393, 'Markus', 'Makenna', 'Richardson', 'M', '1960-10-08', '8124613028');
INSERT INTO customer (PATIENT_ID, FNAME, MNAME, LNAME, SEX, BIRTH_DATE, PHONE_NUMBER) VALUES (50394, 'London', 'Robin', 'Peters', 'M', '1931-10-21', '3257484980');
INSERT INTO customer (PATIENT_ID, FNAME, MNAME, LNAME, SEX, BIRTH_DATE, PHONE_NUMBER) VALUES (50395, 'Aileen', 'Patrice', 'Huff', 'F', '1930-11-27', '9373490230');
INSERT INTO customer (PATIENT_ID, FNAME, MNAME, LNAME, SEX, BIRTH_DATE, PHONE_NUMBER) VALUES (50396, 'Douglas', 'Deron', 'Mccormick', 'M', '1964-01-27', '9285649194');
INSERT INTO customer (PATIENT_ID, FNAME, MNAME, LNAME, SEX, BIRTH_DATE, PHONE_NUMBER) VALUES (50397, 'Beatrice', 'Maxie', 'Burch', 'F', '1945-12-03', '4025352269');
INSERT INTO customer (PATIENT_ID, FNAME, MNAME, LNAME, SEX, BIRTH_DATE, PHONE_NUMBER) VALUES (50398, 'Alondra', 'Dusty', 'Dickerson', 'M', '1980-11-18', '8644012207');
INSERT INTO customer (PATIENT_ID, FNAME, MNAME, LNAME, SEX, BIRTH_DATE, PHONE_NUMBER) VALUES (50399, 'Draven', 'Addison', 'Townsend', 'F', '1947-10-11', '7067220634');
INSERT INTO customer (PATIENT_ID, FNAME, MNAME, LNAME, SEX, BIRTH_DATE, PHONE_NUMBER) VALUES (50400, 'Ember', 'Senna', 'Lewis', 'F', '1999-12-21', '2158157536');
INSERT INTO customer (PATIENT_ID, FNAME, MNAME, LNAME, SEX, BIRTH_DATE, PHONE_NUMBER) VALUES (50401, 'Alice', 'Stacey', 'Reynolds', 'F', '1989-02-19', '8086122830');
INSERT INTO customer (PATIENT_ID, FNAME, MNAME, LNAME, SEX, BIRTH_DATE, PHONE_NUMBER) VALUES (50402, 'Mia', 'Pat', 'Macdonald', 'F', '1952-11-03', '3868277880');
INSERT INTO customer (PATIENT_ID, FNAME, MNAME, LNAME, SEX, BIRTH_DATE, PHONE_NUMBER) VALUES (50403, 'Jadyn', 'Brooke', 'Sampson', 'F', '1944-11-06', '2695763494');
INSERT INTO customer (PATIENT_ID, FNAME, MNAME, LNAME, SEX, BIRTH_DATE, PHONE_NUMBER) VALUES (50404, 'Nylah', 'Kaci', 'Castillo', 'F', '1968-02-27', '8027633557');
INSERT INTO customer (PATIENT_ID, FNAME, MNAME, LNAME, SEX, BIRTH_DATE, PHONE_NUMBER) VALUES (50405, 'River', 'Ricki', 'Castaneda', 'M', '1966-03-21', '6618155891');
INSERT INTO customer (PATIENT_ID, FNAME, MNAME, LNAME, SEX, BIRTH_DATE, PHONE_NUMBER) VALUES (50406, 'Lucille', 'Senna', 'Fisher', 'M', '1943-08-25', '8154599276');
INSERT INTO customer (PATIENT_ID, FNAME, MNAME, LNAME, SEX, BIRTH_DATE, PHONE_NUMBER) VALUES (50407, 'Jadon', 'Maddy', 'Mckinney', 'M', '1951-09-16', '9545772189');
INSERT INTO customer (PATIENT_ID, FNAME, MNAME, LNAME, SEX, BIRTH_DATE, PHONE_NUMBER) VALUES (50408, 'Victoria', 'Mallery', 'Whitley', 'M', '1966-04-18', '7629691088');
INSERT INTO customer (PATIENT_ID, FNAME, MNAME, LNAME, SEX, BIRTH_DATE, PHONE_NUMBER) VALUES (50409, 'Reece', 'Parker', 'Gutierrez', 'M', '1992-03-01', '7011148451');
INSERT INTO customer (PATIENT_ID, FNAME, MNAME, LNAME, SEX, BIRTH_DATE, PHONE_NUMBER) VALUES (50410, 'Raelyn', 'Jaiden', 'Caldwell', 'M', '1994-08-04', '3525763782');
INSERT INTO customer (PATIENT_ID, FNAME, MNAME, LNAME, SEX, BIRTH_DATE, PHONE_NUMBER) VALUES (50411, 'Chaya', 'Shae', 'Pennington', 'M', '1981-04-30', '2108463701');
INSERT INTO customer (PATIENT_ID, FNAME, MNAME, LNAME, SEX, BIRTH_DATE, PHONE_NUMBER) VALUES (50412, 'Carla', 'Aspen', 'Nichols', 'M', '1976-02-26', '3096819626');
INSERT INTO customer (PATIENT_ID, FNAME, MNAME, LNAME, SEX, BIRTH_DATE, PHONE_NUMBER) VALUES (50413, 'Elin', 'Brynn', 'Petty', 'M', '1992-04-24', '6265429959');
INSERT INTO customer (PATIENT_ID, FNAME, MNAME, LNAME, SEX, BIRTH_DATE, PHONE_NUMBER) VALUES (50414, 'Isla', 'Jinx', 'Vazquez', 'F', '1940-03-29', '6416997989');
INSERT INTO customer (PATIENT_ID, FNAME, MNAME, LNAME, SEX, BIRTH_DATE, PHONE_NUMBER) VALUES (50415, 'Masen', 'Madison', 'Meadows', 'M', '1983-01-16', '5747772586');
INSERT INTO customer (PATIENT_ID, FNAME, MNAME, LNAME, SEX, BIRTH_DATE, PHONE_NUMBER) VALUES (50416, 'Lara', 'Memphis', 'Little', 'M', '1946-06-28', '4785971517');
INSERT INTO customer (PATIENT_ID, FNAME, MNAME, LNAME, SEX, BIRTH_DATE, PHONE_NUMBER) VALUES (50417, 'Laylah', 'Terry', 'Durham', 'M', '1982-03-31', '2104930977');
INSERT INTO customer (PATIENT_ID, FNAME, MNAME, LNAME, SEX, BIRTH_DATE, PHONE_NUMBER) VALUES (50418, 'Thalia', 'Amanda', 'Kramer', 'F', '1987-08-10', '6606553134');
INSERT INTO customer (PATIENT_ID, FNAME, MNAME, LNAME, SEX, BIRTH_DATE, PHONE_NUMBER) VALUES (50419, 'Warren', 'Brooklyn', 'Ingram', 'M', '1938-01-24', '5303962901');
INSERT INTO customer (PATIENT_ID, FNAME, MNAME, LNAME, SEX, BIRTH_DATE, PHONE_NUMBER) VALUES (50420, 'Conner', 'Sam', 'Strong', 'F', '1983-10-20', '5095978575');
INSERT INTO customer (PATIENT_ID, FNAME, MNAME, LNAME, SEX, BIRTH_DATE, PHONE_NUMBER) VALUES (50421, 'Harper', 'Aubra', 'Casey', 'M', '1995-06-28', '6363558605');
INSERT INTO customer (PATIENT_ID, FNAME, MNAME, LNAME, SEX, BIRTH_DATE, PHONE_NUMBER) VALUES (50422, 'Rylen', 'Alexis', 'Sexton', 'F', '1939-05-17', '5172596177');
INSERT INTO customer (PATIENT_ID, FNAME, MNAME, LNAME, SEX, BIRTH_DATE, PHONE_NUMBER) VALUES (50423, 'Mckenna', 'Piper', 'Larson', 'M', '1930-10-11', '9807399333');
INSERT INTO customer (PATIENT_ID, FNAME, MNAME, LNAME, SEX, BIRTH_DATE, PHONE_NUMBER) VALUES (50424, 'Evie', 'Casey', 'Ratliff', 'F', '1964-04-08', '3017327896');
INSERT INTO customer (PATIENT_ID, FNAME, MNAME, LNAME, SEX, BIRTH_DATE, PHONE_NUMBER) VALUES (50425, 'Kale', 'Talyn', 'Jackson', 'F', '1990-05-06', '8141628967');
INSERT INTO customer (PATIENT_ID, FNAME, MNAME, LNAME, SEX, BIRTH_DATE, PHONE_NUMBER) VALUES (50426, 'Terry', 'Iridian', 'Valentine', 'M', '1955-09-12', '7634180617');
INSERT INTO customer (PATIENT_ID, FNAME, MNAME, LNAME, SEX, BIRTH_DATE, PHONE_NUMBER) VALUES (50427, 'Lathan', 'Jinx', 'Holder', 'F', '1951-04-26', '5134636420');
INSERT INTO customer (PATIENT_ID, FNAME, MNAME, LNAME, SEX, BIRTH_DATE, PHONE_NUMBER) VALUES (50428, 'Jaqueline', 'French', 'Vaughan', 'F', '1966-05-07', '6231708404');
INSERT INTO customer (PATIENT_ID, FNAME, MNAME, LNAME, SEX, BIRTH_DATE, PHONE_NUMBER) VALUES (50429, 'Reid', 'Kinsey', 'Gilliam', 'F', '1980-06-04', '4012162860');
INSERT INTO customer (PATIENT_ID, FNAME, MNAME, LNAME, SEX, BIRTH_DATE, PHONE_NUMBER) VALUES (50430, 'Konner', 'Viveka', 'King', 'M', '1947-06-27', '6823057669');
INSERT INTO customer (PATIENT_ID, FNAME, MNAME, LNAME, SEX, BIRTH_DATE, PHONE_NUMBER) VALUES (50431, 'Ally', 'Reagan', 'House', 'M', '1970-04-03', '5076276149');
INSERT INTO customer (PATIENT_ID, FNAME, MNAME, LNAME, SEX, BIRTH_DATE, PHONE_NUMBER) VALUES (50432, 'Edgar', 'Maya', 'Sharp', 'M', '2000-04-21', '7746720742');
INSERT INTO customer (PATIENT_ID, FNAME, MNAME, LNAME, SEX, BIRTH_DATE, PHONE_NUMBER) VALUES (50433, 'Elle', 'Patrice', 'Meyer', 'F', '1937-02-04', '6315680965');
INSERT INTO customer (PATIENT_ID, FNAME, MNAME, LNAME, SEX, BIRTH_DATE, PHONE_NUMBER) VALUES (50434, 'Braylon', 'Erin', 'York', 'F', '1936-10-31', '6151850389');
INSERT INTO customer (PATIENT_ID, FNAME, MNAME, LNAME, SEX, BIRTH_DATE, PHONE_NUMBER) VALUES (50435, 'Aydin', 'Shari', 'Bishop', 'F', '1945-09-01', '7209678722');
INSERT INTO customer (PATIENT_ID, FNAME, MNAME, LNAME, SEX, BIRTH_DATE, PHONE_NUMBER) VALUES (50436, 'Eleanor', 'Shanon', 'Perez', 'M', '1999-03-23', '3252409887');
INSERT INTO customer (PATIENT_ID, FNAME, MNAME, LNAME, SEX, BIRTH_DATE, PHONE_NUMBER) VALUES (50437, 'Jazmine', 'Devyn', 'Delacruz', 'F', '1955-09-07', '6414947604');
INSERT INTO customer (PATIENT_ID, FNAME, MNAME, LNAME, SEX, BIRTH_DATE, PHONE_NUMBER) VALUES (50438, 'Ralph', 'Brynn', 'Mcpherson', 'F', '1975-01-12', '6062281103');
INSERT INTO customer (PATIENT_ID, FNAME, MNAME, LNAME, SEX, BIRTH_DATE, PHONE_NUMBER) VALUES (50439, 'Konnor', 'Brylee', 'Horne', 'M', '1968-07-01', '9706872365');
INSERT INTO customer (PATIENT_ID, FNAME, MNAME, LNAME, SEX, BIRTH_DATE, PHONE_NUMBER) VALUES (50440, 'Konnor', 'Maddy', 'Snider', 'M', '1977-05-09', '2162966280');
INSERT INTO customer (PATIENT_ID, FNAME, MNAME, LNAME, SEX, BIRTH_DATE, PHONE_NUMBER) VALUES (50441, 'Xavier', 'Aubra', 'Oneil', 'M', '1930-05-18', '2061103932');
INSERT INTO customer (PATIENT_ID, FNAME, MNAME, LNAME, SEX, BIRTH_DATE, PHONE_NUMBER) VALUES (50442, 'Lilah', 'Jaeden', 'Herrera', 'F', '1933-10-02', '5616887567');
INSERT INTO customer (PATIENT_ID, FNAME, MNAME, LNAME, SEX, BIRTH_DATE, PHONE_NUMBER) VALUES (50443, 'Isabel', 'Riley', 'Sanford', 'F', '1965-11-19', '3614040694');
INSERT INTO customer (PATIENT_ID, FNAME, MNAME, LNAME, SEX, BIRTH_DATE, PHONE_NUMBER) VALUES (50444, 'Shaniya', 'Carol', 'Vaughan', 'M', '1948-09-13', '6143986690');
INSERT INTO customer (PATIENT_ID, FNAME, MNAME, LNAME, SEX, BIRTH_DATE, PHONE_NUMBER) VALUES (50445, 'Jaydan', 'Jamea', 'Duffy', 'M', '1948-10-03', '9406648955');
INSERT INTO customer (PATIENT_ID, FNAME, MNAME, LNAME, SEX, BIRTH_DATE, PHONE_NUMBER) VALUES (50446, 'Kynlee', 'Marion', 'Cannon', 'M', '1959-01-22', '7402172427');
INSERT INTO customer (PATIENT_ID, FNAME, MNAME, LNAME, SEX, BIRTH_DATE, PHONE_NUMBER) VALUES (50447, 'Yamilet', 'Mandy', 'Hess', 'M', '1930-07-23', '3369635811');
INSERT INTO customer (PATIENT_ID, FNAME, MNAME, LNAME, SEX, BIRTH_DATE, PHONE_NUMBER) VALUES (50448, 'Cody', 'Rohana', 'Pruitt', 'M', '1989-07-23', '7859358679');
INSERT INTO customer (PATIENT_ID, FNAME, MNAME, LNAME, SEX, BIRTH_DATE, PHONE_NUMBER) VALUES (50449, 'Alina', 'Odalis', 'Walter', 'M', '1953-11-06', '4093192752');
INSERT INTO customer (PATIENT_ID, FNAME, MNAME, LNAME, SEX, BIRTH_DATE, PHONE_NUMBER) VALUES (50450, 'Carl', 'Maddison', 'Banks', 'M', '1949-12-02', '8035737336');
INSERT INTO customer (PATIENT_ID, FNAME, MNAME, LNAME, SEX, BIRTH_DATE, PHONE_NUMBER) VALUES (50451, 'Desmond', 'Nakesha', 'Porter', 'F', '1969-07-10', '7477105044');
INSERT INTO customer (PATIENT_ID, FNAME, MNAME, LNAME, SEX, BIRTH_DATE, PHONE_NUMBER) VALUES (50452, 'Karen', 'Skylar', 'Oliver', 'M', '1969-03-25', '7728005793');
INSERT INTO customer (PATIENT_ID, FNAME, MNAME, LNAME, SEX, BIRTH_DATE, PHONE_NUMBER) VALUES (50453, 'Cyrus', 'Briley', 'Kennedy', 'M', '1989-05-26', '2402777767');
INSERT INTO customer (PATIENT_ID, FNAME, MNAME, LNAME, SEX, BIRTH_DATE, PHONE_NUMBER) VALUES (50454, 'Fiona', 'Morgan', 'Owens', 'F', '1986-09-02', '6153081392');
INSERT INTO customer (PATIENT_ID, FNAME, MNAME, LNAME, SEX, BIRTH_DATE, PHONE_NUMBER) VALUES (50455, 'Malakai', 'Dusty', 'Rodriquez', 'F', '1990-08-20', '5399766588');
INSERT INTO customer (PATIENT_ID, FNAME, MNAME, LNAME, SEX, BIRTH_DATE, PHONE_NUMBER) VALUES (50456, 'Jordan', 'Reagan', 'Ford', 'F', '1941-05-13', '5801758201');
INSERT INTO customer (PATIENT_ID, FNAME, MNAME, LNAME, SEX, BIRTH_DATE, PHONE_NUMBER) VALUES (50457, 'Amari', 'Kaci', 'Wall', 'F', '1975-09-28', '3398302052');
INSERT INTO customer (PATIENT_ID, FNAME, MNAME, LNAME, SEX, BIRTH_DATE, PHONE_NUMBER) VALUES (50458, 'Lily', 'Mckenzie', 'Aguilar', 'F', '1941-08-01', '7631152529');
INSERT INTO customer (PATIENT_ID, FNAME, MNAME, LNAME, SEX, BIRTH_DATE, PHONE_NUMBER) VALUES (50459, 'Brandon', 'Ebony', 'Schmidt', 'F', '1997-10-01', '7019381429');
INSERT INTO customer (PATIENT_ID, FNAME, MNAME, LNAME, SEX, BIRTH_DATE, PHONE_NUMBER) VALUES (50460, 'Micheal', 'Jameah', 'Coleman', 'M', '1958-09-20', '3079133423');
INSERT INTO customer (PATIENT_ID, FNAME, MNAME, LNAME, SEX, BIRTH_DATE, PHONE_NUMBER) VALUES (50461, 'Emelia', 'Winter', 'Shields', 'F', '1941-08-28', '7081028546');
INSERT INTO customer (PATIENT_ID, FNAME, MNAME, LNAME, SEX, BIRTH_DATE, PHONE_NUMBER) VALUES (50462, 'Evelynn', 'Jaidon', 'Holcomb', 'M', '1956-04-03', '7047490752');
INSERT INTO customer (PATIENT_ID, FNAME, MNAME, LNAME, SEX, BIRTH_DATE, PHONE_NUMBER) VALUES (50463, 'Sawyer', 'Tawanda', 'Preston', 'M', '1937-07-24', '7694271672');
INSERT INTO customer (PATIENT_ID, FNAME, MNAME, LNAME, SEX, BIRTH_DATE, PHONE_NUMBER) VALUES (50464, 'Martin', 'Jodie', 'Park', 'F', '1951-01-25', '2549865388');
INSERT INTO customer (PATIENT_ID, FNAME, MNAME, LNAME, SEX, BIRTH_DATE, PHONE_NUMBER) VALUES (50465, 'Marianna', 'Lexis', 'Kerr', 'F', '1989-07-22', '8156694951');
INSERT INTO customer (PATIENT_ID, FNAME, MNAME, LNAME, SEX, BIRTH_DATE, PHONE_NUMBER) VALUES (50466, 'Chana', 'Casey', 'Gilmore', 'M', '1981-08-19', '2395193260');
INSERT INTO customer (PATIENT_ID, FNAME, MNAME, LNAME, SEX, BIRTH_DATE, PHONE_NUMBER) VALUES (50467, 'Tiana', 'Jalen', 'Wooten', 'F', '1965-11-12', '9498723238');
INSERT INTO customer (PATIENT_ID, FNAME, MNAME, LNAME, SEX, BIRTH_DATE, PHONE_NUMBER) VALUES (50468, 'Sylas', 'Lavon', 'Frank', 'F', '1949-11-20', '8591464622');
INSERT INTO customer (PATIENT_ID, FNAME, MNAME, LNAME, SEX, BIRTH_DATE, PHONE_NUMBER) VALUES (50469, 'Lucille', 'Jalen', 'Clayton', 'M', '1944-12-20', '4797508004');
INSERT INTO customer (PATIENT_ID, FNAME, MNAME, LNAME, SEX, BIRTH_DATE, PHONE_NUMBER) VALUES (50470, 'Yuliana', 'Regan', 'Fowler', 'M', '1979-12-17', '4586614525');
INSERT INTO customer (PATIENT_ID, FNAME, MNAME, LNAME, SEX, BIRTH_DATE, PHONE_NUMBER) VALUES (50471, 'Noel', 'Meredith', 'Patrick', 'M', '1960-03-02', '2247432247');
INSERT INTO customer (PATIENT_ID, FNAME, MNAME, LNAME, SEX, BIRTH_DATE, PHONE_NUMBER) VALUES (50472, 'Millie', 'Kalin', 'Kirby', 'M', '1999-09-27', '4436768087');
INSERT INTO customer (PATIENT_ID, FNAME, MNAME, LNAME, SEX, BIRTH_DATE, PHONE_NUMBER) VALUES (50473, 'Agustin', 'July', 'Chambers', 'M', '1968-07-09', '6504187183');
INSERT INTO customer (PATIENT_ID, FNAME, MNAME, LNAME, SEX, BIRTH_DATE, PHONE_NUMBER) VALUES (50474, 'Maxton', 'Cassidy', 'Vega', 'F', '1944-05-27', '2062614308');
INSERT INTO customer (PATIENT_ID, FNAME, MNAME, LNAME, SEX, BIRTH_DATE, PHONE_NUMBER) VALUES (50475, 'Elliot', 'Mallory', 'Malone', 'F', '1946-12-21', '8162254438');
INSERT INTO customer (PATIENT_ID, FNAME, MNAME, LNAME, SEX, BIRTH_DATE, PHONE_NUMBER) VALUES (50476, 'Phillip', 'Morgan', 'Mcmahon', 'F', '1985-09-12', '6512260983');
INSERT INTO customer (PATIENT_ID, FNAME, MNAME, LNAME, SEX, BIRTH_DATE, PHONE_NUMBER) VALUES (50477, 'Mila', 'Sheridan', 'Nunez', 'M', '1976-02-23', '7571105359');
INSERT INTO customer (PATIENT_ID, FNAME, MNAME, LNAME, SEX, BIRTH_DATE, PHONE_NUMBER) VALUES (50478, 'Kimber', 'Jae', 'Spears', 'M', '1932-11-22', '3022618519');
INSERT INTO customer (PATIENT_ID, FNAME, MNAME, LNAME, SEX, BIRTH_DATE, PHONE_NUMBER) VALUES (50479, 'Johann', 'Sam', 'Vincent', 'F', '1979-12-07', '2622246277');
INSERT INTO customer (PATIENT_ID, FNAME, MNAME, LNAME, SEX, BIRTH_DATE, PHONE_NUMBER) VALUES (50480, 'Hayes', 'Taylor', 'Dickerson', 'M', '1977-03-03', '2677485511');
INSERT INTO customer (PATIENT_ID, FNAME, MNAME, LNAME, SEX, BIRTH_DATE, PHONE_NUMBER) VALUES (50481, 'Randall', 'Rain', 'Steele', 'F', '1969-05-11', '5309413977');
INSERT INTO customer (PATIENT_ID, FNAME, MNAME, LNAME, SEX, BIRTH_DATE, PHONE_NUMBER) VALUES (50482, 'Reagan', 'Mallory', 'Villarreal', 'F', '1956-04-20', '9185844882');
INSERT INTO customer (PATIENT_ID, FNAME, MNAME, LNAME, SEX, BIRTH_DATE, PHONE_NUMBER) VALUES (50483, 'Lee', 'Sloane', 'Salinas', 'M', '1945-07-01', '9361383244');
INSERT INTO customer (PATIENT_ID, FNAME, MNAME, LNAME, SEX, BIRTH_DATE, PHONE_NUMBER) VALUES (50484, 'Haylee', 'Jaqarta', 'Barlow', 'F', '1939-10-04', '8488024390');
INSERT INTO customer (PATIENT_ID, FNAME, MNAME, LNAME, SEX, BIRTH_DATE, PHONE_NUMBER) VALUES (50485, 'Brogan', 'Kinsey', 'Park', 'F', '1946-05-24', '2533031814');
INSERT INTO customer (PATIENT_ID, FNAME, MNAME, LNAME, SEX, BIRTH_DATE, PHONE_NUMBER) VALUES (50486, 'Deborah', 'Sable', 'Rose', 'F', '1991-11-20', '4245121325');
INSERT INTO customer (PATIENT_ID, FNAME, MNAME, LNAME, SEX, BIRTH_DATE, PHONE_NUMBER) VALUES (50487, 'Davon', 'Dallin', 'Obrien', 'F', '1930-01-12', '3524275080');
INSERT INTO customer (PATIENT_ID, FNAME, MNAME, LNAME, SEX, BIRTH_DATE, PHONE_NUMBER) VALUES (50488, 'Amber', 'Alana', 'Boyer', 'F', '1944-06-25', '9106593551');
INSERT INTO customer (PATIENT_ID, FNAME, MNAME, LNAME, SEX, BIRTH_DATE, PHONE_NUMBER) VALUES (50489, 'Romeo', 'Jinxy', 'Cantrell', 'F', '1988-03-15', '8622732482');
INSERT INTO customer (PATIENT_ID, FNAME, MNAME, LNAME, SEX, BIRTH_DATE, PHONE_NUMBER) VALUES (50490, 'Gracelyn', 'Unique', 'Johns', 'F', '1992-02-23', '4051880204');
INSERT INTO customer (PATIENT_ID, FNAME, MNAME, LNAME, SEX, BIRTH_DATE, PHONE_NUMBER) VALUES (50491, 'Lawrence', 'Lavon', 'Gonzalez', 'M', '1945-07-08', '4357438941');
INSERT INTO customer (PATIENT_ID, FNAME, MNAME, LNAME, SEX, BIRTH_DATE, PHONE_NUMBER) VALUES (50492, 'Alondra', 'Laurie', 'Lloyd', 'M', '1987-03-22', '3232815937');
INSERT INTO customer (PATIENT_ID, FNAME, MNAME, LNAME, SEX, BIRTH_DATE, PHONE_NUMBER) VALUES (50493, 'Rocco', 'Amanda', 'Guerra', 'M', '1986-12-04', '8574535392');
INSERT INTO customer (PATIENT_ID, FNAME, MNAME, LNAME, SEX, BIRTH_DATE, PHONE_NUMBER) VALUES (50494, 'Alexa', 'Hillary', 'Graham', 'M', '1974-01-27', '7341745202');
INSERT INTO customer (PATIENT_ID, FNAME, MNAME, LNAME, SEX, BIRTH_DATE, PHONE_NUMBER) VALUES (50495, 'Sawyer', 'Carol', 'Benson', 'F', '1950-07-13', '8572141273');
INSERT INTO customer (PATIENT_ID, FNAME, MNAME, LNAME, SEX, BIRTH_DATE, PHONE_NUMBER) VALUES (50496, 'Sawyer', 'Caelyn', 'Wyatt', 'F', '1960-10-06', '2018978587');
INSERT INTO customer (PATIENT_ID, FNAME, MNAME, LNAME, SEX, BIRTH_DATE, PHONE_NUMBER) VALUES (50497, 'Hassan', 'Rylee', 'Bullock', 'M', '1933-11-26', '6231057503');
INSERT INTO customer (PATIENT_ID, FNAME, MNAME, LNAME, SEX, BIRTH_DATE, PHONE_NUMBER) VALUES (50498, 'Elyse', 'Marley', 'Cochran', 'M', '1946-11-12', '3316993103');
INSERT INTO customer (PATIENT_ID, FNAME, MNAME, LNAME, SEX, BIRTH_DATE, PHONE_NUMBER) VALUES (50499, 'Yahir', 'Jada', 'Short', 'M', '1948-07-17', '2125707024');

       
-- BUYS TABLE
INSERT INTO BUYS (RECEIPT_ID, BRANCH_ID, CUST_ID) VALUES ('20400', '30001', '50000');
INSERT INTO BUYS (RECEIPT_ID, BRANCH_ID, CUST_ID) VALUES ('20401', '30002', '50001');
INSERT INTO BUYS (RECEIPT_ID, BRANCH_ID, CUST_ID) VALUES ('20402', '30004', '50002');
INSERT INTO BUYS (RECEIPT_ID, BRANCH_ID, CUST_ID) VALUES ('20403', '30003', '50003');
INSERT INTO BUYS (RECEIPT_ID, BRANCH_ID, CUST_ID) VALUES ('20404', '30005', '50004');
INSERT INTO BUYS (RECEIPT_ID, BRANCH_ID, CUST_ID) VALUES ('20405', '30006', '50005');
INSERT INTO BUYS (RECEIPT_ID, BRANCH_ID, CUST_ID) VALUES ('20406', '30006', '50006');
INSERT INTO BUYS (RECEIPT_ID, BRANCH_ID, CUST_ID) VALUES ('20407', '30007', '50007');
INSERT INTO BUYS (RECEIPT_ID, BRANCH_ID, CUST_ID) VALUES ('20408', '30008', '50008');
INSERT INTO BUYS (RECEIPT_ID, BRANCH_ID, CUST_ID) VALUES ('20409', '30009', '50009');
INSERT INTO BUYS (RECEIPT_ID, BRANCH_ID, CUST_ID) VALUES ('20410', '30010', '50010');
INSERT INTO BUYS (RECEIPT_ID, BRANCH_ID, CUST_ID) VALUES ('20411', '30011', '50011');
INSERT INTO BUYS (RECEIPT_ID, BRANCH_ID, CUST_ID) VALUES ('20415', '30012', '50012');

-- CASHIER TABLE
/*INSERT INTO CASHIER (ESSN, DEGREE_TYPE) VALUES ('114265145', 'Associate in Accounting');
INSERT INTO CASHIER (ESSN, DEGREE_TYPE) VALUES ('155516419', 'Bachelor in Accounting');
INSERT INTO CASHIER (ESSN, DEGREE_TYPE) VALUES ('171797666', 'Bachelor in Accounting');
INSERT INTO CASHIER (ESSN, DEGREE_TYPE) VALUES ('187204618', 'Bachelor in Finance');
INSERT INTO CASHIER (ESSN, DEGREE_TYPE) VALUES ('140080082', 'Bachelor in Finance');
INSERT INTO CASHIER (ESSN, DEGREE_TYPE) VALUES ('155237558', 'Bachelor in Finance');
INSERT INTO CASHIER (ESSN, DEGREE_TYPE) VALUES ('151641848', 'Bachelor in Finance');
INSERT INTO CASHIER (ESSN, DEGREE_TYPE) VALUES ('160297166', 'Associate in Accounting');
INSERT INTO CASHIER (ESSN, DEGREE_TYPE) VALUES ('163561543', 'Associate in Management');
INSERT INTO CASHIER (ESSN, DEGREE_TYPE) VALUES ('167953853', 'Associate in Accounting');
INSERT INTO CASHIER (ESSN, DEGREE_TYPE) VALUES ('137249238', 'Associate in Accounting');
INSERT INTO CASHIER (ESSN, DEGREE_TYPE) VALUES ('114483274', 'Bachelor in Accounting');
INSERT INTO CASHIER (ESSN, DEGREE_TYPE) VALUES ('158213615', 'Bachelor in Finance');
INSERT INTO CASHIER (ESSN, DEGREE_TYPE) VALUES ('181017270', 'Bachelor in Finance');
INSERT INTO CASHIER (ESSN, DEGREE_TYPE) VALUES ('160110498', 'Associate in Management');
INSERT INTO CASHIER (ESSN, DEGREE_TYPE) VALUES ('136759373', 'Bachelor in Economy');
INSERT INTO CASHIER (ESSN, DEGREE_TYPE) VALUES ('182932537', 'Bachelor in Finance');
INSERT INTO CASHIER (ESSN, DEGREE_TYPE) VALUES ('126676987', 'Bachelor in Economy');
INSERT INTO CASHIER (ESSN, DEGREE_TYPE) VALUES ('151503407', 'Associate in Accounting');
INSERT INTO CASHIER (ESSN, DEGREE_TYPE) VALUES ('112160200', 'Bachelor in Accounting');
INSERT INTO CASHIER (ESSN, DEGREE_TYPE) VALUES ('188268890', 'Bachelor in Finance');
INSERT INTO CASHIER (ESSN, DEGREE_TYPE) VALUES ('115309732', 'Associate in Management');
INSERT INTO CASHIER (ESSN, DEGREE_TYPE) VALUES ('132468649', 'Bachelor in Economy');
INSERT INTO CASHIER (ESSN, DEGREE_TYPE) VALUES ('171863541', 'Bachelor in Accounting');
INSERT INTO CASHIER (ESSN, DEGREE_TYPE) VALUES ('165942143', 'Associate in Accounting');
INSERT INTO CASHIER (ESSN, DEGREE_TYPE) VALUES ('131932830', 'Bachelor in Economy');
INSERT INTO CASHIER (ESSN, DEGREE_TYPE) VALUES ('119831356', 'Bachelor in Finance');
INSERT INTO CASHIER (ESSN, DEGREE_TYPE) VALUES ('153966746', 'Bachelor in Economy');
INSERT INTO CASHIER (ESSN, DEGREE_TYPE) VALUES ('118418094', 'Associate in Management');
INSERT INTO CASHIER (ESSN, DEGREE_TYPE) VALUES ('121151624', 'Bachelor in Finance');
INSERT INTO CASHIER (ESSN, DEGREE_TYPE) VALUES ('160505928', 'Bachelor in Economy');
INSERT INTO CASHIER (ESSN, DEGREE_TYPE) VALUES ('162467411', 'Associate in Management');
INSERT INTO CASHIER (ESSN, DEGREE_TYPE) VALUES ('189119790', 'Bachelor in Economy');
INSERT INTO CASHIER (ESSN, DEGREE_TYPE) VALUES ('180426285', 'Associate in Accounting');
INSERT INTO CASHIER (ESSN, DEGREE_TYPE) VALUES ('117999966', 'Bachelor in Finance');
INSERT INTO CASHIER (ESSN, DEGREE_TYPE) VALUES ('139682691', 'Associate in Accounting');
INSERT INTO CASHIER (ESSN, DEGREE_TYPE) VALUES ('122009487', 'Bachelor in Finance');
INSERT INTO CASHIER (ESSN, DEGREE_TYPE) VALUES ('161073458', 'Bachelor in Finance');
INSERT INTO CASHIER (ESSN, DEGREE_TYPE) VALUES ('106512357', 'Associate in Accounting');
INSERT INTO CASHIER (ESSN, DEGREE_TYPE) VALUES ('138636515', 'Bachelor in Accounting');
INSERT INTO CASHIER (ESSN, DEGREE_TYPE) VALUES ('178464758', 'Bachelor in Economy');
INSERT INTO CASHIER (ESSN, DEGREE_TYPE) VALUES ('132695867', 'Associate in Accounting');
INSERT INTO CASHIER (ESSN, DEGREE_TYPE) VALUES ('153627966', 'Bachelor in Economy');
INSERT INTO CASHIER (ESSN, DEGREE_TYPE) VALUES ('116922554', 'Bachelor in Finance');
INSERT INTO CASHIER (ESSN, DEGREE_TYPE) VALUES ('166580206', 'Bachelor in Accounting');
INSERT INTO CASHIER (ESSN, DEGREE_TYPE) VALUES ('184447431', 'Bachelor in Accounting');
INSERT INTO CASHIER (ESSN, DEGREE_TYPE) VALUES ('123521622', 'Bachelor in Finance');
INSERT INTO CASHIER (ESSN, DEGREE_TYPE) VALUES ('119640151', 'Associate in Accounting');
INSERT INTO CASHIER (ESSN, DEGREE_TYPE) VALUES ('106883752', 'Bachelor in Accounting');
INSERT INTO CASHIER (ESSN, DEGREE_TYPE) VALUES ('153123863', 'Associate in Management');
INSERT INTO CASHIER (ESSN, DEGREE_TYPE) VALUES ('121151624', 'Associate in Accounting');
INSERT INTO CASHIER (ESSN, DEGREE_TYPE) VALUES ('115309732', 'Associate in Management');
INSERT INTO CASHIER (ESSN, DEGREE_TYPE) VALUES ('164061380', 'Associate in Accounting');
INSERT INTO CASHIER (ESSN, DEGREE_TYPE) VALUES ('175266998', 'Bachelor in Economy');
INSERT INTO CASHIER (ESSN, DEGREE_TYPE) VALUES ('160394559', 'Bachelor in Economy');
INSERT INTO CASHIER (ESSN, DEGREE_TYPE) VALUES ('175254383', 'Associate in Accounting');
INSERT INTO CASHIER (ESSN, DEGREE_TYPE) VALUES ('118260320', 'Associate in Management');
INSERT INTO CASHIER (ESSN, DEGREE_TYPE) VALUES ('162854324', 'Associate in Accounting');
INSERT INTO CASHIER (ESSN, DEGREE_TYPE) VALUES ('119373468', 'Associate in Accounting');
INSERT INTO CASHIER (ESSN, DEGREE_TYPE) VALUES ('117999966', 'Associate in Accounting');
INSERT INTO CASHIER (ESSN, DEGREE_TYPE) VALUES ('151564146', 'Associate in Accounting');
INSERT INTO CASHIER (ESSN, DEGREE_TYPE) VALUES ('120469912', 'Associate in Accounting');
INSERT INTO CASHIER (ESSN, DEGREE_TYPE) VALUES ('129281062', 'Associate in Accounting');
INSERT INTO CASHIER (ESSN, DEGREE_TYPE) VALUES ('175479058', 'Bachelor in Economy');
INSERT INTO CASHIER (ESSN, DEGREE_TYPE) VALUES ('187779251', 'Associate in Management');
INSERT INTO CASHIER (ESSN, DEGREE_TYPE) VALUES ('182828950', 'Associate in Accounting');
INSERT INTO CASHIER (ESSN, DEGREE_TYPE) VALUES ('104886794', 'Bachelor in Finance');
INSERT INTO CASHIER (ESSN, DEGREE_TYPE) VALUES ('151128622', 'Bachelor in Economy');
INSERT INTO CASHIER (ESSN, DEGREE_TYPE) VALUES ('105301671', 'Associate in Management');
INSERT INTO CASHIER (ESSN, DEGREE_TYPE) VALUES ('170102792', 'Bachelor in Finance');
INSERT INTO CASHIER (ESSN, DEGREE_TYPE) VALUES ('185644883', 'Bachelor in Finance');
INSERT INTO CASHIER (ESSN, DEGREE_TYPE) VALUES ('189592860', 'Associate in Accounting');
INSERT INTO CASHIER (ESSN, DEGREE_TYPE) VALUES ('147058531', 'Associate in Accounting');
INSERT INTO CASHIER (ESSN, DEGREE_TYPE) VALUES ('159942737', 'Associate in Accounting');
INSERT INTO CASHIER (ESSN, DEGREE_TYPE) VALUES ('142407042', 'Bachelor in Finance');
INSERT INTO CASHIER (ESSN, DEGREE_TYPE) VALUES ('131716256', 'Associate in Management');
INSERT INTO CASHIER (ESSN, DEGREE_TYPE) VALUES ('112148473', 'Bachelor in Accounting');
INSERT INTO CASHIER (ESSN, DEGREE_TYPE) VALUES ('130698887', 'Bachelor in Economy');
INSERT INTO CASHIER (ESSN, DEGREE_TYPE) VALUES ('133365772', 'Bachelor in Finance');
INSERT INTO CASHIER (ESSN, DEGREE_TYPE) VALUES ('127882457', 'Associate in Accounting');
INSERT INTO CASHIER (ESSN, DEGREE_TYPE) VALUES ('167953853', 'Bachelor in Finance');
INSERT INTO CASHIER (ESSN, DEGREE_TYPE) VALUES ('132801555', 'Bachelor in Economy');
INSERT INTO CASHIER (ESSN, DEGREE_TYPE) VALUES ('133365772', 'Associate in Management');
INSERT INTO CASHIER (ESSN, DEGREE_TYPE) VALUES ('138636515', 'Bachelor in Accounting');
INSERT INTO CASHIER (ESSN, DEGREE_TYPE) VALUES ('127882457', 'Associate in Management');
INSERT INTO CASHIER (ESSN, DEGREE_TYPE) VALUES ('181899438', 'Bachelor in Accounting');
INSERT INTO CASHIER (ESSN, DEGREE_TYPE) VALUES ('135575681', 'Associate in Management');
INSERT INTO CASHIER (ESSN, DEGREE_TYPE) VALUES ('137778758', 'Bachelor in Finance');
INSERT INTO CASHIER (ESSN, DEGREE_TYPE) VALUES ('119188529', 'Associate in Accounting');
INSERT INTO CASHIER (ESSN, DEGREE_TYPE) VALUES ('100976151', 'Bachelor in Finance');
INSERT INTO CASHIER (ESSN, DEGREE_TYPE) VALUES ('166393895', 'Associate in Accounting');
INSERT INTO CASHIER (ESSN, DEGREE_TYPE) VALUES ('176465799', 'Bachelor in Economy');
INSERT INTO CASHIER (ESSN, DEGREE_TYPE) VALUES ('156096331', 'Bachelor in Finance');
INSERT INTO CASHIER (ESSN, DEGREE_TYPE) VALUES ('143662753', 'Bachelor in Accounting');
INSERT INTO CASHIER (ESSN, DEGREE_TYPE) VALUES ('168981888', 'Associate in Management');
INSERT INTO CASHIER (ESSN, DEGREE_TYPE) VALUES ('166489656', 'Bachelor in Economy');
INSERT INTO CASHIER (ESSN, DEGREE_TYPE) VALUES ('148808631', 'Associate in Accounting');
INSERT INTO CASHIER (ESSN, DEGREE_TYPE) VALUES ('172242582', 'Associate in Accounting');
INSERT INTO CASHIER (ESSN, DEGREE_TYPE) VALUES ('121128672', 'Bachelor in Finance');
INSERT INTO CASHIER (ESSN, DEGREE_TYPE) VALUES ('166721347', 'Associate in Accounting');*/


-- INSURANCE TABLE
INSERT INTO INSURANCE (INSURANCE_ID, NAME, COVER_TYPE, PHONE_NUMBER)
VALUES ('20703', 'United Health Group', 'Health', '3432646756'),
       ('23419', 'Wellpoint Inc. Group', 'Health', '5629811606'),
       ('44578', 'Kaiser Foundation Group', 'Health', '2099209688'),
       ('23709', 'Humana Group', 'Health', '6144738699'),
       ('70782', 'Aetna Group', 'Health', '3314528351'),
       ('83522', 'HCSC Group', 'Health', '4085708381'),
       ('24360', 'Cigna Health Group', 'Health', '5594349460'),
       ('62726', 'Highmark Group', 'Health', '5075286242'),
       ('27595', 'Conventry Corp. Group', 'Health', '6704848593'),
       ('31232', 'Wellcare Group', 'Health', '6714734135'),
       ('34258', 'Centene Corp. Group', 'Health', '5637456771'),
       ('55297', 'Blue Cross Shield of Florida Group', 'Health', '6512571192'),
       ('28202', 'Independence Blue Cross Group', 'Health', '6209048365'),
       ('89967', 'Carefirst Inc. Group', 'Health', '3068936580'),
       ('56877', 'Molina Healthcare Inc. Group', 'Health', '5638726122'),
       ('17971', 'Metropolitan Group', 'Health', '3142923910'),
       ('80679', 'Cambia Health Solutions Inc.', 'Health', '5406443664'),
       ('28972', 'UHC Of California', 'Health', '3202814621'),
       ('23496', 'Lifetime Healthcare Group', 'Health', '2542616423'),
       ('39746', 'California Physicians Service', 'Health', '3054996129');
       
-- COVERS TABLE
INSERT INTO COVERS (COVERAGE_ID, INSURANCE_ID, DRUG_ID) VALUES (76400, '28972', 0);
INSERT INTO COVERS (COVERAGE_ID, INSURANCE_ID, DRUG_ID) VALUES (76401, '80679', 1);
INSERT INTO COVERS (COVERAGE_ID, INSURANCE_ID, DRUG_ID) VALUES (76402, '24360', 2);
INSERT INTO COVERS (COVERAGE_ID, INSURANCE_ID, DRUG_ID) VALUES (76403, '39746', 3);
INSERT INTO COVERS (COVERAGE_ID, INSURANCE_ID, DRUG_ID) VALUES (76404, '23709', 4);
INSERT INTO COVERS (COVERAGE_ID, INSURANCE_ID, DRUG_ID) VALUES (76405, '31232', 5);
INSERT INTO COVERS (COVERAGE_ID, INSURANCE_ID, DRUG_ID) VALUES (76406, '80679', 6);
INSERT INTO COVERS (COVERAGE_ID, INSURANCE_ID, DRUG_ID) VALUES (76407, '56877', 7);
INSERT INTO COVERS (COVERAGE_ID, INSURANCE_ID, DRUG_ID) VALUES (76408, '17971', 8);
INSERT INTO COVERS (COVERAGE_ID, INSURANCE_ID, DRUG_ID) VALUES (76409, '23496', 9);
INSERT INTO COVERS (COVERAGE_ID, INSURANCE_ID, DRUG_ID) VALUES (76410, '44578', 10);
INSERT INTO COVERS (COVERAGE_ID, INSURANCE_ID, DRUG_ID) VALUES (76411, '28202', 11);
INSERT INTO COVERS (COVERAGE_ID, INSURANCE_ID, DRUG_ID) VALUES (76412, '44578', 12);
INSERT INTO COVERS (COVERAGE_ID, INSURANCE_ID, DRUG_ID) VALUES (76413, '56877', 13);
INSERT INTO COVERS (COVERAGE_ID, INSURANCE_ID, DRUG_ID) VALUES (76414, '23709', 14);
INSERT INTO COVERS (COVERAGE_ID, INSURANCE_ID, DRUG_ID) VALUES (76415, '27595', 15);
INSERT INTO COVERS (COVERAGE_ID, INSURANCE_ID, DRUG_ID) VALUES (76416, '89967', 16);
INSERT INTO COVERS (COVERAGE_ID, INSURANCE_ID, DRUG_ID) VALUES (76417, '62726', 17);
INSERT INTO COVERS (COVERAGE_ID, INSURANCE_ID, DRUG_ID) VALUES (76418, '62726', 18);
INSERT INTO COVERS (COVERAGE_ID, INSURANCE_ID, DRUG_ID) VALUES (76419, '55297', 19);

-- DEPENDENT TABLE
INSERT INTO DEPENDENT (DEPENDENT_ID, FNAME, MNAME, LNAME, ESSN, BIRTH_DATE, SEX) VALUES (12000, 'Carlos', 'Sela', 'Dodson', '130294083', '2000-12-15', 'M');
INSERT INTO DEPENDENT (DEPENDENT_ID, FNAME, MNAME, LNAME, ESSN, BIRTH_DATE, SEX) VALUES (12001, 'Kristopher', 'Heather', 'Arnold', '115146266', '2016-10-02', 'F');
INSERT INTO DEPENDENT (DEPENDENT_ID, FNAME, MNAME, LNAME, ESSN, BIRTH_DATE, SEX) VALUES (12002, 'Brody', 'Marley', 'Holder', '127388944', '1995-07-06', 'M');
INSERT INTO DEPENDENT (DEPENDENT_ID, FNAME, MNAME, LNAME, ESSN, BIRTH_DATE, SEX) VALUES (12003, 'Davon', 'Dixie', 'Blair', '151641848', '2011-03-02', 'M');
INSERT INTO DEPENDENT (DEPENDENT_ID, FNAME, MNAME, LNAME, ESSN, BIRTH_DATE, SEX) VALUES (12004, 'Camden', 'Kennady', 'Hammond', '125856595', '2016-04-23', 'M');
INSERT INTO DEPENDENT (DEPENDENT_ID, FNAME, MNAME, LNAME, ESSN, BIRTH_DATE, SEX) VALUES (12005, 'Maia', 'Ellery', 'Strong', '182932537', '1997-02-10', 'M');
INSERT INTO DEPENDENT (DEPENDENT_ID, FNAME, MNAME, LNAME, ESSN, BIRTH_DATE, SEX) VALUES (12006, 'Leslie', 'Aydan', 'Harrell', '134661957', '2000-05-21', 'F');
INSERT INTO DEPENDENT (DEPENDENT_ID, FNAME, MNAME, LNAME, ESSN, BIRTH_DATE, SEX) VALUES (12007, 'Brian', 'Braiden', 'Ramos', '101269818', '1997-04-14', 'M');
INSERT INTO DEPENDENT (DEPENDENT_ID, FNAME, MNAME, LNAME, ESSN, BIRTH_DATE, SEX) VALUES (12008, 'Zariyah', 'Jaidon', 'Donaldson', '120850646', '1991-10-07', 'F');
INSERT INTO DEPENDENT (DEPENDENT_ID, FNAME, MNAME, LNAME, ESSN, BIRTH_DATE, SEX) VALUES (12009, 'David', 'Rudy', 'Wiley', '123521622', '2011-11-09', 'M');
INSERT INTO DEPENDENT (DEPENDENT_ID, FNAME, MNAME, LNAME, ESSN, BIRTH_DATE, SEX) VALUES (12010, 'Angelica', 'Maddison', 'Ferrell', '159942737', '2011-08-17', 'F');
INSERT INTO DEPENDENT (DEPENDENT_ID, FNAME, MNAME, LNAME, ESSN, BIRTH_DATE, SEX) VALUES (12011, 'Martin', 'Ricki', 'Ferrell', '118414200', '1998-10-17', 'F');
INSERT INTO DEPENDENT (DEPENDENT_ID, FNAME, MNAME, LNAME, ESSN, BIRTH_DATE, SEX) VALUES (12012, 'Levi', 'Carol', 'Holcomb', '182499164', '2004-02-07', 'M');
INSERT INTO DEPENDENT (DEPENDENT_ID, FNAME, MNAME, LNAME, ESSN, BIRTH_DATE, SEX) VALUES (12013, 'Aubree', 'Robin', 'Schmidt', '176550824', '2010-11-18', 'M');
INSERT INTO DEPENDENT (DEPENDENT_ID, FNAME, MNAME, LNAME, ESSN, BIRTH_DATE, SEX) VALUES (12014, 'Kale', 'Dakota', 'Decker', '153977353', '2016-01-12', 'F');
INSERT INTO DEPENDENT (DEPENDENT_ID, FNAME, MNAME, LNAME, ESSN, BIRTH_DATE, SEX) VALUES (12015, 'Alejandra', 'Braiden', 'Hogan', '152430017', '1998-11-23', 'F');
INSERT INTO DEPENDENT (DEPENDENT_ID, FNAME, MNAME, LNAME, ESSN, BIRTH_DATE, SEX) VALUES (12016, 'Sage', 'Gracen', 'Mercado', '159942737', '2012-05-08', 'F');
INSERT INTO DEPENDENT (DEPENDENT_ID, FNAME, MNAME, LNAME, ESSN, BIRTH_DATE, SEX) VALUES (12017, 'Jakayla', 'Terry', 'Carey', '102943439', '1998-04-14', 'F');
INSERT INTO DEPENDENT (DEPENDENT_ID, FNAME, MNAME, LNAME, ESSN, BIRTH_DATE, SEX) VALUES (12018, 'Maya', 'Skyler', 'Farley', '160110498', '2012-11-05', 'F');
INSERT INTO DEPENDENT (DEPENDENT_ID, FNAME, MNAME, LNAME, ESSN, BIRTH_DATE, SEX) VALUES (12019, 'Levi', 'River', 'Mcdonald', '134661957', '1997-07-30', 'F');
INSERT INTO DEPENDENT (DEPENDENT_ID, FNAME, MNAME, LNAME, ESSN, BIRTH_DATE, SEX) VALUES (12020, 'Jakob', 'Kira', 'Humphrey', '143662753', '1992-12-25', 'M');
INSERT INTO DEPENDENT (DEPENDENT_ID, FNAME, MNAME, LNAME, ESSN, BIRTH_DATE, SEX) VALUES (12021, 'Van', 'Shani', 'Wolfe', '119831356', '1998-01-15', 'F');
INSERT INTO DEPENDENT (DEPENDENT_ID, FNAME, MNAME, LNAME, ESSN, BIRTH_DATE, SEX) VALUES (12022, 'Autumn', 'Arely', 'Luna', '120469912', '1996-09-30', 'F');
INSERT INTO DEPENDENT (DEPENDENT_ID, FNAME, MNAME, LNAME, ESSN, BIRTH_DATE, SEX) VALUES (12023, 'Izabelle', 'Jadin', 'Parsons', '119437217', '1997-10-13', 'F');
INSERT INTO DEPENDENT (DEPENDENT_ID, FNAME, MNAME, LNAME, ESSN, BIRTH_DATE, SEX) VALUES (12024, 'Howard', 'Leslie', 'Lindsay', '151641848', '2016-03-05', 'F');
INSERT INTO DEPENDENT (DEPENDENT_ID, FNAME, MNAME, LNAME, ESSN, BIRTH_DATE, SEX) VALUES (12025, 'Amina', 'Senna', 'Vasquez', '105148852', '2001-10-15', 'F');
INSERT INTO DEPENDENT (DEPENDENT_ID, FNAME, MNAME, LNAME, ESSN, BIRTH_DATE, SEX) VALUES (12026, 'Sariyah', 'Whitley', 'Joyce', '120469912', '2014-07-13', 'M');
INSERT INTO DEPENDENT (DEPENDENT_ID, FNAME, MNAME, LNAME, ESSN, BIRTH_DATE, SEX) VALUES (12027, 'Hugo', 'Mallory', 'Santana', '105502750', '1998-01-09', 'F');
INSERT INTO DEPENDENT (DEPENDENT_ID, FNAME, MNAME, LNAME, ESSN, BIRTH_DATE, SEX) VALUES (12028, 'Raven', 'Kim', 'Shepard', '134272481', '2009-07-08', 'F');
INSERT INTO DEPENDENT (DEPENDENT_ID, FNAME, MNAME, LNAME, ESSN, BIRTH_DATE, SEX) VALUES (12029, 'Janelle', 'Stacey', 'Estes', '140722410', '1998-09-30', 'F');
INSERT INTO DEPENDENT (DEPENDENT_ID, FNAME, MNAME, LNAME, ESSN, BIRTH_DATE, SEX) VALUES (12030, 'Vivian', 'Devyn', 'Lancaster', '118972243', '2015-06-12', 'F');
INSERT INTO DEPENDENT (DEPENDENT_ID, FNAME, MNAME, LNAME, ESSN, BIRTH_DATE, SEX) VALUES (12031, 'Davis', 'Chris', 'Marquez', '155141805', '1992-02-15', 'M');
INSERT INTO DEPENDENT (DEPENDENT_ID, FNAME, MNAME, LNAME, ESSN, BIRTH_DATE, SEX) VALUES (12032, 'Tyrell', 'Brynn', 'Ortega', '153774530', '2008-09-24', 'F');
INSERT INTO DEPENDENT (DEPENDENT_ID, FNAME, MNAME, LNAME, ESSN, BIRTH_DATE, SEX) VALUES (12033, 'Reuben', 'Amanda', 'Wade', '183340264', '2016-03-16', 'M');
INSERT INTO DEPENDENT (DEPENDENT_ID, FNAME, MNAME, LNAME, ESSN, BIRTH_DATE, SEX) VALUES (12034, 'Jaelynn', 'Makenna', 'Weeks', '132758455', '2015-01-12', 'F');
INSERT INTO DEPENDENT (DEPENDENT_ID, FNAME, MNAME, LNAME, ESSN, BIRTH_DATE, SEX) VALUES (12035, 'Rhys', 'Ashley', 'Brown', '176550824', '2014-05-06', 'M');
INSERT INTO DEPENDENT (DEPENDENT_ID, FNAME, MNAME, LNAME, ESSN, BIRTH_DATE, SEX) VALUES (12036, 'Danica', 'Aubrie', 'Floyd', '176550824', '2002-09-09', 'M');
INSERT INTO DEPENDENT (DEPENDENT_ID, FNAME, MNAME, LNAME, ESSN, BIRTH_DATE, SEX) VALUES (12037, 'Ali', 'Devan', 'Robertson', '105853787', '2002-12-15', 'M');
INSERT INTO DEPENDENT (DEPENDENT_ID, FNAME, MNAME, LNAME, ESSN, BIRTH_DATE, SEX) VALUES (12038, 'Kolby', 'Abbey', 'Marshall', '156237035', '1996-08-26', 'M');
INSERT INTO DEPENDENT (DEPENDENT_ID, FNAME, MNAME, LNAME, ESSN, BIRTH_DATE, SEX) VALUES (12039, 'Matilda', 'Whitley', 'Cherry', '127388944', '1995-07-07', 'F');
INSERT INTO DEPENDENT (DEPENDENT_ID, FNAME, MNAME, LNAME, ESSN, BIRTH_DATE, SEX) VALUES (12040, 'Judith', 'Iridian', 'Orr', '151497231', '2009-09-29', 'F');
INSERT INTO DEPENDENT (DEPENDENT_ID, FNAME, MNAME, LNAME, ESSN, BIRTH_DATE, SEX) VALUES (12041, 'Ayanna', 'Dakota', 'Kane', '102387253', '1992-06-22', 'M');
INSERT INTO DEPENDENT (DEPENDENT_ID, FNAME, MNAME, LNAME, ESSN, BIRTH_DATE, SEX) VALUES (12042, 'Pierce', 'Shontay', 'Burris', '123521622', '2016-03-01', 'M');
INSERT INTO DEPENDENT (DEPENDENT_ID, FNAME, MNAME, LNAME, ESSN, BIRTH_DATE, SEX) VALUES (12043, 'Mariyah', 'Laurie', 'Yang', '105502750', '2000-05-20', 'F');
INSERT INTO DEPENDENT (DEPENDENT_ID, FNAME, MNAME, LNAME, ESSN, BIRTH_DATE, SEX) VALUES (12044, 'Abbigail', 'Shari', 'Harper', '104886794', '1990-04-13', 'M');
INSERT INTO DEPENDENT (DEPENDENT_ID, FNAME, MNAME, LNAME, ESSN, BIRTH_DATE, SEX) VALUES (12045, 'Ernest', 'Chris', 'Ross', '137778758', '1997-09-09', 'F');
INSERT INTO DEPENDENT (DEPENDENT_ID, FNAME, MNAME, LNAME, ESSN, BIRTH_DATE, SEX) VALUES (12046, 'Johann', 'Sky', 'Hamilton', '152430017', '2014-01-24', 'M');
INSERT INTO DEPENDENT (DEPENDENT_ID, FNAME, MNAME, LNAME, ESSN, BIRTH_DATE, SEX) VALUES (12047, 'Kate', 'Nakesha', 'Sloan', '143662753', '1996-07-27', 'M');
INSERT INTO DEPENDENT (DEPENDENT_ID, FNAME, MNAME, LNAME, ESSN, BIRTH_DATE, SEX) VALUES (12048, 'Brantley', 'Sela', 'Valentine', '151128622', '1990-02-09', 'F');
INSERT INTO DEPENDENT (DEPENDENT_ID, FNAME, MNAME, LNAME, ESSN, BIRTH_DATE, SEX) VALUES (12049, 'Rylan', 'Nirvana', 'Walters', '122009487', '1991-08-24', 'M');
INSERT INTO DEPENDENT (DEPENDENT_ID, FNAME, MNAME, LNAME, ESSN, BIRTH_DATE, SEX) VALUES (12050, 'Skyla', 'July', 'Marshall', '102943439', '2004-07-01', 'F');
INSERT INTO DEPENDENT (DEPENDENT_ID, FNAME, MNAME, LNAME, ESSN, BIRTH_DATE, SEX) VALUES (12051, 'Anahi', 'Sandy', 'Warner', '123521622', '1998-03-14', 'M');
INSERT INTO DEPENDENT (DEPENDENT_ID, FNAME, MNAME, LNAME, ESSN, BIRTH_DATE, SEX) VALUES (12052, 'Adelina', 'Hayley', 'Maldonado', '120469912', '1999-05-14', 'M');
INSERT INTO DEPENDENT (DEPENDENT_ID, FNAME, MNAME, LNAME, ESSN, BIRTH_DATE, SEX) VALUES (12053, 'Alexandria', 'Memphis', 'Villarreal', '180532270', '1995-01-25', 'F');
INSERT INTO DEPENDENT (DEPENDENT_ID, FNAME, MNAME, LNAME, ESSN, BIRTH_DATE, SEX) VALUES (12054, 'Demarcus', 'Tatumn', 'Nieves', '137778758', '1991-12-25', 'M');
INSERT INTO DEPENDENT (DEPENDENT_ID, FNAME, MNAME, LNAME, ESSN, BIRTH_DATE, SEX) VALUES (12055, 'Amelie', 'Hayley', 'Francis', '136068801', '2008-10-11', 'F');
INSERT INTO DEPENDENT (DEPENDENT_ID, FNAME, MNAME, LNAME, ESSN, BIRTH_DATE, SEX) VALUES (12056, 'Sandra', 'Skyler', 'Gibbs', '125856595', '2002-08-05', 'M');
INSERT INTO DEPENDENT (DEPENDENT_ID, FNAME, MNAME, LNAME, ESSN, BIRTH_DATE, SEX) VALUES (12057, 'Dario', 'Janica', 'Caldwell', '118643990', '1995-09-03', 'F');
INSERT INTO DEPENDENT (DEPENDENT_ID, FNAME, MNAME, LNAME, ESSN, BIRTH_DATE, SEX) VALUES (12058, 'Calvin', 'Hailey', 'Morin', '124571769', '2012-01-07', 'M');
INSERT INTO DEPENDENT (DEPENDENT_ID, FNAME, MNAME, LNAME, ESSN, BIRTH_DATE, SEX) VALUES (12059, 'Andrea', 'Marion', 'Irwin', '153977353', '1994-01-30', 'F');
INSERT INTO DEPENDENT (DEPENDENT_ID, FNAME, MNAME, LNAME, ESSN, BIRTH_DATE, SEX) VALUES (12060, 'Leah', 'Daylen', 'Emerson', '108590477', '2000-09-12', 'M');
INSERT INTO DEPENDENT (DEPENDENT_ID, FNAME, MNAME, LNAME, ESSN, BIRTH_DATE, SEX) VALUES (12061, 'Roy', 'Shari', 'Salas', '101961892', '1996-11-30', 'M');
INSERT INTO DEPENDENT (DEPENDENT_ID, FNAME, MNAME, LNAME, ESSN, BIRTH_DATE, SEX) VALUES (12062, 'Yadiel', 'Eden', 'Tanner', '135575681', '2011-02-05', 'M');
INSERT INTO DEPENDENT (DEPENDENT_ID, FNAME, MNAME, LNAME, ESSN, BIRTH_DATE, SEX) VALUES (12063, 'Hayden', 'Sky', 'Hart', '119831356', '1994-09-10', 'F');
INSERT INTO DEPENDENT (DEPENDENT_ID, FNAME, MNAME, LNAME, ESSN, BIRTH_DATE, SEX) VALUES (12064, 'Jordyn', 'Sailor', 'Sargent', '153627966', '2003-03-12', 'F');
INSERT INTO DEPENDENT (DEPENDENT_ID, FNAME, MNAME, LNAME, ESSN, BIRTH_DATE, SEX) VALUES (12065, 'Uriah', 'Unique', 'Wilkerson', '151641848', '1993-07-25', 'F');
INSERT INTO DEPENDENT (DEPENDENT_ID, FNAME, MNAME, LNAME, ESSN, BIRTH_DATE, SEX) VALUES (12066, 'Layton', 'Aubra', 'Doyle', '108590477', '2005-08-08', 'F');
INSERT INTO DEPENDENT (DEPENDENT_ID, FNAME, MNAME, LNAME, ESSN, BIRTH_DATE, SEX) VALUES (12067, 'Jaidyn', 'Odalis', 'Beasley', '182499164', '2010-10-31', 'F');
INSERT INTO DEPENDENT (DEPENDENT_ID, FNAME, MNAME, LNAME, ESSN, BIRTH_DATE, SEX) VALUES (12068, 'Brysen', 'Daylen', 'Mayer', '175479058', '2014-01-11', 'M');
INSERT INTO DEPENDENT (DEPENDENT_ID, FNAME, MNAME, LNAME, ESSN, BIRTH_DATE, SEX) VALUES (12069, 'Yahir', 'Shani', 'Hampton', '151641848', '2001-04-26', 'F');
INSERT INTO DEPENDENT (DEPENDENT_ID, FNAME, MNAME, LNAME, ESSN, BIRTH_DATE, SEX) VALUES (12070, 'Coleman', 'Talyn', 'Mckinney', '121731548', '2005-03-25', 'M');
INSERT INTO DEPENDENT (DEPENDENT_ID, FNAME, MNAME, LNAME, ESSN, BIRTH_DATE, SEX) VALUES (12071, 'Manuel', 'Ashley', 'Goodwin', '118260320', '1997-04-30', 'M');
INSERT INTO DEPENDENT (DEPENDENT_ID, FNAME, MNAME, LNAME, ESSN, BIRTH_DATE, SEX) VALUES (12072, 'Aubree', 'Raven', 'Macias', '122009487', '2009-01-10', 'M');
INSERT INTO DEPENDENT (DEPENDENT_ID, FNAME, MNAME, LNAME, ESSN, BIRTH_DATE, SEX) VALUES (12073, 'Olivia', 'Jamie', 'Walter', '165404779', '2011-10-22', 'F');
INSERT INTO DEPENDENT (DEPENDENT_ID, FNAME, MNAME, LNAME, ESSN, BIRTH_DATE, SEX) VALUES (12074, 'Silas', 'Kenyatta', 'Perez', '118414200', '2007-09-03', 'F');
INSERT INTO DEPENDENT (DEPENDENT_ID, FNAME, MNAME, LNAME, ESSN, BIRTH_DATE, SEX) VALUES (12075, 'Jayson', 'Iridian', 'Alford', '118643990', '2014-10-19', 'F');
INSERT INTO DEPENDENT (DEPENDENT_ID, FNAME, MNAME, LNAME, ESSN, BIRTH_DATE, SEX) VALUES (12076, 'Malik', 'Merlyn', 'Sears', '108938058', '2009-07-09', 'M');
INSERT INTO DEPENDENT (DEPENDENT_ID, FNAME, MNAME, LNAME, ESSN, BIRTH_DATE, SEX) VALUES (12077, 'Aspen', 'Hailey', 'Jacobson', '134272481', '2018-03-06', 'M');
INSERT INTO DEPENDENT (DEPENDENT_ID, FNAME, MNAME, LNAME, ESSN, BIRTH_DATE, SEX) VALUES (12078, 'Ramiro', 'Jadin', 'Rivers', '102943439', '1990-05-15', 'M');
INSERT INTO DEPENDENT (DEPENDENT_ID, FNAME, MNAME, LNAME, ESSN, BIRTH_DATE, SEX) VALUES (12079, 'Jade', 'Chandell', 'Day', '118414200', '2006-12-08', 'M');
INSERT INTO DEPENDENT (DEPENDENT_ID, FNAME, MNAME, LNAME, ESSN, BIRTH_DATE, SEX) VALUES (12080, 'Karis', 'Regan', 'Shaw', '109524124', '1998-07-06', 'M');
INSERT INTO DEPENDENT (DEPENDENT_ID, FNAME, MNAME, LNAME, ESSN, BIRTH_DATE, SEX) VALUES (12081, 'Yamileth', 'Marion', 'Ball', '107909062', '2017-01-23', 'M');
INSERT INTO DEPENDENT (DEPENDENT_ID, FNAME, MNAME, LNAME, ESSN, BIRTH_DATE, SEX) VALUES (12082, 'Quentin', 'Aubra', 'Espinoza', '120469912', '2004-10-18', 'M');
INSERT INTO DEPENDENT (DEPENDENT_ID, FNAME, MNAME, LNAME, ESSN, BIRTH_DATE, SEX) VALUES (12083, 'Isaac', 'Aubra', 'Ingram', '123521622', '1998-03-19', 'F');
INSERT INTO DEPENDENT (DEPENDENT_ID, FNAME, MNAME, LNAME, ESSN, BIRTH_DATE, SEX) VALUES (12084, 'Justin', 'Shari', 'Wall', '132758455', '1993-06-07', 'F');
INSERT INTO DEPENDENT (DEPENDENT_ID, FNAME, MNAME, LNAME, ESSN, BIRTH_DATE, SEX) VALUES (12085, 'Beckett', 'Indiana', 'Lindsey', '108938058', '1997-06-30', 'F');
INSERT INTO DEPENDENT (DEPENDENT_ID, FNAME, MNAME, LNAME, ESSN, BIRTH_DATE, SEX) VALUES (12086, 'Rylee', 'Jinxy', 'Gonzalez', '101919440', '2008-01-11', 'F');
INSERT INTO DEPENDENT (DEPENDENT_ID, FNAME, MNAME, LNAME, ESSN, BIRTH_DATE, SEX) VALUES (12087, 'Vaughn', 'Kim', 'Spencer', '134272481', '2017-06-10', 'F');
INSERT INTO DEPENDENT (DEPENDENT_ID, FNAME, MNAME, LNAME, ESSN, BIRTH_DATE, SEX) VALUES (12088, 'Troy', 'Rohana', 'Franks', '139935313', '2015-07-08', 'F');
INSERT INTO DEPENDENT (DEPENDENT_ID, FNAME, MNAME, LNAME, ESSN, BIRTH_DATE, SEX) VALUES (12089, 'Cora', 'Ellisha', 'Mcpherson', '140722410', '1991-06-18', 'M');
INSERT INTO DEPENDENT (DEPENDENT_ID, FNAME, MNAME, LNAME, ESSN, BIRTH_DATE, SEX) VALUES (12090, 'Hank', 'Arly', 'Serrano', '123595408', '1993-09-01', 'M');
INSERT INTO DEPENDENT (DEPENDENT_ID, FNAME, MNAME, LNAME, ESSN, BIRTH_DATE, SEX) VALUES (12091, 'Rhys', 'Reeve', 'Cantrell', '155141805', '1995-09-22', 'F');
INSERT INTO DEPENDENT (DEPENDENT_ID, FNAME, MNAME, LNAME, ESSN, BIRTH_DATE, SEX) VALUES (12092, 'Jalen', 'Skyler', 'Wilkins', '153774530', '1991-11-29', 'F');
INSERT INTO DEPENDENT (DEPENDENT_ID, FNAME, MNAME, LNAME, ESSN, BIRTH_DATE, SEX) VALUES (12093, 'Graham', 'Skylar', 'Johns', '182701951', '2016-11-13', 'M');
INSERT INTO DEPENDENT (DEPENDENT_ID, FNAME, MNAME, LNAME, ESSN, BIRTH_DATE, SEX) VALUES (12094, 'Janelle', 'Kaci', 'Curtis', '174818856', '2007-07-06', 'F');
INSERT INTO DEPENDENT (DEPENDENT_ID, FNAME, MNAME, LNAME, ESSN, BIRTH_DATE, SEX) VALUES (12095, 'Abdiel', 'Jaeden', 'Erickson', '160110498', '1992-01-07', 'F');
INSERT INTO DEPENDENT (DEPENDENT_ID, FNAME, MNAME, LNAME, ESSN, BIRTH_DATE, SEX) VALUES (12096, 'Lee', 'Jaidyn', 'Castillo', '108590477', '2003-02-02', 'F');
INSERT INTO DEPENDENT (DEPENDENT_ID, FNAME, MNAME, LNAME, ESSN, BIRTH_DATE, SEX) VALUES (12097, 'Larissa', 'Winter', 'Mullen', '140722410', '2002-03-07', 'M');
INSERT INTO DEPENDENT (DEPENDENT_ID, FNAME, MNAME, LNAME, ESSN, BIRTH_DATE, SEX) VALUES (12098, 'Diya', 'Shannon', 'Gilliam', '105148852', '2014-09-12', 'F');
INSERT INTO DEPENDENT (DEPENDENT_ID, FNAME, MNAME, LNAME, ESSN, BIRTH_DATE, SEX) VALUES (12099, 'Brian', 'Chandell', 'Greer', '132758455', '2012-05-12', 'M');


-- DOCTOR TABLE
INSERT INTO Doctor (DOCTOR_ID, FNAME, MNAME, LNAME, PHONE_NUMBER) VALUES (10000, 'alondra', 'DALLAS', 'Copeland', '(651) 257-7471');
INSERT INTO Doctor (DOCTOR_ID, FNAME, MNAME, LNAME, PHONE_NUMBER) VALUES (10001, 'riley', 'REEVE', 'Hendrix', '(803) 527-1013');
INSERT INTO Doctor (DOCTOR_ID, FNAME, MNAME, LNAME, PHONE_NUMBER) VALUES (10002, 'julie', 'PAIGE', 'Rocha', '(319) 113-9452');
INSERT INTO Doctor (DOCTOR_ID, FNAME, MNAME, LNAME, PHONE_NUMBER) VALUES (10003, 'mariam', 'JAIDEN', 'Doyle', '(248) 434-4093');
INSERT INTO Doctor (DOCTOR_ID, FNAME, MNAME, LNAME, PHONE_NUMBER) VALUES (10004, 'alvaro', 'PAT', 'Blackwell', '(303) 691-1772');
INSERT INTO Doctor (DOCTOR_ID, FNAME, MNAME, LNAME, PHONE_NUMBER) VALUES (10005, 'reagan', 'LASHAWN', 'Rodriguez', '(773) 987-9246');
INSERT INTO Doctor (DOCTOR_ID, FNAME, MNAME, LNAME, PHONE_NUMBER) VALUES (10006, 'felipe', 'PAIGE', 'Allison', '(978) 691-9974');
INSERT INTO Doctor (DOCTOR_ID, FNAME, MNAME, LNAME, PHONE_NUMBER) VALUES (10007, 'hayleigh', 'JAYCEE', 'Rosa', '(865) 208-2730');
INSERT INTO Doctor (DOCTOR_ID, FNAME, MNAME, LNAME, PHONE_NUMBER) VALUES (10008, 'janiyah', 'IMMANUELA', 'Guerra', '(681) 119-1971');
INSERT INTO Doctor (DOCTOR_ID, FNAME, MNAME, LNAME, PHONE_NUMBER) VALUES (10009, 'ronin', 'KACI', 'Mcintyre', '(443) 492-5826');
INSERT INTO Doctor (DOCTOR_ID, FNAME, MNAME, LNAME, PHONE_NUMBER) VALUES (10010, 'josephine', 'JAIDON', 'Mcintosh', '(708) 237-0227');
INSERT INTO Doctor (DOCTOR_ID, FNAME, MNAME, LNAME, PHONE_NUMBER) VALUES (10011, 'logan', 'KELLEY', 'Hughes', '(850) 166-7844');
INSERT INTO Doctor (DOCTOR_ID, FNAME, MNAME, LNAME, PHONE_NUMBER) VALUES (10012, 'kale', 'LAVON', 'Ross', '(617) 852-9843');
INSERT INTO Doctor (DOCTOR_ID, FNAME, MNAME, LNAME, PHONE_NUMBER) VALUES (10013, 'diana', 'SHASTA', 'Hopkins', '(216) 665-1610');
INSERT INTO Doctor (DOCTOR_ID, FNAME, MNAME, LNAME, PHONE_NUMBER) VALUES (10014, 'moshe', 'BRYLEN', 'Marsh', '(747) 838-3335');
INSERT INTO Doctor (DOCTOR_ID, FNAME, MNAME, LNAME, PHONE_NUMBER) VALUES (10015, 'david', 'JAE', 'Schultz', '(214) 871-6475');
INSERT INTO Doctor (DOCTOR_ID, FNAME, MNAME, LNAME, PHONE_NUMBER) VALUES (10016, 'ahmed', 'KELLEY', 'Campos', '(321) 789-9195');
INSERT INTO Doctor (DOCTOR_ID, FNAME, MNAME, LNAME, PHONE_NUMBER) VALUES (10017, 'alexis', 'HALEY', 'Silva', '(276) 532-6413');
INSERT INTO Doctor (DOCTOR_ID, FNAME, MNAME, LNAME, PHONE_NUMBER) VALUES (10018, 'simon', 'JAIDYN', 'Kemp', '(580) 125-1908');
INSERT INTO Doctor (DOCTOR_ID, FNAME, MNAME, LNAME, PHONE_NUMBER) VALUES (10019, 'kason', 'ANGEL', 'Moran', '(210) 164-9491');
INSERT INTO Doctor (DOCTOR_ID, FNAME, MNAME, LNAME, PHONE_NUMBER) VALUES (10020, 'karis', 'ROBIN', 'Lewis', '(616) 227-2777');
INSERT INTO Doctor (DOCTOR_ID, FNAME, MNAME, LNAME, PHONE_NUMBER) VALUES (10021, 'myles', 'MAKENNA', 'Jordan', '(256) 829-8965');
INSERT INTO Doctor (DOCTOR_ID, FNAME, MNAME, LNAME, PHONE_NUMBER) VALUES (10022, 'sky', 'SKY', 'Rodriguez', '(317) 343-6613');
INSERT INTO Doctor (DOCTOR_ID, FNAME, MNAME, LNAME, PHONE_NUMBER) VALUES (10023, 'ashton', 'SIDNEY', 'Rios', '(937) 453-7232');
INSERT INTO Doctor (DOCTOR_ID, FNAME, MNAME, LNAME, PHONE_NUMBER) VALUES (10024, 'maliyah', 'ADARE', 'Haney', '(423) 907-9698');
INSERT INTO Doctor (DOCTOR_ID, FNAME, MNAME, LNAME, PHONE_NUMBER) VALUES (10025, 'christian', 'JADA', 'Whitaker', '(646) 582-9582');
INSERT INTO Doctor (DOCTOR_ID, FNAME, MNAME, LNAME, PHONE_NUMBER) VALUES (10026, 'maggie', 'SANDY', 'Wood', '(786) 293-2225');
INSERT INTO Doctor (DOCTOR_ID, FNAME, MNAME, LNAME, PHONE_NUMBER) VALUES (10027, 'jaida', 'RINA', 'Armstrong', '(334) 748-0747');
INSERT INTO Doctor (DOCTOR_ID, FNAME, MNAME, LNAME, PHONE_NUMBER) VALUES (10028, 'yaretzi', 'MARLEY', 'Velez', '(435) 563-7699');
INSERT INTO Doctor (DOCTOR_ID, FNAME, MNAME, LNAME, PHONE_NUMBER) VALUES (10029, 'malaya', 'SHANNON', 'Lynch', '(207) 902-1569');
INSERT INTO Doctor (DOCTOR_ID, FNAME, MNAME, LNAME, PHONE_NUMBER) VALUES (10030, 'channing', 'CASSIDY', 'Henderson', '(305) 574-1667');
INSERT INTO Doctor (DOCTOR_ID, FNAME, MNAME, LNAME, PHONE_NUMBER) VALUES (10031, 'abbey', 'GRACEN', 'Bonner', '(302) 710-5184');
INSERT INTO Doctor (DOCTOR_ID, FNAME, MNAME, LNAME, PHONE_NUMBER) VALUES (10032, 'jeramiah', 'NALAH', 'Frost', '(201) 394-4133');
INSERT INTO Doctor (DOCTOR_ID, FNAME, MNAME, LNAME, PHONE_NUMBER) VALUES (10033, 'wendy', 'CAELYN', 'Simmons', '(740) 499-9021');
INSERT INTO Doctor (DOCTOR_ID, FNAME, MNAME, LNAME, PHONE_NUMBER) VALUES (10034, 'marco', 'JAZ', 'Newton', '(620) 285-1566');
INSERT INTO Doctor (DOCTOR_ID, FNAME, MNAME, LNAME, PHONE_NUMBER) VALUES (10035, 'flynn', 'SHANNAN', 'Burgess', '(731) 253-4318');
INSERT INTO Doctor (DOCTOR_ID, FNAME, MNAME, LNAME, PHONE_NUMBER) VALUES (10036, 'amalia', 'SHERIDAN', 'Hall', '(920) 401-3094');
INSERT INTO Doctor (DOCTOR_ID, FNAME, MNAME, LNAME, PHONE_NUMBER) VALUES (10037, 'roderick', 'KESHA', 'Atkins', '(817) 898-0251');
INSERT INTO Doctor (DOCTOR_ID, FNAME, MNAME, LNAME, PHONE_NUMBER) VALUES (10038, 'leon', 'KAILIN', 'Caldwell', '(510) 256-7775');
INSERT INTO Doctor (DOCTOR_ID, FNAME, MNAME, LNAME, PHONE_NUMBER) VALUES (10039, 'noelle', 'HAILEY', 'Miranda', '(475) 658-5557');
INSERT INTO Doctor (DOCTOR_ID, FNAME, MNAME, LNAME, PHONE_NUMBER) VALUES (10040, 'lyric', 'UNIQUE', 'Flowers', '(312) 647-8447');
INSERT INTO Doctor (DOCTOR_ID, FNAME, MNAME, LNAME, PHONE_NUMBER) VALUES (10041, 'madyson', 'LAKEN', 'Douglas', '(517) 102-0189');
INSERT INTO Doctor (DOCTOR_ID, FNAME, MNAME, LNAME, PHONE_NUMBER) VALUES (10042, 'reagan', 'ROBIN', 'Wilcox', '(571) 177-0439');
INSERT INTO Doctor (DOCTOR_ID, FNAME, MNAME, LNAME, PHONE_NUMBER) VALUES (10043, 'brogan', 'MARLEY', 'Howe', '(253) 898-5698');
INSERT INTO Doctor (DOCTOR_ID, FNAME, MNAME, LNAME, PHONE_NUMBER) VALUES (10044, 'amber', 'RIO', 'Wilson', '(925) 345-7450');
INSERT INTO Doctor (DOCTOR_ID, FNAME, MNAME, LNAME, PHONE_NUMBER) VALUES (10045, 'natalie', 'JODY', 'Dixon', '(502) 196-3038');
INSERT INTO Doctor (DOCTOR_ID, FNAME, MNAME, LNAME, PHONE_NUMBER) VALUES (10046, 'alijah', 'MARTY', 'Bolton', '(818) 552-7021');
INSERT INTO Doctor (DOCTOR_ID, FNAME, MNAME, LNAME, PHONE_NUMBER) VALUES (10047, 'saanvi', 'MAYA', 'Ayers', '(787) 379-8976');
INSERT INTO Doctor (DOCTOR_ID, FNAME, MNAME, LNAME, PHONE_NUMBER) VALUES (10048, 'valeria', 'ELLISHA', 'Davenport', '(360) 939-5729');
INSERT INTO Doctor (DOCTOR_ID, FNAME, MNAME, LNAME, PHONE_NUMBER) VALUES (10049, 'landon', 'DEVYN', 'Cleveland', '(440) 156-2833');


-- MANUFACTURER TABLE
INSERT INTO MANUFACTURER (LICENSE_NUMBER, NAME, CITY, STATE) VALUES ('01213', 'Brunswick Corporation', 'HARTFORD', 'CN');
INSERT INTO MANUFACTURER (LICENSE_NUMBER, NAME, CITY, STATE) VALUES ('13333', 'IDT Corporation', 'HUNTSVILLE', 'GA');
INSERT INTO MANUFACTURER (LICENSE_NUMBER, NAME, CITY, STATE) VALUES ('23432', 'Universal Health Services', 'MURFREESBORO', 'TN');
INSERT INTO MANUFACTURER (LICENSE_NUMBER, NAME, CITY, STATE) VALUES ('34567', 'CSX Corporation', 'MONTGOMERY', 'AL');
INSERT INTO MANUFACTURER (LICENSE_NUMBER, NAME, CITY, STATE) VALUES ('45436', 'Alaska Air Group', 'PORTLAND', 'OR');
INSERT INTO MANUFACTURER (LICENSE_NUMBER, NAME, CITY, STATE) VALUES ('05321', 'Avnet', 'PEORIA', 'IL');
INSERT INTO MANUFACTURER (LICENSE_NUMBER, NAME, CITY, STATE) VALUES ('06343', 'Armond Inc Corporation', 'FORT COLLINS', 'CL');
INSERT INTO MANUFACTURER (LICENSE_NUMBER, NAME, CITY, STATE) VALUES ('07245', 'Global Partners', 'PITTSBURGH', 'PL');
INSERT INTO MANUFACTURER (LICENSE_NUMBER, NAME, CITY, STATE) VALUES ('08234', 'Blockbuster ', 'OKLAHOMA CITY', 'OK');
INSERT INTO MANUFACTURER (LICENSE_NUMBER, NAME, CITY, STATE) VALUES ('09324', 'West Inc', 'ROCHESTER', 'NY');
INSERT INTO MANUFACTURER (LICENSE_NUMBER, NAME, CITY, STATE) VALUES ('00984', 'Pinnacle West Capital Corporation', 'OMAHA', 'NC');
INSERT INTO MANUFACTURER (LICENSE_NUMBER, NAME, CITY, STATE) VALUES ('01095', ' King Corporation ', 'FAYETTEVILLE', 'SC');
INSERT INTO MANUFACTURER (LICENSE_NUMBER, NAME, CITY, STATE) VALUES ('02059', 'H.J. Heinz Company', 'PORTLAND', 'OR');
INSERT INTO MANUFACTURER (LICENSE_NUMBER, NAME, CITY, STATE) VALUES ('03058', 'Carlisle Companiesorporated', 'LONG BEACH', 'GA');
INSERT INTO MANUFACTURER (LICENSE_NUMBER, NAME, CITY, STATE) VALUES ('04659', 'Wyndham Worldwide Corp', 'IRVINE', 'FL');


-- DRUG TABLE
INSERT INTO DRUG (DRUG_ID, NAME, ISSUE_DATE, EXP_DATE, MFR_LIC) VALUES (0, 'A-Clox', '2011-06-04', '2013-10-30', '01213');
INSERT INTO DRUG (DRUG_ID, NAME, ISSUE_DATE, EXP_DATE, MFR_LIC) VALUES (1, ' Lexatin', '2011-09-22', '2013-08-22', '13333');
INSERT INTO DRUG (DRUG_ID, NAME, ISSUE_DATE, EXP_DATE, MFR_LIC) VALUES (2, 'MONTELAIR HEXAL', '2011-05-22', '2013-06-20', '23432');
INSERT INTO DRUG (DRUG_ID, NAME, ISSUE_DATE, EXP_DATE, MFR_LIC) VALUES (3, 'MIG for children', '2011-12-27', '2013-01-07', '13333');
INSERT INTO DRUG (DRUG_ID, NAME, ISSUE_DATE, EXP_DATE, MFR_LIC) VALUES (4, 'A-Fenac Plus', '2011-06-26', '2013-03-23', '01213');
INSERT INTO DRUG (DRUG_ID, NAME, ISSUE_DATE, EXP_DATE, MFR_LIC) VALUES (5, 'A-Mol Pediatric', '2011-11-01', '2013-01-20', '23432');
INSERT INTO DRUG (DRUG_ID, NAME, ISSUE_DATE, EXP_DATE, MFR_LIC) VALUES (6, 'Ciclobenzaprina', '2011-09-10', '2013-10-03', '13333');
INSERT INTO DRUG (DRUG_ID, NAME, ISSUE_DATE, EXP_DATE, MFR_LIC) VALUES (7, 'ASA ZADA', '2011-11-08', '2013-06-23', '23432');
INSERT INTO DRUG (DRUG_ID, NAME, ISSUE_DATE, EXP_DATE, MFR_LIC) VALUES (8, 'A-Ostin-D3', '2011-02-16', '2013-02-03', '01213');
INSERT INTO DRUG (DRUG_ID, NAME, ISSUE_DATE, EXP_DATE, MFR_LIC) VALUES (9, 'ANNITA', '2011-02-14', '2013-12-11', '23432');
INSERT INTO DRUG (DRUG_ID, NAME, ISSUE_DATE, EXP_DATE, MFR_LIC) VALUES (10, 'M-Cit', '2011-10-24', '2013-11-06', '23432');
INSERT INTO DRUG (DRUG_ID, NAME, ISSUE_DATE, EXP_DATE, MFR_LIC) VALUES (11, 'A Si Pan', '2011-02-20', '2013-08-22', '23432');
INSERT INTO DRUG (DRUG_ID, NAME, ISSUE_DATE, EXP_DATE, MFR_LIC) VALUES (12, 'A-Phenicol D', '2011-08-05', '2013-08-08', '01213');
INSERT INTO DRUG (DRUG_ID, NAME, ISSUE_DATE, EXP_DATE, MFR_LIC) VALUES (13, 'A-Acido', '2011-07-25', '2013-09-16', '34567');
INSERT INTO DRUG (DRUG_ID, NAME, ISSUE_DATE, EXP_DATE, MFR_LIC) VALUES (14, 'A-Zyme', '2011-03-21', '2013-04-10', '34567');
INSERT INTO DRUG (DRUG_ID, NAME, ISSUE_DATE, EXP_DATE, MFR_LIC) VALUES (15, 'A-Cold', '2011-07-17', '2013-10-15', '34567');
INSERT INTO DRUG (DRUG_ID, NAME, ISSUE_DATE, EXP_DATE, MFR_LIC) VALUES (16, 'MGA plus Rumensin plus Tylovet', '2011-11-01', '2013-12-05', '01213');
INSERT INTO DRUG (DRUG_ID, NAME, ISSUE_DATE, EXP_DATE, MFR_LIC) VALUES (17, 'AN-AN', '2011-07-07', '2013-03-06', '34567');
INSERT INTO DRUG (DRUG_ID, NAME, ISSUE_DATE, EXP_DATE, MFR_LIC) VALUES (18, ' Neurol', '2011-04-29', '2013-01-03', '23432');
INSERT INTO DRUG (DRUG_ID, NAME, ISSUE_DATE, EXP_DATE, MFR_LIC) VALUES (19, 'MMF Sandoz', '2011-12-18', '2013-11-08', '45436');
INSERT INTO DRUG (DRUG_ID, NAME, ISSUE_DATE, EXP_DATE, MFR_LIC) VALUES (20, 'Biseptol', '2011-04-07', '2013-02-21', '01213');
INSERT INTO DRUG (DRUG_ID, NAME, ISSUE_DATE, EXP_DATE, MFR_LIC) VALUES (21, 'A-Pen', '2011-03-26', '2013-12-09', '06343');
INSERT INTO DRUG (DRUG_ID, NAME, ISSUE_DATE, EXP_DATE, MFR_LIC) VALUES (22, 'MGA / Tylan', '2011-05-21', '2013-01-19', '05321');
INSERT INTO DRUG (DRUG_ID, NAME, ISSUE_DATE, EXP_DATE, MFR_LIC) VALUES (23, 'M-PredniHEXAL', '2011-11-03', '2013-10-11', '05321');
INSERT INTO DRUG (DRUG_ID, NAME, ISSUE_DATE, EXP_DATE, MFR_LIC) VALUES (24, 'AP Methylpred', '2011-09-13', '2013-07-10', '06343');
INSERT INTO DRUG (DRUG_ID, NAME, ISSUE_DATE, EXP_DATE, MFR_LIC) VALUES (25, 'A-vitel', '2011-11-03', '2013-02-11', '06343');
INSERT INTO DRUG (DRUG_ID, NAME, ISSUE_DATE, EXP_DATE, MFR_LIC) VALUES (26, 'A-Mycin', '2011-12-10', '2013-06-22', '06343');
INSERT INTO DRUG (DRUG_ID, NAME, ISSUE_DATE, EXP_DATE, MFR_LIC) VALUES (27, 'A-Cet', '2011-06-05', '2013-10-28', '45436');
INSERT INTO DRUG (DRUG_ID, NAME, ISSUE_DATE, EXP_DATE, MFR_LIC) VALUES (28, 'APAP Przeziebienie', '2011-03-16', '2013-12-20', '03058');
INSERT INTO DRUG (DRUG_ID, NAME, ISSUE_DATE, EXP_DATE, MFR_LIC) VALUES (29, 'A-Pen', '2011-01-13', '2013-04-09', '07245');
INSERT INTO DRUG (DRUG_ID, NAME, ISSUE_DATE, EXP_DATE, MFR_LIC) VALUES (30, 'ANTI-BRUMM Forte', '2011-08-09', '2013-01-16', '45436');
INSERT INTO DRUG (DRUG_ID, NAME, ISSUE_DATE, EXP_DATE, MFR_LIC) VALUES (31, 'A Kalcijs D3', '2011-10-07', '2013-12-04', '07245');
INSERT INTO DRUG (DRUG_ID, NAME, ISSUE_DATE, EXP_DATE, MFR_LIC) VALUES (32, 'MIG', '2011-05-10', '2013-12-21', '07245');
INSERT INTO DRUG (DRUG_ID, NAME, ISSUE_DATE, EXP_DATE, MFR_LIC) VALUES (33, 'A-Mycin-DS', '2011-06-07', '2013-10-26', '07245');
INSERT INTO DRUG (DRUG_ID, NAME, ISSUE_DATE, EXP_DATE, MFR_LIC) VALUES (34, ' Karma', '2011-07-08', '2013-01-24', '07245');
INSERT INTO DRUG (DRUG_ID, NAME, ISSUE_DATE, EXP_DATE, MFR_LIC) VALUES (35, 'A-Acido', '2011-10-16', '2013-05-11', '08234');
INSERT INTO DRUG (DRUG_ID, NAME, ISSUE_DATE, EXP_DATE, MFR_LIC) VALUES (36, 'A-H', '2011-03-24', '2013-07-14', '08234');
INSERT INTO DRUG (DRUG_ID, NAME, ISSUE_DATE, EXP_DATE, MFR_LIC) VALUES (37, 'APAP Extra', '2011-06-21', '2013-02-24', '08234');
INSERT INTO DRUG (DRUG_ID, NAME, ISSUE_DATE, EXP_DATE, MFR_LIC) VALUES (38, 'M-Cit', '2011-07-15', '2013-07-04', '09324');
INSERT INTO DRUG (DRUG_ID, NAME, ISSUE_DATE, EXP_DATE, MFR_LIC) VALUES (39, 'A-B Vask', '2011-11-14', '2013-03-07', '09324');
INSERT INTO DRUG (DRUG_ID, NAME, ISSUE_DATE, EXP_DATE, MFR_LIC) VALUES (40, 'A Lin Xin', '2011-05-31', '2013-06-08', '09324');
INSERT INTO DRUG (DRUG_ID, NAME, ISSUE_DATE, EXP_DATE, MFR_LIC) VALUES (41, 'MAS-ER', '2011-12-15', '2013-07-19', '08234');
INSERT INTO DRUG (DRUG_ID, NAME, ISSUE_DATE, EXP_DATE, MFR_LIC) VALUES (42, 'MEP-20', '2011-06-16', '2013-12-29', '00984');
INSERT INTO DRUG (DRUG_ID, NAME, ISSUE_DATE, EXP_DATE, MFR_LIC) VALUES (43, 'A Folijskabe', '2011-01-08', '2013-12-01', '00984');
INSERT INTO DRUG (DRUG_ID, NAME, ISSUE_DATE, EXP_DATE, MFR_LIC) VALUES (44, 'MCP HEXAL', '2011-10-24', '2013-01-07', '00984');
INSERT INTO DRUG (DRUG_ID, NAME, ISSUE_DATE, EXP_DATE, MFR_LIC) VALUES (45, 'Primolut Nor', '2011-03-05', '2013-08-19', '00984');
INSERT INTO DRUG (DRUG_ID, NAME, ISSUE_DATE, EXP_DATE, MFR_LIC) VALUES (46, 'A Curitybina', '2011-09-09', '2013-10-16', '00984');
INSERT INTO DRUG (DRUG_ID, NAME, ISSUE_DATE, EXP_DATE, MFR_LIC) VALUES (47, 'A-Dex', '2011-12-14', '2013-06-15', '00984');
INSERT INTO DRUG (DRUG_ID, NAME, ISSUE_DATE, EXP_DATE, MFR_LIC) VALUES (48, 'ASS Cardio Spirig HC', '2011-09-25', '2013-01-18', '00984');
INSERT INTO DRUG (DRUG_ID, NAME, ISSUE_DATE, EXP_DATE, MFR_LIC) VALUES (49, 'Diclofenaco', '2011-10-13', '2013-05-22', '00984');
INSERT INTO DRUG (DRUG_ID, NAME, ISSUE_DATE, EXP_DATE, MFR_LIC) VALUES (50, 'ARTROJECT', '2011-04-20', '2013-04-26', '00984');
INSERT INTO DRUG (DRUG_ID, NAME, ISSUE_DATE, EXP_DATE, MFR_LIC) VALUES (51, 'AP-3000', '2011-05-11', '2013-04-18', '01095');
INSERT INTO DRUG (DRUG_ID, NAME, ISSUE_DATE, EXP_DATE, MFR_LIC) VALUES (52, 'MPL Coverin', '2011-06-19', '2013-05-19', '01095');
INSERT INTO DRUG (DRUG_ID, NAME, ISSUE_DATE, EXP_DATE, MFR_LIC) VALUES (53, 'MPG - Monopropylene Glycol', '2011-02-14', '2013-06-19', '01095');
INSERT INTO DRUG (DRUG_ID, NAME, ISSUE_DATE, EXP_DATE, MFR_LIC) VALUES (54, 'MIG Forte', '2011-02-28', '2013-04-03', '01095');
INSERT INTO DRUG (DRUG_ID, NAME, ISSUE_DATE, EXP_DATE, MFR_LIC) VALUES (55, 'ASS Cardio Spirig HC', '2011-04-27', '2013-08-21', '01095');
INSERT INTO DRUG (DRUG_ID, NAME, ISSUE_DATE, EXP_DATE, MFR_LIC) VALUES (56, 'A-Plus G', '2011-05-29', '2013-02-10', '02059');
INSERT INTO DRUG (DRUG_ID, NAME, ISSUE_DATE, EXP_DATE, MFR_LIC) VALUES (57, 'MGA / Tylan', '2011-06-15', '2013-12-04', '02059');
INSERT INTO DRUG (DRUG_ID, NAME, ISSUE_DATE, EXP_DATE, MFR_LIC) VALUES (58, 'MAS-ER', '2011-03-31', '2013-11-12', '02059');
INSERT INTO DRUG (DRUG_ID, NAME, ISSUE_DATE, EXP_DATE, MFR_LIC) VALUES (59, 'M-Dox', '2011-07-29', '2013-02-06', '02059');
INSERT INTO DRUG (DRUG_ID, NAME, ISSUE_DATE, EXP_DATE, MFR_LIC) VALUES (60, 'ASK Lek', '2011-07-03', '2013-09-04', '02059');
INSERT INTO DRUG (DRUG_ID, NAME, ISSUE_DATE, EXP_DATE, MFR_LIC) VALUES (61, 'A-Fenac', '2011-04-19', '2013-09-26', '02059');
INSERT INTO DRUG (DRUG_ID, NAME, ISSUE_DATE, EXP_DATE, MFR_LIC) VALUES (62, 'M99 Etorphine', '2011-07-29', '2013-11-10', '01095');
INSERT INTO DRUG (DRUG_ID, NAME, ISSUE_DATE, EXP_DATE, MFR_LIC) VALUES (63, 'A-Scabies', '2011-01-28', '2013-08-14', '02059');
INSERT INTO DRUG (DRUG_ID, NAME, ISSUE_DATE, EXP_DATE, MFR_LIC) VALUES (64, 'A Glucosamins IHS', '2011-06-20', '2013-03-22', '02059');
INSERT INTO DRUG (DRUG_ID, NAME, ISSUE_DATE, EXP_DATE, MFR_LIC) VALUES (65, 'A Folijskabe', '2011-05-01', '2013-02-16', '02059');
INSERT INTO DRUG (DRUG_ID, NAME, ISSUE_DATE, EXP_DATE, MFR_LIC) VALUES (66, 'A Rui Si', '2011-02-23', '2013-03-07', '01095');
INSERT INTO DRUG (DRUG_ID, NAME, ISSUE_DATE, EXP_DATE, MFR_LIC) VALUES (67, 'MAS-ER', '2011-02-02', '2013-05-06', '03058');
INSERT INTO DRUG (DRUG_ID, NAME, ISSUE_DATE, EXP_DATE, MFR_LIC) VALUES (68, 'M-beta', '2011-06-06', '2013-10-02', '03058');
INSERT INTO DRUG (DRUG_ID, NAME, ISSUE_DATE, EXP_DATE, MFR_LIC) VALUES (69, 'ASA MK', '2011-09-16', '2013-11-18', '01095');
INSERT INTO DRUG (DRUG_ID, NAME, ISSUE_DATE, EXP_DATE, MFR_LIC) VALUES (70, 'A-Lennon Hyoscine Butylbromide', '2011-06-20', '2013-02-24', '04659');
INSERT INTO DRUG (DRUG_ID, NAME, ISSUE_DATE, EXP_DATE, MFR_LIC) VALUES (71, 'A-Calm', '2011-10-22', '2013-09-09', '04659');
INSERT INTO DRUG (DRUG_ID, NAME, ISSUE_DATE, EXP_DATE, MFR_LIC) VALUES (72, 'A Sai Song', '2011-06-26', '2013-11-25', '04659');
INSERT INTO DRUG (DRUG_ID, NAME, ISSUE_DATE, EXP_DATE, MFR_LIC) VALUES (73, 'ASS AL TAH', '2011-03-05', '2013-11-07', '04659');
INSERT INTO DRUG (DRUG_ID, NAME, ISSUE_DATE, EXP_DATE, MFR_LIC) VALUES (74, 'A-Plus G', '2011-03-22', '2013-01-27', '04659');
INSERT INTO DRUG (DRUG_ID, NAME, ISSUE_DATE, EXP_DATE, MFR_LIC) VALUES (75, 'ASS - 1 A Pharma', '2011-10-31', '2013-09-01', '04659');
INSERT INTO DRUG (DRUG_ID, NAME, ISSUE_DATE, EXP_DATE, MFR_LIC) VALUES (76, 'M-Pride', '2011-07-06', '2013-07-27', '04659');
INSERT INTO DRUG (DRUG_ID, NAME, ISSUE_DATE, EXP_DATE, MFR_LIC) VALUES (77, 'A-Plus G', '2011-12-11', '2013-12-12', '04659');
INSERT INTO DRUG (DRUG_ID, NAME, ISSUE_DATE, EXP_DATE, MFR_LIC) VALUES (78, 'M-Eslon', '2011-01-08', '2013-08-18', '04659');
INSERT INTO DRUG (DRUG_ID, NAME, ISSUE_DATE, EXP_DATE, MFR_LIC) VALUES (79, 'M.O.S.', '2011-08-27', '2013-06-28', '04659');
INSERT INTO DRUG (DRUG_ID, NAME, ISSUE_DATE, EXP_DATE, MFR_LIC) VALUES (80, 'A Viton', '2011-06-03', '2013-07-17', '04659');
INSERT INTO DRUG (DRUG_ID, NAME, ISSUE_DATE, EXP_DATE, MFR_LIC) VALUES (81, 'MPA HEXAL', '2011-03-02', '2013-06-26', '04659');
INSERT INTO DRUG (DRUG_ID, NAME, ISSUE_DATE, EXP_DATE, MFR_LIC) VALUES (82, 'A Curitybina', '2011-10-06', '2013-11-05', '04659');
INSERT INTO DRUG (DRUG_ID, NAME, ISSUE_DATE, EXP_DATE, MFR_LIC) VALUES (83, 'APAP Przeziebienie', '2011-10-26', '2013-08-23', '04659');
INSERT INTO DRUG (DRUG_ID, NAME, ISSUE_DATE, EXP_DATE, MFR_LIC) VALUES (84, 'M-Kast', '2011-07-30', '2013-08-20', '04659');
INSERT INTO DRUG (DRUG_ID, NAME, ISSUE_DATE, EXP_DATE, MFR_LIC) VALUES (85, 'A-Lennon-Vitamin B12', '2011-09-08', '2013-07-21', '04659');
INSERT INTO DRUG (DRUG_ID, NAME, ISSUE_DATE, EXP_DATE, MFR_LIC) VALUES (86, 'A Scabs', '2011-01-03', '2013-01-18', '04659');
INSERT INTO DRUG (DRUG_ID, NAME, ISSUE_DATE, EXP_DATE, MFR_LIC) VALUES (87, 'APAP-Plus', '2011-10-31', '2013-04-04', '04659');
INSERT INTO DRUG (DRUG_ID, NAME, ISSUE_DATE, EXP_DATE, MFR_LIC) VALUES (88, 'A Te Mi An', '2011-04-17', '2013-12-12', '04659');
INSERT INTO DRUG (DRUG_ID, NAME, ISSUE_DATE, EXP_DATE, MFR_LIC) VALUES (89, 'MGA / Terramycin', '2011-12-27', '2013-05-07', '04659');
INSERT INTO DRUG (DRUG_ID, NAME, ISSUE_DATE, EXP_DATE, MFR_LIC) VALUES (90, 'ASS AL TAH', '2011-10-28', '2013-11-28', '04659');
INSERT INTO DRUG (DRUG_ID, NAME, ISSUE_DATE, EXP_DATE, MFR_LIC) VALUES (91, 'M.P. Osoth', '2011-06-07', '2013-03-26', '04659');
INSERT INTO DRUG (DRUG_ID, NAME, ISSUE_DATE, EXP_DATE, MFR_LIC) VALUES (92, 'A Glucosamins IHS', '2011-12-27', '2013-09-09', '04659');
INSERT INTO DRUG (DRUG_ID, NAME, ISSUE_DATE, EXP_DATE, MFR_LIC) VALUES (93, 'A Rui Si', '2011-01-31', '2013-02-25', '04659');
INSERT INTO DRUG (DRUG_ID, NAME, ISSUE_DATE, EXP_DATE, MFR_LIC) VALUES (94, 'tylenol', '2011-06-04', '2013-11-03', '04659');
INSERT INTO DRUG (DRUG_ID, NAME, ISSUE_DATE, EXP_DATE, MFR_LIC) VALUES (95, 'M-Cin', '2011-06-23', '2013-01-28', '04659');
INSERT INTO DRUG (DRUG_ID, NAME, ISSUE_DATE, EXP_DATE, MFR_LIC) VALUES (96, 'A-Clox', '2011-11-21', '2013-04-23', '04659');
INSERT INTO DRUG (DRUG_ID, NAME, ISSUE_DATE, EXP_DATE, MFR_LIC) VALUES (97, 'M-Cin', '2011-02-21', '2013-10-21', '04659');
INSERT INTO DRUG (DRUG_ID, NAME, ISSUE_DATE, EXP_DATE, MFR_LIC) VALUES (98, 'A-Flox', '2011-03-22', '2013-10-05', '04659');
INSERT INTO DRUG (DRUG_ID, NAME, ISSUE_DATE, EXP_DATE, MFR_LIC) VALUES (99, 'A Sai Song', '2011-12-13', '2013-08-27', '04659');
INSERT INTO DRUG (DRUG_ID, NAME, ISSUE_DATE, EXP_DATE, MFR_LIC) VALUES (100, 'Xanax', '2011-06-07', '2013-02-16', '04659');
INSERT INTO DRUG (DRUG_ID, NAME, ISSUE_DATE, EXP_DATE, MFR_LIC) VALUES (101, 'ASS Cardio Actavis', '2011-11-27', '2013-11-09', '04659');
INSERT INTO DRUG (DRUG_ID, NAME, ISSUE_DATE, EXP_DATE, MFR_LIC) VALUES (102, 'A-Lennon Diclofenac', '2011-09-15', '2013-10-30', '04659');
INSERT INTO DRUG (DRUG_ID, NAME, ISSUE_DATE, EXP_DATE, MFR_LIC) VALUES (103, 'ANGIPRESS-CD', '2011-04-12', '2013-09-05', '23432');
INSERT INTO DRUG (DRUG_ID, NAME, ISSUE_DATE, EXP_DATE, MFR_LIC) VALUES (104, 'A-Vin', '2011-02-08', '2013-11-25', '23432');
INSERT INTO DRUG (DRUG_ID, NAME, ISSUE_DATE, EXP_DATE, MFR_LIC) VALUES (105, 'MG217 Sal-Acid', '2011-06-30', '2013-05-04', '23432');
INSERT INTO DRUG (DRUG_ID, NAME, ISSUE_DATE, EXP_DATE, MFR_LIC) VALUES (106, 'M-Furo', '2011-10-24', '2013-08-07', '23432');
INSERT INTO DRUG (DRUG_ID, NAME, ISSUE_DATE, EXP_DATE, MFR_LIC) VALUES (107, 'M.O.S.-SR', '2011-03-07', '2013-10-10', '23432');
INSERT INTO DRUG (DRUG_ID, NAME, ISSUE_DATE, EXP_DATE, MFR_LIC) VALUES (108, 'A.A. Colistine', '2011-01-17', '2013-09-10', '23432');
INSERT INTO DRUG (DRUG_ID, NAME, ISSUE_DATE, EXP_DATE, MFR_LIC) VALUES (109, 'A-B Vask', '2011-01-05', '2013-10-31', '23432');
INSERT INTO DRUG (DRUG_ID, NAME, ISSUE_DATE, EXP_DATE, MFR_LIC) VALUES (110, 'MPL Coverin', '2011-11-02', '2013-03-11', '23432');
INSERT INTO DRUG (DRUG_ID, NAME, ISSUE_DATE, EXP_DATE, MFR_LIC) VALUES (111, 'A-Tussin', '2011-09-20', '2013-02-20', '23432');
INSERT INTO DRUG (DRUG_ID, NAME, ISSUE_DATE, EXP_DATE, MFR_LIC) VALUES (112, 'Disflatyl', '2011-04-18', '2013-02-28', '23432');
INSERT INTO DRUG (DRUG_ID, NAME, ISSUE_DATE, EXP_DATE, MFR_LIC) VALUES (113, 'Biseptol', '2011-11-01', '2013-11-02', '23432');
INSERT INTO DRUG (DRUG_ID, NAME, ISSUE_DATE, EXP_DATE, MFR_LIC) VALUES (114, 'A Magnijs', '2011-07-08', '2013-01-14', '23432');
INSERT INTO DRUG (DRUG_ID, NAME, ISSUE_DATE, EXP_DATE, MFR_LIC) VALUES (115, 'MB 12', '2011-08-31', '2013-08-07', '23432');
INSERT INTO DRUG (DRUG_ID, NAME, ISSUE_DATE, EXP_DATE, MFR_LIC) VALUES (116, 'MENSOTON', '2011-04-20', '2013-03-29', '23432');
INSERT INTO DRUG (DRUG_ID, NAME, ISSUE_DATE, EXP_DATE, MFR_LIC) VALUES (117, 'M-Pride-MPS', '2011-10-05', '2013-11-09', '23432');
INSERT INTO DRUG (DRUG_ID, NAME, ISSUE_DATE, EXP_DATE, MFR_LIC) VALUES (118, 'MCP AL retard', '2011-12-03', '2013-03-30', '23432');
INSERT INTO DRUG (DRUG_ID, NAME, ISSUE_DATE, EXP_DATE, MFR_LIC) VALUES (119, 'MGA', '2011-01-12', '2013-12-16', '23432');
INSERT INTO DRUG (DRUG_ID, NAME, ISSUE_DATE, EXP_DATE, MFR_LIC) VALUES (120, ' Onax', '2011-07-30', '2013-12-27', '23432');
INSERT INTO DRUG (DRUG_ID, NAME, ISSUE_DATE, EXP_DATE, MFR_LIC) VALUES (121, 'ANTI-BRUMM Forte', '2011-02-18', '2013-10-19', '23432');
INSERT INTO DRUG (DRUG_ID, NAME, ISSUE_DATE, EXP_DATE, MFR_LIC) VALUES (122, 'ASP', '2011-06-26', '2013-11-16', '23432');
INSERT INTO DRUG (DRUG_ID, NAME, ISSUE_DATE, EXP_DATE, MFR_LIC) VALUES (123, 'A 313', '2011-12-12', '2013-07-06', '23432');
INSERT INTO DRUG (DRUG_ID, NAME, ISSUE_DATE, EXP_DATE, MFR_LIC) VALUES (124, 'A-Vin', '2011-01-31', '2013-02-02', '34567');
INSERT INTO DRUG (DRUG_ID, NAME, ISSUE_DATE, EXP_DATE, MFR_LIC) VALUES (125, 'A-Ferin Pediatrik', '2011-06-16', '2013-03-29', '34567');
INSERT INTO DRUG (DRUG_ID, NAME, ISSUE_DATE, EXP_DATE, MFR_LIC) VALUES (126, 'APPI-D', '2011-02-04', '2013-01-26', '34567');
INSERT INTO DRUG (DRUG_ID, NAME, ISSUE_DATE, EXP_DATE, MFR_LIC) VALUES (127, 'A-Cnotren', '2011-05-29', '2013-02-24', '34567');
INSERT INTO DRUG (DRUG_ID, NAME, ISSUE_DATE, EXP_DATE, MFR_LIC) VALUES (128, 'ASS Cardio Spirig HC', '2011-09-17', '2013-02-20', '34567');
INSERT INTO DRUG (DRUG_ID, NAME, ISSUE_DATE, EXP_DATE, MFR_LIC) VALUES (129, 'ASA-Tabs', '2011-10-29', '2013-11-19', '34567');
INSERT INTO DRUG (DRUG_ID, NAME, ISSUE_DATE, EXP_DATE, MFR_LIC) VALUES (130, 'Reglin', '2011-12-27', '2013-07-13', '34567');
INSERT INTO DRUG (DRUG_ID, NAME, ISSUE_DATE, EXP_DATE, MFR_LIC) VALUES (131, 'Ultran', '2011-01-11', '2013-09-08', '34567');
INSERT INTO DRUG (DRUG_ID, NAME, ISSUE_DATE, EXP_DATE, MFR_LIC) VALUES (132, 'A-Fenac Plus', '2011-05-10', '2013-02-12', '34567');
INSERT INTO DRUG (DRUG_ID, NAME, ISSUE_DATE, EXP_DATE, MFR_LIC) VALUES (133, 'A Fa Duo Xin', '2011-08-09', '2013-06-11', '34567');
INSERT INTO DRUG (DRUG_ID, NAME, ISSUE_DATE, EXP_DATE, MFR_LIC) VALUES (134, 'MIO-AAS', '2011-12-20', '2013-06-21', '34567');
INSERT INTO DRUG (DRUG_ID, NAME, ISSUE_DATE, EXP_DATE, MFR_LIC) VALUES (135, ' Solanax', '2011-01-13', '2013-12-06', '34567');
INSERT INTO DRUG (DRUG_ID, NAME, ISSUE_DATE, EXP_DATE, MFR_LIC) VALUES (136, 'MGA plus Tylovet', '2011-08-01', '2013-06-24', '34567');
INSERT INTO DRUG (DRUG_ID, NAME, ISSUE_DATE, EXP_DATE, MFR_LIC) VALUES (137, 'MENSOTON', '2011-06-28', '2013-04-19', '34567');
INSERT INTO DRUG (DRUG_ID, NAME, ISSUE_DATE, EXP_DATE, MFR_LIC) VALUES (138, 'ASS + C-ratiopharm', '2011-03-10', '2013-07-21', '34567');
INSERT INTO DRUG (DRUG_ID, NAME, ISSUE_DATE, EXP_DATE, MFR_LIC) VALUES (139, 'A Kalcijs D3', '2011-01-16', '2013-12-27', '34567');
INSERT INTO DRUG (DRUG_ID, NAME, ISSUE_DATE, EXP_DATE, MFR_LIC) VALUES (140, 'ANGIPRESS-CD', '2011-02-25', '2013-01-15', '34567');
INSERT INTO DRUG (DRUG_ID, NAME, ISSUE_DATE, EXP_DATE, MFR_LIC) VALUES (141, 'APT-Paroxetine', '2011-08-31', '2013-02-15', '34567');
INSERT INTO DRUG (DRUG_ID, NAME, ISSUE_DATE, EXP_DATE, MFR_LIC) VALUES (142, 'MG400', '2011-11-11', '2013-03-04', '34567');
INSERT INTO DRUG (DRUG_ID, NAME, ISSUE_DATE, EXP_DATE, MFR_LIC) VALUES (143, 'Biseptol', '2011-01-06', '2013-12-30', '34567');
INSERT INTO DRUG (DRUG_ID, NAME, ISSUE_DATE, EXP_DATE, MFR_LIC) VALUES (144, ' Onax', '2011-03-25', '2013-07-19', '34567');
INSERT INTO DRUG (DRUG_ID, NAME, ISSUE_DATE, EXP_DATE, MFR_LIC) VALUES (145, 'MGA / Tylan', '2011-04-01', '2013-11-14', '34567');
INSERT INTO DRUG (DRUG_ID, NAME, ISSUE_DATE, EXP_DATE, MFR_LIC) VALUES (146, 'A- s D-Vitamin', '2011-12-31', '2013-10-03', '34567');
INSERT INTO DRUG (DRUG_ID, NAME, ISSUE_DATE, EXP_DATE, MFR_LIC) VALUES (147, ' Xanor', '2011-03-13', '2013-07-19', '34567');
INSERT INTO DRUG (DRUG_ID, NAME, ISSUE_DATE, EXP_DATE, MFR_LIC) VALUES (148, 'ASS + C - 1 A Pharma', '2011-09-30', '2013-08-29', '34567');
INSERT INTO DRUG (DRUG_ID, NAME, ISSUE_DATE, EXP_DATE, MFR_LIC) VALUES (149, 'Flanax', '2011-07-30', '2013-09-01', '34567');
INSERT INTO DRUG (DRUG_ID, NAME, ISSUE_DATE, EXP_DATE, MFR_LIC) VALUES (150, ' Neurol', '2011-10-28', '2013-07-30', '34567');
INSERT INTO DRUG (DRUG_ID, NAME, ISSUE_DATE, EXP_DATE, MFR_LIC) VALUES (151, 'A Lin Xin', '2011-09-26', '2013-11-05', '34567');
INSERT INTO DRUG (DRUG_ID, NAME, ISSUE_DATE, EXP_DATE, MFR_LIC) VALUES (152, 'MESNA-CELL', '2011-01-30', '2013-12-03', '34567');
INSERT INTO DRUG (DRUG_ID, NAME, ISSUE_DATE, EXP_DATE, MFR_LIC) VALUES (153, 'MP', '2011-05-21', '2013-07-08', '34567');
INSERT INTO DRUG (DRUG_ID, NAME, ISSUE_DATE, EXP_DATE, MFR_LIC) VALUES (154, 'A-rox', '2011-12-16', '2013-09-24', '04659');
INSERT INTO DRUG (DRUG_ID, NAME, ISSUE_DATE, EXP_DATE, MFR_LIC) VALUES (155, 'A-Cal D', '2011-09-14', '2013-08-21', '04659');
INSERT INTO DRUG (DRUG_ID, NAME, ISSUE_DATE, EXP_DATE, MFR_LIC) VALUES (156, 'ME-12', '2011-10-10', '2013-09-27', '04659');
INSERT INTO DRUG (DRUG_ID, NAME, ISSUE_DATE, EXP_DATE, MFR_LIC) VALUES (157, 'A-Ferin Hot', '2011-08-12', '2013-09-08', '04659');
INSERT INTO DRUG (DRUG_ID, NAME, ISSUE_DATE, EXP_DATE, MFR_LIC) VALUES (158, 'APTIVUS', '2011-04-01', '2013-08-22', '04659');
INSERT INTO DRUG (DRUG_ID, NAME, ISSUE_DATE, EXP_DATE, MFR_LIC) VALUES (159, 'MGA plus Rumensin plus Tylovet', '2011-11-02', '2013-09-15', '04659');
INSERT INTO DRUG (DRUG_ID, NAME, ISSUE_DATE, EXP_DATE, MFR_LIC) VALUES (160, 'MI Nuo Xi', '2011-08-08', '2013-03-19', '04659');
INSERT INTO DRUG (DRUG_ID, NAME, ISSUE_DATE, EXP_DATE, MFR_LIC) VALUES (161, 'A-CQ 100 Chloroquine', '2011-01-13', '2013-09-09', '04659');
INSERT INTO DRUG (DRUG_ID, NAME, ISSUE_DATE, EXP_DATE, MFR_LIC) VALUES (162, 'A Rui', '2011-02-16', '2013-09-19', '04659');
INSERT INTO DRUG (DRUG_ID, NAME, ISSUE_DATE, EXP_DATE, MFR_LIC) VALUES (163, 'MIG Junior 2%', '2011-12-10', '2013-06-28', '04659');
INSERT INTO DRUG (DRUG_ID, NAME, ISSUE_DATE, EXP_DATE, MFR_LIC) VALUES (164, 'APAP Przeziebienie', '2011-03-06', '2013-07-28', '04659');
INSERT INTO DRUG (DRUG_ID, NAME, ISSUE_DATE, EXP_DATE, MFR_LIC) VALUES (165, 'A 313', '2011-01-27', '2013-12-15', '03058');
INSERT INTO DRUG (DRUG_ID, NAME, ISSUE_DATE, EXP_DATE, MFR_LIC) VALUES (166, 'A-Calm', '2011-10-10', '2013-10-28', '03058');
INSERT INTO DRUG (DRUG_ID, NAME, ISSUE_DATE, EXP_DATE, MFR_LIC) VALUES (167, 'A-Viton', '2011-07-23', '2013-11-15', '03058');
INSERT INTO DRUG (DRUG_ID, NAME, ISSUE_DATE, EXP_DATE, MFR_LIC) VALUES (168, 'MON.FDG (18F)', '2011-05-28', '2013-12-29', '03058');
INSERT INTO DRUG (DRUG_ID, NAME, ISSUE_DATE, EXP_DATE, MFR_LIC) VALUES (169, 'M-long', '2011-08-29', '2013-03-04', '03058');
INSERT INTO DRUG (DRUG_ID, NAME, ISSUE_DATE, EXP_DATE, MFR_LIC) VALUES (170, 'MAXALT', '2011-08-30', '2013-04-01', '03058');

-- INTERN TABLE 
INSERT INTO INTERN (ESSN, DEGREE_TYPE)
VALUES('101780136','Bachelor in Chemistry'),
	  ('102649089', 'Bachelor in Biology'),
      ('103137738', 'Bachelor in Chemistry'),
      ('105301671', 'Associate in Chemistry'),
      ('106062877','Bachelor in Bio-Chemistry'),
      ('106995809','Associate in Nursing'),
      ('111594221', 'Associate in Biology'),
      ('112867238', 'Bachelor in Health Care'),
      ('127073753','Bachelor in Biology');
      
-- LIQUID TABLE 
INSERT INTO LIQUID (DRUG_ID, VOLUME) VALUES ('60', '227.2');
INSERT INTO LIQUID (DRUG_ID, VOLUME) VALUES ('61', '107.2');
INSERT INTO LIQUID (DRUG_ID, VOLUME) VALUES ('62', '203.3');
INSERT INTO LIQUID (DRUG_ID, VOLUME) VALUES ('63', '190.7');
INSERT INTO LIQUID (DRUG_ID, VOLUME) VALUES ('64', '222.2');
INSERT INTO LIQUID (DRUG_ID, VOLUME) VALUES ('65', '192.7');
INSERT INTO LIQUID (DRUG_ID, VOLUME) VALUES ('66', '171.4');
INSERT INTO LIQUID (DRUG_ID, VOLUME) VALUES ('67', '117.8');
INSERT INTO LIQUID (DRUG_ID, VOLUME) VALUES ('68', '247.5');
INSERT INTO LIQUID (DRUG_ID, VOLUME) VALUES ('69', '138.1');
INSERT INTO LIQUID (DRUG_ID, VOLUME) VALUES ('70', '140.4');
INSERT INTO LIQUID (DRUG_ID, VOLUME) VALUES ('71', '120.0');
INSERT INTO LIQUID (DRUG_ID, VOLUME) VALUES ('72', '236.6');
INSERT INTO LIQUID (DRUG_ID, VOLUME) VALUES ('73', '192.4');
INSERT INTO LIQUID (DRUG_ID, VOLUME) VALUES ('74', '246.8');
INSERT INTO LIQUID (DRUG_ID, VOLUME) VALUES ('75', '218.5');
INSERT INTO LIQUID (DRUG_ID, VOLUME) VALUES ('76', '106.2');
INSERT INTO LIQUID (DRUG_ID, VOLUME) VALUES ('77', '238.2');
INSERT INTO LIQUID (DRUG_ID, VOLUME) VALUES ('78', '245.6');
INSERT INTO LIQUID (DRUG_ID, VOLUME) VALUES ('79', '224.1');
INSERT INTO LIQUID (DRUG_ID, VOLUME) VALUES ('80', '153.9');
INSERT INTO LIQUID (DRUG_ID, VOLUME) VALUES ('81', '172.6');
INSERT INTO LIQUID (DRUG_ID, VOLUME) VALUES ('82', '248.6');
INSERT INTO LIQUID (DRUG_ID, VOLUME) VALUES ('83', '211.9');
INSERT INTO LIQUID (DRUG_ID, VOLUME) VALUES ('84', '152.5');
INSERT INTO LIQUID (DRUG_ID, VOLUME) VALUES ('85', '117.8');
INSERT INTO LIQUID (DRUG_ID, VOLUME) VALUES ('86', '235.0');
INSERT INTO LIQUID (DRUG_ID, VOLUME) VALUES ('87', '236.6');
INSERT INTO LIQUID (DRUG_ID, VOLUME) VALUES ('88', '122.4');
INSERT INTO LIQUID (DRUG_ID, VOLUME) VALUES ('89', '231.6');

-- MANAGES TABLE 
INSERT INTO MANAGES (ESSN, BRANCH_ID, START_DATE) VALUES ('102006116', '30004', '1966-10-23');
INSERT INTO MANAGES (ESSN, BRANCH_ID, START_DATE) VALUES ('106995809', '30010', '1997-09-01');
INSERT INTO MANAGES (ESSN, BRANCH_ID, START_DATE) VALUES ('109524124', '30005', '1986-04-25');
INSERT INTO MANAGES (ESSN, BRANCH_ID, START_DATE) VALUES ('120138112', '30002', '1997-12-08');
INSERT INTO MANAGES (ESSN, BRANCH_ID, START_DATE) VALUES ('131105448', '30001', '1969-08-30');
INSERT INTO MANAGES (ESSN, BRANCH_ID, START_DATE) VALUES ('125770121', '30012', '2013-04-19');
INSERT INTO MANAGES (ESSN, BRANCH_ID, START_DATE) VALUES ('148808631', '30003', '1971-05-31');
INSERT INTO MANAGES (ESSN, BRANCH_ID, START_DATE) VALUES ('189592860', '30006', '1994-06-10');
INSERT INTO MANAGES (ESSN, BRANCH_ID, START_DATE) VALUES ('186368841', '30009', '2002-07-24');
INSERT INTO MANAGES (ESSN, BRANCH_ID, START_DATE) VALUES ('171329603', '30008', '1976-10-10');
INSERT INTO MANAGES (ESSN, BRANCH_ID, START_DATE) VALUES ('153934340', '30011', '1998-09-22');
INSERT INTO MANAGES (ESSN, BRANCH_ID, START_DATE) VALUES ('144679234', '30010', '1971-02-07');

-- PRESCRIBES TABLE
INSERT INTO PRESCRIBES (PRESCRIPTION_ID, DOCTOR_ID, PATIENT_ID) VALUES (10001, 10010, 50000);
INSERT INTO PRESCRIBES (PRESCRIPTION_ID, DOCTOR_ID, PATIENT_ID) VALUES (10002, 10011, 50001);
INSERT INTO PRESCRIBES (PRESCRIPTION_ID, DOCTOR_ID, PATIENT_ID) VALUES (10003, 10012, 50002);
INSERT INTO PRESCRIBES (PRESCRIPTION_ID, DOCTOR_ID, PATIENT_ID) VALUES (10004, 10013, 50003);
INSERT INTO PRESCRIBES (PRESCRIPTION_ID, DOCTOR_ID, PATIENT_ID) VALUES (10005, 10014, 50004);
INSERT INTO PRESCRIBES (PRESCRIPTION_ID, DOCTOR_ID, PATIENT_ID) VALUES (10006, 10015, 50005);
INSERT INTO PRESCRIBES (PRESCRIPTION_ID, DOCTOR_ID, PATIENT_ID) VALUES (10007, 10016, 50006);
INSERT INTO PRESCRIBES (PRESCRIPTION_ID, DOCTOR_ID, PATIENT_ID) VALUES (10008, 10017, 50007);
INSERT INTO PRESCRIBES (PRESCRIPTION_ID, DOCTOR_ID, PATIENT_ID) VALUES (10009, 10018, 50008);
INSERT INTO PRESCRIBES (PRESCRIPTION_ID, DOCTOR_ID, PATIENT_ID) VALUES (10010, 10019, 50009);
INSERT INTO PRESCRIBES (PRESCRIPTION_ID, DOCTOR_ID, PATIENT_ID) VALUES (10011, 10020, 50010);
INSERT INTO PRESCRIBES (PRESCRIPTION_ID, DOCTOR_ID, PATIENT_ID) VALUES (10012, 10021, 50011);
INSERT INTO PRESCRIBES (PRESCRIPTION_ID, DOCTOR_ID, PATIENT_ID) VALUES (10013, 10022, 50012);
INSERT INTO PRESCRIBES (PRESCRIPTION_ID, DOCTOR_ID, PATIENT_ID) VALUES (10014, 10023, 50013);
INSERT INTO PRESCRIBES (PRESCRIPTION_ID, DOCTOR_ID, PATIENT_ID) VALUES (10015, 10024, 50014);
INSERT INTO PRESCRIBES (PRESCRIPTION_ID, DOCTOR_ID, PATIENT_ID) VALUES (10016, 10025, 50015);
INSERT INTO PRESCRIBES (PRESCRIPTION_ID, DOCTOR_ID, PATIENT_ID) VALUES (10017, 10026, 50016);
INSERT INTO PRESCRIBES (PRESCRIPTION_ID, DOCTOR_ID, PATIENT_ID) VALUES (10018, 10027, 50017);
INSERT INTO PRESCRIBES (PRESCRIPTION_ID, DOCTOR_ID, PATIENT_ID) VALUES (10019, 10028, 50018);
INSERT INTO PRESCRIBES (PRESCRIPTION_ID, DOCTOR_ID, PATIENT_ID) VALUES (10020, 10029, 50019);
INSERT INTO PRESCRIBES (PRESCRIPTION_ID, DOCTOR_ID, PATIENT_ID) VALUES (10021, 10030, 50020);
INSERT INTO PRESCRIBES (PRESCRIPTION_ID, DOCTOR_ID, PATIENT_ID) VALUES (10022, 10031, 50021);
INSERT INTO PRESCRIBES (PRESCRIPTION_ID, DOCTOR_ID, PATIENT_ID) VALUES (10023, 10032, 50022);
INSERT INTO PRESCRIBES (PRESCRIPTION_ID, DOCTOR_ID, PATIENT_ID) VALUES (10024, 10033, 50023);
INSERT INTO PRESCRIBES (PRESCRIPTION_ID, DOCTOR_ID, PATIENT_ID) VALUES (10025, 10034, 50024);


-- PURCHASES TABLE 
INSERT INTO PURCHASES (PURCHASE_ID, INSURANCE_ID, PATIENT_ID) VALUES (31000, '23709', '50055');
INSERT INTO PURCHASES (PURCHASE_ID, INSURANCE_ID, PATIENT_ID) VALUES (31001, '56877', '50063');
INSERT INTO PURCHASES (PURCHASE_ID, INSURANCE_ID, PATIENT_ID) VALUES (31002, '44578', '50045');
INSERT INTO PURCHASES (PURCHASE_ID, INSURANCE_ID, PATIENT_ID) VALUES (31003, '23709', '50080');
INSERT INTO PURCHASES (PURCHASE_ID, INSURANCE_ID, PATIENT_ID) VALUES (31004, '83522', '50024');
INSERT INTO PURCHASES (PURCHASE_ID, INSURANCE_ID, PATIENT_ID) VALUES (31005, '55297', '50099');
INSERT INTO PURCHASES (PURCHASE_ID, INSURANCE_ID, PATIENT_ID) VALUES (31006, '70782', '50075');
INSERT INTO PURCHASES (PURCHASE_ID, INSURANCE_ID, PATIENT_ID) VALUES (31007, '39746', '50026');
INSERT INTO PURCHASES (PURCHASE_ID, INSURANCE_ID, PATIENT_ID) VALUES (31008, '23709', '50036');
INSERT INTO PURCHASES (PURCHASE_ID, INSURANCE_ID, PATIENT_ID) VALUES (31009, '20703', '50112');
INSERT INTO PURCHASES (PURCHASE_ID, INSURANCE_ID, PATIENT_ID) VALUES (31010, '20703', '50093');
INSERT INTO PURCHASES (PURCHASE_ID, INSURANCE_ID, PATIENT_ID) VALUES (31011, '17971', '50117');
INSERT INTO PURCHASES (PURCHASE_ID, INSURANCE_ID, PATIENT_ID) VALUES (31012, '23419', '50058');
INSERT INTO PURCHASES (PURCHASE_ID, INSURANCE_ID, PATIENT_ID) VALUES (31013, '23419', '50090');
INSERT INTO PURCHASES (PURCHASE_ID, INSURANCE_ID, PATIENT_ID) VALUES (31014, '55297', '50101');
INSERT INTO PURCHASES (PURCHASE_ID, INSURANCE_ID, PATIENT_ID) VALUES (31015, '83522', '50019');
INSERT INTO PURCHASES (PURCHASE_ID, INSURANCE_ID, PATIENT_ID) VALUES (31016, '17971', '50109');
INSERT INTO PURCHASES (PURCHASE_ID, INSURANCE_ID, PATIENT_ID) VALUES (31017, '44578', '50007');
INSERT INTO PURCHASES (PURCHASE_ID, INSURANCE_ID, PATIENT_ID) VALUES (31018, '56877', '50062');
INSERT INTO PURCHASES (PURCHASE_ID, INSURANCE_ID, PATIENT_ID) VALUES (31019, '27595', '50124');
INSERT INTO PURCHASES (PURCHASE_ID, INSURANCE_ID, PATIENT_ID) VALUES (31020, '89967', '50035');
INSERT INTO PURCHASES (PURCHASE_ID, INSURANCE_ID, PATIENT_ID) VALUES (31021, '27595', '50094');
INSERT INTO PURCHASES (PURCHASE_ID, INSURANCE_ID, PATIENT_ID) VALUES (31022, '56877', '50132');
INSERT INTO PURCHASES (PURCHASE_ID, INSURANCE_ID, PATIENT_ID) VALUES (31023, '17971', '50049');
INSERT INTO PURCHASES (PURCHASE_ID, INSURANCE_ID, PATIENT_ID) VALUES (31024, '70782', '50039');
INSERT INTO PURCHASES (PURCHASE_ID, INSURANCE_ID, PATIENT_ID) VALUES (31025, '24360', '50037');
INSERT INTO PURCHASES (PURCHASE_ID, INSURANCE_ID, PATIENT_ID) VALUES (31026, '27595', '50079');
INSERT INTO PURCHASES (PURCHASE_ID, INSURANCE_ID, PATIENT_ID) VALUES (31027, '70782', '50127');
INSERT INTO PURCHASES (PURCHASE_ID, INSURANCE_ID, PATIENT_ID) VALUES (31028, '27595', '50034');
INSERT INTO PURCHASES (PURCHASE_ID, INSURANCE_ID, PATIENT_ID) VALUES (31029, '27595', '50005');
INSERT INTO PURCHASES (PURCHASE_ID, INSURANCE_ID, PATIENT_ID) VALUES (31030, '39746', '50118');
INSERT INTO PURCHASES (PURCHASE_ID, INSURANCE_ID, PATIENT_ID) VALUES (31031, '17971', '50033');
INSERT INTO PURCHASES (PURCHASE_ID, INSURANCE_ID, PATIENT_ID) VALUES (31032, '80679', '50128');
INSERT INTO PURCHASES (PURCHASE_ID, INSURANCE_ID, PATIENT_ID) VALUES (31033, '23419', '50062');
INSERT INTO PURCHASES (PURCHASE_ID, INSURANCE_ID, PATIENT_ID) VALUES (31034, '23496', '50050');
INSERT INTO PURCHASES (PURCHASE_ID, INSURANCE_ID, PATIENT_ID) VALUES (31035, '27595', '50040');
INSERT INTO PURCHASES (PURCHASE_ID, INSURANCE_ID, PATIENT_ID) VALUES (31036, '70782', '50033');
INSERT INTO PURCHASES (PURCHASE_ID, INSURANCE_ID, PATIENT_ID) VALUES (31037, '31232', '50091');
INSERT INTO PURCHASES (PURCHASE_ID, INSURANCE_ID, PATIENT_ID) VALUES (31038, '83522', '50028');
INSERT INTO PURCHASES (PURCHASE_ID, INSURANCE_ID, PATIENT_ID) VALUES (31039, '31232', '50046');
INSERT INTO PURCHASES (PURCHASE_ID, INSURANCE_ID, PATIENT_ID) VALUES (31040, '62726', '50079');
INSERT INTO PURCHASES (PURCHASE_ID, INSURANCE_ID, PATIENT_ID) VALUES (31041, '24360', '50100');
INSERT INTO PURCHASES (PURCHASE_ID, INSURANCE_ID, PATIENT_ID) VALUES (31042, '89967', '50003');
INSERT INTO PURCHASES (PURCHASE_ID, INSURANCE_ID, PATIENT_ID) VALUES (31043, '89967', '50059');
INSERT INTO PURCHASES (PURCHASE_ID, INSURANCE_ID, PATIENT_ID) VALUES (31044, '55297', '50122');
INSERT INTO PURCHASES (PURCHASE_ID, INSURANCE_ID, PATIENT_ID) VALUES (31045, '70782', '50021');
INSERT INTO PURCHASES (PURCHASE_ID, INSURANCE_ID, PATIENT_ID) VALUES (31046, '80679', '50084');
INSERT INTO PURCHASES (PURCHASE_ID, INSURANCE_ID, PATIENT_ID) VALUES (31047, '44578', '50116');
INSERT INTO PURCHASES (PURCHASE_ID, INSURANCE_ID, PATIENT_ID) VALUES (31048, '24360', '50122');
INSERT INTO PURCHASES (PURCHASE_ID, INSURANCE_ID, PATIENT_ID) VALUES (31049, '80679', '50116');
INSERT INTO PURCHASES (PURCHASE_ID, INSURANCE_ID, PATIENT_ID) VALUES (31050, '70782', '50133');
INSERT INTO PURCHASES (PURCHASE_ID, INSURANCE_ID, PATIENT_ID) VALUES (31051, '80679', '50012');
INSERT INTO PURCHASES (PURCHASE_ID, INSURANCE_ID, PATIENT_ID) VALUES (31052, '23419', '50104');
INSERT INTO PURCHASES (PURCHASE_ID, INSURANCE_ID, PATIENT_ID) VALUES (31053, '24360', '50036');
INSERT INTO PURCHASES (PURCHASE_ID, INSURANCE_ID, PATIENT_ID) VALUES (31054, '83522', '50128');
INSERT INTO PURCHASES (PURCHASE_ID, INSURANCE_ID, PATIENT_ID) VALUES (31055, '17971', '50129');
INSERT INTO PURCHASES (PURCHASE_ID, INSURANCE_ID, PATIENT_ID) VALUES (31056, '89967', '50034');
INSERT INTO PURCHASES (PURCHASE_ID, INSURANCE_ID, PATIENT_ID) VALUES (31057, '28972', '50103');
INSERT INTO PURCHASES (PURCHASE_ID, INSURANCE_ID, PATIENT_ID) VALUES (31058, '23709', '50018');
INSERT INTO PURCHASES (PURCHASE_ID, INSURANCE_ID, PATIENT_ID) VALUES (31059, '44578', '50087');
INSERT INTO PURCHASES (PURCHASE_ID, INSURANCE_ID, PATIENT_ID) VALUES (31060, '23496', '50073');
INSERT INTO PURCHASES (PURCHASE_ID, INSURANCE_ID, PATIENT_ID) VALUES (31061, '70782', '50068');
INSERT INTO PURCHASES (PURCHASE_ID, INSURANCE_ID, PATIENT_ID) VALUES (31062, '39746', '50079');
INSERT INTO PURCHASES (PURCHASE_ID, INSURANCE_ID, PATIENT_ID) VALUES (31063, '27595', '50130');
INSERT INTO PURCHASES (PURCHASE_ID, INSURANCE_ID, PATIENT_ID) VALUES (31064, '24360', '50006');
INSERT INTO PURCHASES (PURCHASE_ID, INSURANCE_ID, PATIENT_ID) VALUES (31065, '89967', '50097');
INSERT INTO PURCHASES (PURCHASE_ID, INSURANCE_ID, PATIENT_ID) VALUES (31066, '31232', '50108');
INSERT INTO PURCHASES (PURCHASE_ID, INSURANCE_ID, PATIENT_ID) VALUES (31067, '39746', '50091');
INSERT INTO PURCHASES (PURCHASE_ID, INSURANCE_ID, PATIENT_ID) VALUES (31068, '44578', '50021');
INSERT INTO PURCHASES (PURCHASE_ID, INSURANCE_ID, PATIENT_ID) VALUES (31069, '39746', '50028');


-- SHOT TABLE
INSERT INTO SHOT (DRUG_ID, TARGET_DISEASE) VALUES (30, 'Rabies');
INSERT INTO SHOT (DRUG_ID, TARGET_DISEASE) VALUES (31, 'Pertussis (Whooping Cough)');
INSERT INTO SHOT (DRUG_ID, TARGET_DISEASE) VALUES (32, 'Rubella');
INSERT INTO SHOT (DRUG_ID, TARGET_DISEASE) VALUES (33, 'Typhoid');
INSERT INTO SHOT (DRUG_ID, TARGET_DISEASE) VALUES (34, 'Tetanus');
INSERT INTO SHOT (DRUG_ID, TARGET_DISEASE) VALUES (35, 'Tuberculosis');
INSERT INTO SHOT (DRUG_ID, TARGET_DISEASE) VALUES (36, 'Measles');
INSERT INTO SHOT (DRUG_ID, TARGET_DISEASE) VALUES (37, 'Hepatitis A');
INSERT INTO SHOT (DRUG_ID, TARGET_DISEASE) VALUES (38, 'Japanese encephalitis');
INSERT INTO SHOT (DRUG_ID, TARGET_DISEASE) VALUES (40, 'Bat Lyssavirus');
INSERT INTO SHOT (DRUG_ID, TARGET_DISEASE) VALUES (41, 'Haemophilus influenzae type b infections');
INSERT INTO SHOT (DRUG_ID, TARGET_DISEASE) VALUES (43, 'Poliomyelitis (Polio)');
INSERT INTO SHOT (DRUG_ID, TARGET_DISEASE) VALUES (45, 'Yellow fever');
INSERT INTO SHOT (DRUG_ID, TARGET_DISEASE) VALUES (48, 'Menangite');
INSERT INTO SHOT (DRUG_ID, TARGET_DISEASE) VALUES (52, 'Meningococcal Disease');

-- SUPPLIES TABLE
INSERT INTO SUPPLIES (BRANCH_ID, ORDER_ID, MFR_LIC) VALUES (30003, 45356, 01213);
INSERT INTO SUPPLIES (BRANCH_ID, ORDER_ID, MFR_LIC) VALUES (30009, 45357, 01213);
INSERT INTO SUPPLIES (BRANCH_ID, ORDER_ID, MFR_LIC) VALUES (30002, 45358, 01213);
INSERT INTO SUPPLIES (BRANCH_ID, ORDER_ID, MFR_LIC) VALUES (30005, 45359, 01213);
INSERT INTO SUPPLIES (BRANCH_ID, ORDER_ID, MFR_LIC) VALUES (30009, 45360, 01213);
INSERT INTO SUPPLIES (BRANCH_ID, ORDER_ID, MFR_LIC) VALUES (30010, 45361, 23432);
INSERT INTO SUPPLIES (BRANCH_ID, ORDER_ID, MFR_LIC) VALUES (30010, 45362, 23432);
INSERT INTO SUPPLIES (BRANCH_ID, ORDER_ID, MFR_LIC) VALUES (30006, 45363, 23432);
INSERT INTO SUPPLIES (BRANCH_ID, ORDER_ID, MFR_LIC) VALUES (30008, 45364, 23432);
INSERT INTO SUPPLIES (BRANCH_ID, ORDER_ID, MFR_LIC) VALUES (30006, 45365, 23432);
INSERT INTO SUPPLIES (BRANCH_ID, ORDER_ID, MFR_LIC) VALUES (30006, 45366, 05321);
INSERT INTO SUPPLIES (BRANCH_ID, ORDER_ID, MFR_LIC) VALUES (30005, 45367, 05321);
INSERT INTO SUPPLIES (BRANCH_ID, ORDER_ID, MFR_LIC) VALUES (30009, 45368, 05321);
INSERT INTO SUPPLIES (BRANCH_ID, ORDER_ID, MFR_LIC) VALUES (30002, 45369, 05321);
INSERT INTO SUPPLIES (BRANCH_ID, ORDER_ID, MFR_LIC) VALUES (30006, 45370, 05321);
INSERT INTO SUPPLIES (BRANCH_ID, ORDER_ID, MFR_LIC) VALUES (30002, 45371, 34567);
INSERT INTO SUPPLIES (BRANCH_ID, ORDER_ID, MFR_LIC) VALUES (30010, 45372, 34567);
INSERT INTO SUPPLIES (BRANCH_ID, ORDER_ID, MFR_LIC) VALUES (30007, 45373, 34567);
INSERT INTO SUPPLIES (BRANCH_ID, ORDER_ID, MFR_LIC) VALUES (30012, 45374, 34567);
INSERT INTO SUPPLIES (BRANCH_ID, ORDER_ID, MFR_LIC) VALUES (30006, 45375, 34567);
INSERT INTO SUPPLIES (BRANCH_ID, ORDER_ID, MFR_LIC) VALUES (30002, 45376, 34567);
INSERT INTO SUPPLIES (BRANCH_ID, ORDER_ID, MFR_LIC) VALUES (30012, 45377, 34567);
INSERT INTO SUPPLIES (BRANCH_ID, ORDER_ID, MFR_LIC) VALUES (30012, 45378, 34567);
INSERT INTO SUPPLIES (BRANCH_ID, ORDER_ID, MFR_LIC) VALUES (30008, 45379, 34567);
INSERT INTO SUPPLIES (BRANCH_ID, ORDER_ID, MFR_LIC) VALUES (30011, 45380, 34567);
INSERT INTO SUPPLIES (BRANCH_ID, ORDER_ID, MFR_LIC) VALUES (30005, 45381, 34567);
INSERT INTO SUPPLIES (BRANCH_ID, ORDER_ID, MFR_LIC) VALUES (30011, 45382, 23432);
INSERT INTO SUPPLIES (BRANCH_ID, ORDER_ID, MFR_LIC) VALUES (30006, 45383, 23432);
INSERT INTO SUPPLIES (BRANCH_ID, ORDER_ID, MFR_LIC) VALUES (30004, 45384, 23432);
INSERT INTO SUPPLIES (BRANCH_ID, ORDER_ID, MFR_LIC) VALUES (30009, 45385, 23432);
INSERT INTO SUPPLIES (BRANCH_ID, ORDER_ID, MFR_LIC) VALUES (30009, 45386, 23432);
INSERT INTO SUPPLIES (BRANCH_ID, ORDER_ID, MFR_LIC) VALUES (30002, 45387, 02059);
INSERT INTO SUPPLIES (BRANCH_ID, ORDER_ID, MFR_LIC) VALUES (30002, 45388, 02059);
INSERT INTO SUPPLIES (BRANCH_ID, ORDER_ID, MFR_LIC) VALUES (30003, 45389, 02059);
INSERT INTO SUPPLIES (BRANCH_ID, ORDER_ID, MFR_LIC) VALUES (30005, 45390, 02059);
INSERT INTO SUPPLIES (BRANCH_ID, ORDER_ID, MFR_LIC) VALUES (30007, 45391, 02059);
INSERT INTO SUPPLIES (BRANCH_ID, ORDER_ID, MFR_LIC) VALUES (30006, 45392, 02059);
INSERT INTO SUPPLIES (BRANCH_ID, ORDER_ID, MFR_LIC) VALUES (30011, 45393, 02059);
INSERT INTO SUPPLIES (BRANCH_ID, ORDER_ID, MFR_LIC) VALUES (30006, 45394, 02059);
INSERT INTO SUPPLIES (BRANCH_ID, ORDER_ID, MFR_LIC) VALUES (30003, 45395, 02059);
INSERT INTO SUPPLIES (BRANCH_ID, ORDER_ID, MFR_LIC) VALUES (30011, 45396, 34567);
INSERT INTO SUPPLIES (BRANCH_ID, ORDER_ID, MFR_LIC) VALUES (30002, 45397, 34567);
INSERT INTO SUPPLIES (BRANCH_ID, ORDER_ID, MFR_LIC) VALUES (30011, 45398, 34567);
INSERT INTO SUPPLIES (BRANCH_ID, ORDER_ID, MFR_LIC) VALUES (30007, 45399, 34567);
INSERT INTO SUPPLIES (BRANCH_ID, ORDER_ID, MFR_LIC) VALUES (30002, 45400, 34567);
INSERT INTO SUPPLIES (BRANCH_ID, ORDER_ID, MFR_LIC) VALUES (30009, 45401, 02059);
INSERT INTO SUPPLIES (BRANCH_ID, ORDER_ID, MFR_LIC) VALUES (30010, 45402, 02059);
INSERT INTO SUPPLIES (BRANCH_ID, ORDER_ID, MFR_LIC) VALUES (30003, 45403, 02059);
INSERT INTO SUPPLIES (BRANCH_ID, ORDER_ID, MFR_LIC) VALUES (30006, 45404, 02059);
INSERT INTO SUPPLIES (BRANCH_ID, ORDER_ID, MFR_LIC) VALUES (30007, 45405, 02059);

-- VERIFIES TABLES
INSERT INTO VERIFIES (VERIFICATION_ID, DOCTOR_ID, COMPANY_ID) VALUES (21000, '10000', '13241');
INSERT INTO VERIFIES (VERIFICATION_ID, DOCTOR_ID, COMPANY_ID) VALUES (21001, '10002', '13241');
INSERT INTO VERIFIES (VERIFICATION_ID, DOCTOR_ID, COMPANY_ID) VALUES (21002, '10003', '12761');
INSERT INTO VERIFIES (VERIFICATION_ID, DOCTOR_ID, COMPANY_ID) VALUES (21003, '10004', '22289');
INSERT INTO VERIFIES (VERIFICATION_ID, DOCTOR_ID, COMPANY_ID) VALUES (21004, '10005', '23023');
INSERT INTO VERIFIES (VERIFICATION_ID, DOCTOR_ID, COMPANY_ID) VALUES (21005, '10006', '88873');
INSERT INTO VERIFIES (VERIFICATION_ID, DOCTOR_ID, COMPANY_ID) VALUES (21006, '10007', '12761');
INSERT INTO VERIFIES (VERIFICATION_ID, DOCTOR_ID, COMPANY_ID) VALUES (21007, '10008', '12761');
INSERT INTO VERIFIES (VERIFICATION_ID, DOCTOR_ID, COMPANY_ID) VALUES (21008, '10009', '88873');
INSERT INTO VERIFIES (VERIFICATION_ID, DOCTOR_ID, COMPANY_ID) VALUES (21009, '10010', '12761');
INSERT INTO VERIFIES (VERIFICATION_ID, DOCTOR_ID, COMPANY_ID) VALUES (21010, '10011', '22289');
INSERT INTO VERIFIES (VERIFICATION_ID, DOCTOR_ID, COMPANY_ID) VALUES (21011, '10012', '23023');
INSERT INTO VERIFIES (VERIFICATION_ID, DOCTOR_ID, COMPANY_ID) VALUES (21012, '10013', '23023');
INSERT INTO VERIFIES (VERIFICATION_ID, DOCTOR_ID, COMPANY_ID) VALUES (21013, '10014', '22289');
INSERT INTO VERIFIES (VERIFICATION_ID, DOCTOR_ID, COMPANY_ID) VALUES (21014, '10015', '23023');
INSERT INTO VERIFIES (VERIFICATION_ID, DOCTOR_ID, COMPANY_ID) VALUES (21015, '10016', '23023');
INSERT INTO VERIFIES (VERIFICATION_ID, DOCTOR_ID, COMPANY_ID) VALUES (21016, '10017', '88873');
INSERT INTO VERIFIES (VERIFICATION_ID, DOCTOR_ID, COMPANY_ID) VALUES (21017, '10018', '12761');
INSERT INTO VERIFIES (VERIFICATION_ID, DOCTOR_ID, COMPANY_ID) VALUES (21018, '10019', '88873');
INSERT INTO VERIFIES (VERIFICATION_ID, DOCTOR_ID, COMPANY_ID) VALUES (21019, '10020', '12761');
